ISO-10303-21;
HEADER;
FILE_DESCRIPTION (( 'STEP AP203' ),
    '1' );
FILE_NAME ('99512A219_Rounded Head Thread-Forming Screws.STEP',
    '2025-01-29T21:52:34',
    ( 'Administrator' ),
    ( 'Managed by Terraform' ),
    'SwSTEP 2.0',
    'SolidWorks 2017',
    '' );
FILE_SCHEMA (( 'CONFIG_CONTROL_DESIGN' ));
ENDSEC;

DATA;
#1 = CARTESIAN_POINT ( 'NONE',  ( -0.1368750000000000200, 0.03787500000000002700, 0.01568833867488099400 ) ) ;
#2 = CARTESIAN_POINT ( 'NONE',  ( -0.05202088317374870000, 0.04277996026178614000, 0.04277996026178614000 ) ) ;
#3 = DIRECTION ( 'NONE',  ( 1.000000000000000000, 8.503269937333648200E-017, 0.0000000000000000000 ) ) ;
#4 = CARTESIAN_POINT ( 'NONE',  ( 0.1542291168262513200, 1.581037205616416800E-017, 0.06050000000000001900 ) ) ;
#5 = CARTESIAN_POINT ( 'NONE',  ( 0.2573411537418955300, -0.04240683634739317300, 0.03216437532295975100 ) ) ;
#6 = ORIENTED_EDGE ( 'NONE', *, *, #4134, .T. ) ;
#7 = EDGE_CURVE ( 'NONE', #2466, #2637, #14, .T. ) ;
#8 = CARTESIAN_POINT ( 'NONE',  ( -0.001788906530405789200, 0.04019648675812097200, -0.01664992997496426600 ) ) ;
#9 = CARTESIAN_POINT ( 'NONE',  ( 0.1019138068495751700, -0.01664992997496422500, 0.04019648675812097900 ) ) ;
#10 = CARTESIAN_POINT ( 'NONE',  ( -0.08062499999999997400, 0.01568833867488098700, 0.03787500000000004800 ) ) ;
#11 = DIRECTION ( 'NONE',  ( -1.000000000000000000, -0.0000000000000000000, -0.0000000000000000000 ) ) ;
#12 = CARTESIAN_POINT ( 'NONE',  ( 0.2886608370069360700, -0.03866728974528328000, -0.03353035122921906700 ) ) ;
#13 = CARTESIAN_POINT ( 'NONE',  ( -0.2363958831737487400, -0.06050000000000003300, 0.02505992052357226500 ) ) ;
#14 =( BOUNDED_CURVE ( )  B_SPLINE_CURVE ( 2, ( #4117, #57, #3740, #2084, #1691, #2099, #2, #1659, #4527 ),
 .UNSPECIFIED., .F., .F. ) 
 B_SPLINE_CURVE_WITH_KNOTS ( ( 3, 2, 2, 2, 3 ),
 ( 0.4318181818181818200, 0.4431818181818181800, 0.4545454545454545300, 0.4659090909090908800, 0.4772727272727272900 ),
 .UNSPECIFIED. ) 
 CURVE ( )  GEOMETRIC_REPRESENTATION_ITEM ( )  RATIONAL_B_SPLINE_CURVE ( ( 1.000000000000000000, 0.9238795325112867400, 1.000000000000000000, 0.9238795325112867400, 1.000000000000000000, 0.9238795325112867400, 1.000000000000000000, 0.9238795325112867400, 1.000000000000000000 ) ) 
 REPRESENTATION_ITEM ( '' )  );
#15 = ADVANCED_FACE ( 'NONE', ( #3239 ), #613, .T. ) ;
#16 = CARTESIAN_POINT ( 'NONE',  ( 0.06152078349291806300, -0.02505992052357224700, 0.06050000000000000500 ) ) ;
#17 = FACE_OUTER_BOUND ( 'NONE', #4174, .T. ) ;
#18 = CARTESIAN_POINT ( 'NONE',  ( -0.2142889065304058000, -0.01664992997496428000, -0.04019648675812097900 ) ) ;
#19 = CARTESIAN_POINT ( 'NONE',  ( -0.08687499999999998000, 0.03787500000000004100, 0.01568833867488099400 ) ) ;
#20 = CARTESIAN_POINT ( 'NONE',  ( 0.1475000000000000800, 4.576095892952823400E-018, -0.03787500000000004100 ) ) ;
#21 = CARTESIAN_POINT ( 'NONE',  ( 0.2167291168262513400, -0.06050000000000000500, 7.409113134841489000E-018 ) ) ;
#22 = CYLINDRICAL_SURFACE ( 'NONE', #4003, 0.05349999999999999200 ) ;
#23 = CARTESIAN_POINT ( 'NONE',  ( -0.1392889065304058200, 0.01664992997496422800, 0.04019648675812098600 ) ) ;
#24 = ORIENTED_EDGE ( 'NONE', *, *, #2378, .T. ) ;
#25 = CARTESIAN_POINT ( 'NONE',  ( -0.1556249999999999600, -0.01568833867488103300, -0.03787500000000004100 ) ) ;
#26 = FACE_OUTER_BOUND ( 'NONE', #297, .T. ) ;
#27 = FACE_BOUND ( 'NONE', #271, .T. ) ;
#28 = VERTEX_POINT ( 'NONE', #1279 ) ;
#29 = CARTESIAN_POINT ( 'NONE',  ( -0.2900000000000009800, -0.006785991391932360600, -0.03742374912687985300 ) ) ;
#30 = CARTESIAN_POINT ( 'NONE',  ( 0.2874553266340770200, 0.04682531779643286200, 0.01474662063413613800 ) ) ;
#31 = CARTESIAN_POINT ( 'NONE',  ( -0.01058619315042483800, 0.04019648675812097900, 0.01664992997496423500 ) ) ;
#32 = VERTEX_POINT ( 'NONE', #3723 ) ;
#33 = CARTESIAN_POINT ( 'NONE',  ( 0.07691380684957516100, 0.01664992997496424900, -0.04019648675812097200 ) ) ;
#34 = CARTESIAN_POINT ( 'NONE',  ( 0.1333957834929180900, -7.793687837966472900E-019, -0.06050000000000001200 ) ) ;
#35 = CARTESIAN_POINT ( 'NONE',  ( -0.1005000996808306400, -0.03787500000000004800, 0.01568833867488099800 ) ) ;
#36 = FACE_OUTER_BOUND ( 'NONE', #4363, .T. ) ;
#37 = LINE ( 'NONE', #4076, #1644 ) ;
#38 = B_SPLINE_CURVE_WITH_KNOTS ( 'NONE', 3,
 ( #659, #4763, #2303, #1932, #3169, #4796, #3564, #2351, #1901, #726, #709, #1078, #2336, #3597, #1970, #1915 ),
 .UNSPECIFIED., .F., .F.,
 ( 4, 3, 3, 3, 3, 4 ),
 ( 2.174828397012913600E-007, 5.241970570175126800E-005, 0.0001046978584841809000, 0.0001590522546669579300, 0.0002189630888829142600, 0.0002296468795086134400 ),
 .UNSPECIFIED. ) ;
#39 = CARTESIAN_POINT ( 'NONE',  ( -0.1707708831737486900, -2.664348150985316900E-017, -0.06050000000000001900 ) ) ;
#40 = EDGE_CURVE ( 'NONE', #866, #1706, #5191, .T. ) ;
#41 = CARTESIAN_POINT ( 'NONE',  ( -0.04624999999999995100, 0.02678166933744050700, -0.02678166933744052400 ) ) ;
#42 = DIRECTION ( 'NONE',  ( 0.0000000000000000000, 0.0000000000000000000, 1.000000000000000000 ) ) ;
#43 = CARTESIAN_POINT ( 'NONE',  ( 0.1761041168262513500, -0.02505992052357228200, -0.06049999999999999800 ) ) ;
#44 = DIRECTION ( 'NONE',  ( -9.237637493568400600E-017, 1.000000000000000000, 0.0000000000000000000 ) ) ;
#45 = ADVANCED_FACE ( 'NONE', ( #5042 ), #803, .T. ) ;
#46 = CARTESIAN_POINT ( 'NONE',  ( -0.1330389065304058400, -0.01664992997496424600, 0.04019648675812098600 ) ) ;
#47 = CARTESIAN_POINT ( 'NONE',  ( -0.03999999999999998000, 0.03787500000000003400, 0.0000000000000000000 ) ) ;
#48 = CARTESIAN_POINT ( 'NONE',  ( 0.2899451667319841700, 0.04294462094461856700, 0.03175345563064307900 ) ) ;
#49 = DIRECTION ( 'NONE',  ( 0.0000000000000000000, 1.000000000000000000, 0.0000000000000000000 ) ) ;
#50 = CARTESIAN_POINT ( 'NONE',  ( 0.02008609346959423400, -0.02842320836654260700, 0.02842320836654261100 ) ) ;
#51 = CARTESIAN_POINT ( 'NONE',  ( -0.1543361931504248200, 0.01664992997496422100, 0.04019648675812097900 ) ) ;
#52 = CARTESIAN_POINT ( 'NONE',  ( -0.03535421650708191200, -0.04277996026178614000, 0.04277996026178614000 ) ) ;
#53 = CARTESIAN_POINT ( 'NONE',  ( -0.09737509968083060700, -0.03787500000000005400, 4.638349751770605400E-018 ) ) ;
#54 = CARTESIAN_POINT ( 'NONE',  ( -0.1986639065304058300, 0.04019648675812095800, 0.0000000000000000000 ) ) ;
#55 = CARTESIAN_POINT ( 'NONE',  ( -0.008749999999999940100, -0.02678166933744052400, -0.02678166933744051400 ) ) ;
#56 = ORIENTED_EDGE ( 'NONE', *, *, #1457, .F. ) ;
#57 = CARTESIAN_POINT ( 'NONE',  ( -0.06764588317374872800, 0.02505992052357227200, -0.06050000000000001200 ) ) ;
#58 = CARTESIAN_POINT ( 'NONE',  ( 0.2563032757403294100, 0.009711488326115215500, -0.05051601702299013400 ) ) ;
#59 = DIRECTION ( 'NONE',  ( 1.000000000000000000, 8.503269937333648200E-017, 0.0000000000000000000 ) ) ;
#60 = DIRECTION ( 'NONE',  ( 0.0000000000000000000, -0.0000000000000000000, 1.000000000000000000 ) ) ;
#61 = CARTESIAN_POINT ( 'NONE',  ( -0.07366390653040579000, -0.04019648675812099300, 4.922649884530183500E-018 ) ) ;
#62 = ORIENTED_EDGE ( 'NONE', *, *, #3864, .T. ) ;
#63 = CARTESIAN_POINT ( 'NONE',  ( -0.02124999999999994300, -0.02678166933744051800, 0.02678166933744051800 ) ) ;
#64 = AXIS2_PLACEMENT_3D ( 'NONE', #1204, #4816, #4013 ) ;
#65 = CARTESIAN_POINT ( 'NONE',  ( 0.2874553266340769100, 0.03618360698734930000, 0.03317860443492207800 ) ) ;
#66 = DIRECTION ( 'NONE',  ( 0.0000000000000000000, 1.000000000000000000, 0.0000000000000000000 ) ) ;
#67 = CARTESIAN_POINT ( 'NONE',  ( 0.2900000000000000400, 0.05885000000000007600, 0.0000000000000000000 ) ) ;
#68 = CARTESIAN_POINT ( 'NONE',  ( -0.2493749999999999900, 0.01568833867488098400, -0.03787500000000004100 ) ) ;
#69 = CARTESIAN_POINT ( 'NONE',  ( 0.07946109346959420700, -0.04019648675812099300, -0.01664992997496422800 ) ) ;
#70 = ORIENTED_EDGE ( 'NONE', *, *, #5147, .F. ) ;
#71 = ADVANCED_FACE ( 'NONE', ( #4200 ), #4716, .T. ) ;
#72 = CARTESIAN_POINT ( 'NONE',  ( -0.2762111931504248600, -3.187966081446432200E-017, -0.04019648675812097900 ) ) ;
#73 = CARTESIAN_POINT ( 'NONE',  ( 0.03027078349291808700, -0.02505992052357229300, -0.06049999999999999100 ) ) ;
#74 = CARTESIAN_POINT ( 'NONE',  ( -0.07862509968083060400, 0.02678166933744050000, -0.02678166933744052400 ) ) ;
#75 = B_SPLINE_CURVE_WITH_KNOTS ( 'NONE', 3,
 ( #1209, #374, #4055, #2034, #3274, #1619 ),
 .UNSPECIFIED., .F., .F.,
 ( 4, 2, 4 ),
 ( 2.275577806787290600E-007, 0.0001149862409236706100, 0.0002297449240666624500 ),
 .UNSPECIFIED. ) ;
#76 = CARTESIAN_POINT ( 'NONE',  ( -0.1767889065304058000, -0.04019648675812100700, 0.01664992997496424200 ) ) ;
#77 = ORIENTED_EDGE ( 'NONE', *, *, #725, .F. ) ;
#78 = CARTESIAN_POINT ( 'NONE',  ( -0.06187499999999997200, -0.03787500000000004800, -0.01568833867488098400 ) ) ;
#79 = CARTESIAN_POINT ( 'NONE',  ( 0.2354791168262513100, 0.04277996026178614700, -0.04277996026178614700 ) ) ;
#80 = DIRECTION ( 'NONE',  ( 1.000000000000000000, 8.503269937333647000E-017, -0.0000000000000000000 ) ) ;
#81 = EDGE_CURVE ( 'NONE', #2532, #646, #4734, .T. ) ;
#82 = CARTESIAN_POINT ( 'NONE',  ( 0.04508609346959423900, 0.02842320836654260700, -0.02842320836654261800 ) ) ;
#83 = CARTESIAN_POINT ( 'NONE',  ( -0.2118749999999999800, -0.03787500000000006100, -0.01568833867488098400 ) ) ;
#84 = ADVANCED_FACE ( 'NONE', ( #478 ), #4653, .T. ) ;
#85 = CARTESIAN_POINT ( 'NONE',  ( 0.2889361812137220500, 0.03932595872792482600, 0.03349872485656814300 ) ) ;
#86 = CARTESIAN_POINT ( 'NONE',  ( -0.2348750996808306200, -2.793829100605681100E-017, -0.03787500000000004100 ) ) ;
#87 = CARTESIAN_POINT ( 'NONE',  ( 0.1333957834929180900, -7.793687837966472900E-019, -0.06050000000000001900 ) ) ;
#88 = CARTESIAN_POINT ( 'NONE',  ( 0.1013360934695942300, 0.04019648675812098600, 0.0000000000000000000 ) ) ;
#89 = CARTESIAN_POINT ( 'NONE',  ( -0.1387111931504248500, -0.04019648675812098600, 4.922649884530182800E-018 ) ) ;
#90 = VECTOR ( 'NONE', #1299, 39.37007874015748100 ) ;
#91 = CARTESIAN_POINT ( 'NONE',  ( -0.04785421650708195100, 0.04277996026178613300, 0.04277996026178613300 ) ) ;
#92 = CARTESIAN_POINT ( 'NONE',  ( -0.2036250996808306200, -0.02678166933744053500, 0.02678166933744051800 ) ) ;
#93 = AXIS2_PLACEMENT_3D ( 'NONE', #4306, #1823, #3902 ) ;
#94 = ORIENTED_EDGE ( 'NONE', *, *, #1639, .T. ) ;
#95 = CIRCLE ( 'NONE', #2040, 0.05349999999999999900 ) ;
#96 = CARTESIAN_POINT ( 'NONE',  ( -0.2080389065304058000, 0.01664992997496423200, -0.04019648675812097900 ) ) ;
#97 = CARTESIAN_POINT ( 'NONE',  ( 0.1881250000000000700, -0.03787500000000004100, -0.01568833867488098400 ) ) ;
#98 = VERTEX_POINT ( 'NONE', #321 ) ;
#99 = CARTESIAN_POINT ( 'NONE',  ( 0.2100000000000000800, 4.618818746784199700E-017, 0.0000000000000000000 ) ) ;
#100 = ADVANCED_FACE ( 'NONE', ( #1504 ), #1067, .F. ) ;
#101 = CONICAL_SURFACE ( 'NONE', #2502, 0.05349999999999999200, 1.047197551196592700 ) ;
#102 = FACE_OUTER_BOUND ( 'NONE', #4002, .T. ) ;
#103 = ORIENTED_EDGE ( 'NONE', *, *, #2762, .F. ) ;
#104 = CARTESIAN_POINT ( 'NONE',  ( 0.02321109346959421300, -0.04019648675812098600, 0.01664992997496424200 ) ) ;
#105 = CARTESIAN_POINT ( 'NONE',  ( 0.02562500000000001600, -0.01568833867488098700, 0.03787500000000004800 ) ) ;
#106 = CARTESIAN_POINT ( 'NONE',  ( -0.2411250996808306500, -0.02678166933744054500, -0.02678166933744051400 ) ) ;
#107 = CARTESIAN_POINT ( 'NONE',  ( 0.08652078349291809900, 0.02505992052357247000, -0.06049999999999982500 ) ) ;
#108 = CARTESIAN_POINT ( 'NONE',  ( -0.2649999999999999600, -0.03787500000000006800, 4.638349751770605400E-018 ) ) ;
#109 = CARTESIAN_POINT ( 'NONE',  ( 0.1294610934695942200, -0.04019648675812098600, -0.01664992997496422800 ) ) ;
#110 = CARTESIAN_POINT ( 'NONE',  ( -0.3043361931504249300, 0.01664992997496421100, 0.04019648675812097900 ) ) ;
#111 = VERTEX_POINT ( 'NONE', #4435 ) ;
#112 = CARTESIAN_POINT ( 'NONE',  ( -0.2986639065304058100, 0.04019648675812095100, 0.0000000000000000000 ) ) ;
#113 = CARTESIAN_POINT ( 'NONE',  ( -0.0005000996808305956200, -0.03787500000000004800, 0.01568833867488099800 ) ) ;
#114 = B_SPLINE_CURVE_WITH_KNOTS ( 'NONE', 3,
 ( #3210, #1993, #1575, #4797, #1593, #319, #4436, #1553, #1987, #4878 ),
 .UNSPECIFIED., .F., .F.,
 ( 4, 2, 2, 2, 4 ),
 ( 5.969020185312079900E-005, 0.0004988988382786134100, 0.0009381074747041059800, 0.001377316111129598800, 0.001816524747555091300 ),
 .UNSPECIFIED. ) ;
#115 = CARTESIAN_POINT ( 'NONE',  ( -0.1049139065304058000, 0.02842320836654259300, -0.02842320836654261800 ) ) ;
#116 = ADVANCED_FACE ( 'NONE', ( #3505 ), #2599, .F. ) ;
#117 = EDGE_CURVE ( 'NONE', #426, #698, #1376, .T. ) ;
#118 = CARTESIAN_POINT ( 'NONE',  ( 0.1037500000000000200, 0.02678166933744051800, -0.02678166933744052400 ) ) ;
#119 =( BOUNDED_CURVE ( )  B_SPLINE_CURVE ( 2, ( #3130, #3992, #3538, #3945, #1493, #1093, #5228, #2781, #2305 ),
 .UNSPECIFIED., .F., .T. ) 
 B_SPLINE_CURVE_WITH_KNOTS ( ( 3, 2, 2, 2, 3 ),
 ( 0.8409090909090909400, 0.8522727272727272900, 0.8636363636363636500, 0.8750000000000000000, 0.8863636363636363500 ),
 .UNSPECIFIED. ) 
 CURVE ( )  GEOMETRIC_REPRESENTATION_ITEM ( )  RATIONAL_B_SPLINE_CURVE ( ( 1.000000000000000000, 0.9238795325112867400, 1.000000000000000000, 0.9238795325112867400, 1.000000000000000000, 0.9238795325112867400, 1.000000000000000000, 0.9238795325112867400, 1.000000000000000000 ) ) 
 REPRESENTATION_ITEM ( '' )  );
#120 = DIRECTION ( 'NONE',  ( 0.0000000000000000000, 1.000000000000000000, 0.0000000000000000000 ) ) ;
#121 = CARTESIAN_POINT ( 'NONE',  ( 0.1982110934695942000, 0.04019648675812098600, -0.01664992997496426600 ) ) ;
#122 = CARTESIAN_POINT ( 'NONE',  ( 0.07562500000000003900, -0.01568833867488098400, 0.03787500000000004800 ) ) ;
#123 = CARTESIAN_POINT ( 'NONE',  ( -0.1786250996808306200, 0.02678166933744049300, -0.02678166933744052400 ) ) ;
#124 = CARTESIAN_POINT ( 'NONE',  ( 0.1594297955865142700, -0.03975185790292661700, 0.005905020190654721600 ) ) ;
#125 = CARTESIAN_POINT ( 'NONE',  ( 0.01696109346959418000, -0.01664992997496423500, 0.04019648675812098600 ) ) ;
#126 = CARTESIAN_POINT ( 'NONE',  ( -0.2668361931504248400, 0.04019648675812093800, -0.01664992997496426300 ) ) ;
#127 = CARTESIAN_POINT ( 'NONE',  ( -0.3330389065304058000, -0.01664992997496426600, 0.04019648675812098600 ) ) ;
#128 = CARTESIAN_POINT ( 'NONE',  ( 0.1619999003191694400, -0.01568833867488100500, -0.03787500000000004100 ) ) ;
#129 = ORIENTED_EDGE ( 'NONE', *, *, #1178, .F. ) ;
#130 = CARTESIAN_POINT ( 'NONE',  ( -0.1517889065304058000, 0.04019648675812095800, -0.01664992997496427000 ) ) ;
#131 = CARTESIAN_POINT ( 'NONE',  ( 0.1631250000000000500, 0.03787500000000004800, 0.01568833867488099400 ) ) ;
#132 = DIRECTION ( 'NONE',  ( 0.0000000000000000000, 0.0000000000000000000, 1.000000000000000000 ) ) ;
#133 = VERTEX_POINT ( 'NONE', #1158 ) ;
#134 = CARTESIAN_POINT ( 'NONE',  ( 0.09196109346959420400, 0.01664992997496425600, -0.04019648675812097900 ) ) ;
#135 = CARTESIAN_POINT ( 'NONE',  ( 0.03812500000000002000, -0.03787500000000004800, -0.01568833867488098400 ) ) ;
#136 = ORIENTED_EDGE ( 'NONE', *, *, #910, .T. ) ;
#137 = CARTESIAN_POINT ( 'NONE',  ( 0.2900000000000000400, 0.0000000000000000000, 0.0000000000000000000 ) ) ;
#138 = CARTESIAN_POINT ( 'NONE',  ( -0.1473750996808306200, -0.03787500000000005400, 4.638349751770605400E-018 ) ) ;
#139 = CARTESIAN_POINT ( 'NONE',  ( -0.07702088317374870800, -0.04277996026178615400, -0.04277996026178614000 ) ) ;
#140 = CARTESIAN_POINT ( 'NONE',  ( 0.2551519880227247600, 0.01055870185944510000, 0.04829231366736928100 ) ) ;
#141 = CARTESIAN_POINT ( 'NONE',  ( -0.03246119315042482500, -0.02842320836654261100, -0.02842320836654260400 ) ) ;
#142 = CARTESIAN_POINT ( 'NONE',  ( -0.2142889065304058000, -0.01664992997496428000, -0.04019648675812097900 ) ) ;
#143 = CARTESIAN_POINT ( 'NONE',  ( 0.09012490031916940700, 8.974035793818754300E-018, 0.03787500000000004100 ) ) ;
#144 = CARTESIAN_POINT ( 'NONE',  ( -0.1705389065304058800, -0.04019648675812101400, -0.01664992997496422800 ) ) ;
#145 = CARTESIAN_POINT ( 'NONE',  ( 0.1475000000000000800, 4.576095892952823400E-018, -0.03787500000000004100 ) ) ;
#146 = CARTESIAN_POINT ( 'NONE',  ( 0.2900000000000000400, 0.004662832236999739700, 0.05329641634790842400 ) ) ;
#147 = CARTESIAN_POINT ( 'NONE',  ( -0.03847921650708196300, -0.02505992052357226100, 0.06050000000000001900 ) ) ;
#148 = LINE ( 'NONE', #2720, #2457 ) ;
#149 = CARTESIAN_POINT ( 'NONE',  ( 0.03883609346959420600, -5.090339602918872600E-018, -0.04019648675812098600 ) ) ;
#150 = CARTESIAN_POINT ( 'NONE',  ( 0.1568750000000001000, 0.03787500000000004800, -0.01568833867488101500 ) ) ;
#151 = FACE_OUTER_BOUND ( 'NONE', #1034, .T. ) ;
#152 = CARTESIAN_POINT ( 'NONE',  ( 0.2497779401495810700, -0.04012499999999109800, 1.026784802114872400E-015 ) ) ;
#153 = CARTESIAN_POINT ( 'NONE',  ( -0.09112509968083060100, -0.02678166933744053100, -0.02678166933744051400 ) ) ;
#154 = DIRECTION ( 'NONE',  ( -1.000000000000000000, -0.0000000000000000000, -0.0000000000000000000 ) ) ;
#155 = ORIENTED_EDGE ( 'NONE', *, *, #1135, .F. ) ;
#156 = CARTESIAN_POINT ( 'NONE',  ( -0.3424139065304058800, 0.02842320836654258300, 0.02842320836654260700 ) ) ;
#157 = CARTESIAN_POINT ( 'NONE',  ( -0.1324611931504248400, -0.02842320836654262100, -0.02842320836654260400 ) ) ;
#158 = CARTESIAN_POINT ( 'NONE',  ( -0.3267889065304057600, -0.04019648675812102100, 0.01664992997496424200 ) ) ;
#159 = FACE_OUTER_BOUND ( 'NONE', #1885, .T. ) ;
#160 = CARTESIAN_POINT ( 'NONE',  ( 0.1244999003191694400, 0.03787500000000004800, -0.01568833867488101500 ) ) ;
#161 = CARTESIAN_POINT ( 'NONE',  ( -0.2098750996808306000, -1.653577401818218800E-017, 0.03787500000000004100 ) ) ;
#162 = LINE ( 'NONE', #4689, #2400 ) ;
#163 = ORIENTED_EDGE ( 'NONE', *, *, #2301, .T. ) ;
#164 = EDGE_CURVE ( 'NONE', #4460, #4742, #1474, .T. ) ;
#165 = ORIENTED_EDGE ( 'NONE', *, *, #4061, .T. ) ;
#166 = CIRCLE ( 'NONE', #855, 0.05435833333333329300 ) ;
#167 = CARTESIAN_POINT ( 'NONE',  ( 0.1381250000000000500, -0.03787500000000004100, -0.01568833867488098400 ) ) ;
#168 = CARTESIAN_POINT ( 'NONE',  ( 0.2888032757403292700, 0.009711488326115279600, 0.05051601702298998100 ) ) ;
#169 = ORIENTED_EDGE ( 'NONE', *, *, #3784, .T. ) ;
#170 = AXIS2_PLACEMENT_3D ( 'NONE', #1971, #2800, #2093 ) ;
#171 = CARTESIAN_POINT ( 'NONE',  ( -0.1957708831737486900, -1.395107272450360300E-017, 0.06050000000000001900 ) ) ;
#172 = CARTESIAN_POINT ( 'NONE',  ( -0.01187499999999999700, -0.03787500000000004800, -0.01568833867488098400 ) ) ;
#173 = CARTESIAN_POINT ( 'NONE',  ( -0.03487509968083058600, -1.093175113138951500E-017, -0.03787500000000004100 ) ) ;
#174 = CARTESIAN_POINT ( 'NONE',  ( 0.2575000000000000600, 0.04343187647810082400, -0.03124725574445933300 ) ) ;
#175 = CARTESIAN_POINT ( 'NONE',  ( 0.1593779594979219900, 0.02123887014058265000, 0.03412723169035635600 ) ) ;
#176 = CARTESIAN_POINT ( 'NONE',  ( 0.01441380684957513900, -0.04019648675812098600, -0.01664992997496422500 ) ) ;
#177 = CARTESIAN_POINT ( 'NONE',  ( -0.2486639065304057900, 0.04019648675812095800, 0.0000000000000000000 ) ) ;
#178 = CARTESIAN_POINT ( 'NONE',  ( -0.006750099680830631300, -0.01568833867488099100, 0.03787500000000004800 ) ) ;
#179 = CARTESIAN_POINT ( 'NONE',  ( -0.2317500996808306000, 0.01568833867488098400, -0.03787500000000004100 ) ) ;
#180 =( BOUNDED_SURFACE ( )  B_SPLINE_SURFACE ( 1, 2, ( 
 ( #3968, #1154, #1983, #1926, #1532, #4793, #5220, #3574, #4396, #2367, #4852, #339, #1944, #1608, #385, #4896, #2408, #2429, #3244, #5321, #2003, #3650, #4454, #4873, #2853, #5296, #2830, #2024, #364, #785, #1197, #4064, #4476, #4094, #2418, #4862, #2886, #1225, #816, #5287, #1163, #3272, #3679, #3659, #3619, #1633, #3228, #4484, #2047, #1207, #775, #3293, #3640, #3207, #1595, #4466, #4504, #4035, #2374, #352, #1578, #393, #2802, #4520, #755, #4925, #2864, #4072, #2455, #2062, #322, #831, #4439, #2396, #4882, #5309, #1991, #1184, #5350, #2437, #2819, #4053, #2031, #4904, #2012, #5332, #412, #2842, #1240, #372, #1617, #3253, #4111, #794, #3701, #5264, #1654, #4145, #91, #2114, #3379, #2915, #52, #4974, #4181, #1331, #2095, #3342, #4618, #1728, #1309, #4938, #1685, #2476, #847, #4598, #431, #3735, #2131, #3753, #3307, #884, #2935, #73, #2951, #1274, #504, #5012, #3717, #3360, #2550, #2076, #4558, #16, #1670, #1260, #3327, #4575, #2970, #463, #484, #4997, #4195, #919, #4957, #3792, #2511, #1746, #4126, #1294, #2900, #4542, #2526, #900, #2494, #4165, #34, #3776, #447, #1710, #863, #3860, #2182, #4636, #2639, #989, #578, #5049, #939, #3040, #3454, #3432, #3399, #1403, #3010, #4246, #1812 ),
 ( #1364, #4229, #4263, #3810, #2149, #127, #1344, #158, #2568, #4280, #2989, #4679, #2623, #974, #2218, #1827, #112, #594, #4215, #2166, #4650, #5071, #1763, #538, #5105, #2197, #2587, #522, #1799, #4667, #3417, #5089, #177, #959, #1009, #3826, #1383, #1785, #3876, #2605, #3058, #5031, #3466, #142, #1420, #3023, #562, #3845, #4345, #4700, #5136, #2796, #856, #4987, #1285, #3744, #1720, #1249, #2041, #3282, #4155, #2878, #841, #1697, #3726, #401, #3321, #23, #2503, #46, #3710, #2945, #4567, #824, #458, #2105, #4512, #1664, #2447, #4102, #3689, #424, #1679, #2519, #2911, #2922, #2091, #1301, #61, #2053, #473, #4120, #3353, #1232, #438, #4173, #891, #4551, #3335, #3766, #4948, #4912, #878, #4967, #4136, #1268, #5339, #2069, #4932, #1645, #2465, #8, #2893, #3299, #4533, #2487, #531, #497, #3016, #104, #1355, #4239, #3408, #2979, #149, #512, #82, #3802, #1337, #551, #3367, #4585, #2559, #912, #2597, #5005, #1396, #2960, #3838, #5064, #952, #134, #4255, #2540, #3032, #3782, #1736, #1755, #2158, #4188, #3392, #1793, #4641, #1324, #4610, #4222, #1776, #5022, #2173, #4660, #2140, #3443, #928, #3818, #4206, #982, #4628, #1374, #2123, #3426, #5038, #5080, #966, #571, #2578, #121, #3001 ) ),
 .UNSPECIFIED., .F., .F., .T. ) 
 B_SPLINE_SURFACE_WITH_KNOTS ( ( 2, 2 ),
 ( 3, 2, 2, 2, 2, 2, 2, 2, 2, 2, 2, 2, 2, 2, 2, 2, 2, 2, 2, 2, 2, 2, 2, 2, 2, 2, 2, 2, 2, 2, 2, 2, 2, 2, 2, 2, 2, 2, 2, 2, 2, 2, 2, 2, 2, 2, 2, 2, 2, 2, 2, 2, 2, 2, 2, 2, 2, 2, 2, 2, 2, 2, 2, 2, 2, 2, 2, 2, 2, 2, 2, 2, 2, 2, 2, 2, 2, 2, 2, 2, 2, 2, 2, 2, 2, 2, 2, 2, 3 ),
 ( 0.0000000000000000000, 1.000000000000000000 ),
 ( 0.0000000000000000000, 0.01136363636363636400, 0.02272727272727272800, 0.03409090909090908800, 0.04545454545454545600, 0.05681818181818181600, 0.06818181818181817700, 0.07954545454545454400, 0.09090909090909091200, 0.1022727272727272800, 0.1136363636363636300, 0.1250000000000000000, 0.1363636363636363500, 0.1477272727272727300, 0.1590909090909090900, 0.1704545454545454400, 0.1818181818181818200, 0.1931818181818181800, 0.2045454545454545600, 0.2159090909090909100, 0.2272727272727272700, 0.2386363636363636500, 0.2500000000000000000, 0.2613636363636363500, 0.2727272727272727100, 0.2840909090909091200, 0.2954545454545454700, 0.3068181818181818200, 0.3181818181818181800, 0.3295454545454545300, 0.3409090909090908800, 0.3522727272727272900, 0.3636363636363636500, 0.3750000000000000000, 0.3863636363636363500, 0.3977272727272727100, 0.4090909090909091200, 0.4204545454545454700, 0.4318181818181818200, 0.4431818181818181800, 0.4545454545454545300, 0.4659090909090908800, 0.4772727272727272900, 0.4886363636363636500, 0.5000000000000000000, 0.5113636363636363500, 0.5227272727272727100, 0.5340909090909090600, 0.5454545454545454100, 0.5568181818181817700, 0.5681818181818182300, 0.5795454545454545900, 0.5909090909090909400, 0.6022727272727272900, 0.6136363636363636500, 0.6250000000000000000, 0.6363636363636363500, 0.6477272727272727100, 0.6590909090909090600, 0.6704545454545454100, 0.6818181818181817700, 0.6931818181818182300, 0.7045454545454545900, 0.7159090909090909400, 0.7272727272727272900, 0.7386363636363636500, 0.7500000000000000000, 0.7613636363636363500, 0.7727272727272727100, 0.7840909090909090600, 0.7954545454545454100, 0.8068181818181817700, 0.8181818181818182300, 0.8295454545454545900, 0.8409090909090909400, 0.8522727272727272900, 0.8636363636363636500, 0.8750000000000000000, 0.8863636363636363500, 0.8977272727272727100, 0.9090909090909090600, 0.9204545454545454100, 0.9318181818181817700, 0.9431818181818182300, 0.9545454545454545900, 0.9659090909090909400, 0.9772727272727272900, 0.9886363636363636500, 1.000000000000000000 ),
 .UNSPECIFIED. ) 
 GEOMETRIC_REPRESENTATION_ITEM ( )  RATIONAL_B_SPLINE_SURFACE ( (
 ( 1.000000000000000000, 0.9238795325112867400, 1.000000000000000000, 0.9238795325112867400, 1.000000000000000000, 0.9238795325112867400, 1.000000000000000000, 0.9238795325112867400, 1.000000000000000000, 0.9238795325112867400, 1.000000000000000000, 0.9238795325112867400, 1.000000000000000000, 0.9238795325112867400, 1.000000000000000000, 0.9238795325112867400, 1.000000000000000000, 0.9238795325112867400, 1.000000000000000000, 0.9238795325112867400, 1.000000000000000000, 0.9238795325112867400, 1.000000000000000000, 0.9238795325112867400, 1.000000000000000000, 0.9238795325112867400, 1.000000000000000000, 0.9238795325112867400, 1.000000000000000000, 0.9238795325112867400, 1.000000000000000000, 0.9238795325112867400, 1.000000000000000000, 0.9238795325112867400, 1.000000000000000000, 0.9238795325112867400, 1.000000000000000000, 0.9238795325112867400, 1.000000000000000000, 0.9238795325112867400, 1.000000000000000000, 0.9238795325112867400, 1.000000000000000000, 0.9238795325112867400, 1.000000000000000000, 0.9238795325112867400, 1.000000000000000000, 0.9238795325112867400, 1.000000000000000000, 0.9238795325112867400, 1.000000000000000000, 0.9238795325112867400, 1.000000000000000000, 0.9238795325112867400, 1.000000000000000000, 0.9238795325112867400, 1.000000000000000000, 0.9238795325112867400, 1.000000000000000000, 0.9238795325112867400, 1.000000000000000000, 0.9238795325112867400, 1.000000000000000000, 0.9238795325112867400, 1.000000000000000000, 0.9238795325112867400, 1.000000000000000000, 0.9238795325112867400, 1.000000000000000000, 0.9238795325112867400, 1.000000000000000000, 0.9238795325112867400, 1.000000000000000000, 0.9238795325112867400, 1.000000000000000000, 0.9238795325112867400, 1.000000000000000000, 0.9238795325112867400, 1.000000000000000000, 0.9238795325112867400, 1.000000000000000000, 0.9238795325112867400, 1.000000000000000000, 0.9238795325112867400, 1.000000000000000000, 0.9238795325112867400, 1.000000000000000000, 0.9238795325112867400, 1.000000000000000000, 0.9238795325112867400, 1.000000000000000000, 0.9238795325112867400, 1.000000000000000000, 0.9238795325112867400, 1.000000000000000000, 0.9238795325112867400, 1.000000000000000000, 0.9238795325112867400, 1.000000000000000000, 0.9238795325112867400, 1.000000000000000000, 0.9238795325112867400, 1.000000000000000000, 0.9238795325112867400, 1.000000000000000000, 0.9238795325112867400, 1.000000000000000000, 0.9238795325112867400, 1.000000000000000000, 0.9238795325112867400, 1.000000000000000000, 0.9238795325112867400, 1.000000000000000000, 0.9238795325112867400, 1.000000000000000000, 0.9238795325112867400, 1.000000000000000000, 0.9238795325112867400, 1.000000000000000000, 0.9238795325112867400, 1.000000000000000000, 0.9238795325112867400, 1.000000000000000000, 0.9238795325112867400, 1.000000000000000000, 0.9238795325112867400, 1.000000000000000000, 0.9238795325112867400, 1.000000000000000000, 0.9238795325112867400, 1.000000000000000000, 0.9238795325112867400, 1.000000000000000000, 0.9238795325112867400, 1.000000000000000000, 0.9238795325112867400, 1.000000000000000000, 0.9238795325112867400, 1.000000000000000000, 0.9238795325112867400, 1.000000000000000000, 0.9238795325112867400, 1.000000000000000000, 0.9238795325112867400, 1.000000000000000000, 0.9238795325112867400, 1.000000000000000000, 0.9238795325112867400, 1.000000000000000000, 0.9238795325112867400, 1.000000000000000000, 0.9238795325112867400, 1.000000000000000000, 0.9238795325112867400, 1.000000000000000000, 0.9238795325112867400, 1.000000000000000000, 0.9238795325112867400, 1.000000000000000000, 0.9238795325112867400, 1.000000000000000000, 0.9238795325112867400, 1.000000000000000000, 0.9238795325112867400, 1.000000000000000000, 0.9238795325112867400, 1.000000000000000000, 0.9238795325112867400, 1.000000000000000000, 0.9238795325112867400, 1.000000000000000000, 0.9238795325112867400, 1.000000000000000000, 0.9238795325112867400, 1.000000000000000000, 0.9238795325112867400, 1.000000000000000000),
 ( 1.000000000000000000, 0.9238795325112867400, 1.000000000000000000, 0.9238795325112867400, 1.000000000000000000, 0.9238795325112867400, 1.000000000000000000, 0.9238795325112867400, 1.000000000000000000, 0.9238795325112867400, 1.000000000000000000, 0.9238795325112867400, 1.000000000000000000, 0.9238795325112867400, 1.000000000000000000, 0.9238795325112867400, 1.000000000000000000, 0.9238795325112867400, 1.000000000000000000, 0.9238795325112867400, 1.000000000000000000, 0.9238795325112867400, 1.000000000000000000, 0.9238795325112867400, 1.000000000000000000, 0.9238795325112867400, 1.000000000000000000, 0.9238795325112867400, 1.000000000000000000, 0.9238795325112867400, 1.000000000000000000, 0.9238795325112867400, 1.000000000000000000, 0.9238795325112867400, 1.000000000000000000, 0.9238795325112867400, 1.000000000000000000, 0.9238795325112867400, 1.000000000000000000, 0.9238795325112867400, 1.000000000000000000, 0.9238795325112867400, 1.000000000000000000, 0.9238795325112867400, 1.000000000000000000, 0.9238795325112867400, 1.000000000000000000, 0.9238795325112867400, 1.000000000000000000, 0.9238795325112867400, 1.000000000000000000, 0.9238795325112867400, 1.000000000000000000, 0.9238795325112867400, 1.000000000000000000, 0.9238795325112867400, 1.000000000000000000, 0.9238795325112867400, 1.000000000000000000, 0.9238795325112867400, 1.000000000000000000, 0.9238795325112867400, 1.000000000000000000, 0.9238795325112867400, 1.000000000000000000, 0.9238795325112867400, 1.000000000000000000, 0.9238795325112867400, 1.000000000000000000, 0.9238795325112867400, 1.000000000000000000, 0.9238795325112867400, 1.000000000000000000, 0.9238795325112867400, 1.000000000000000000, 0.9238795325112867400, 1.000000000000000000, 0.9238795325112867400, 1.000000000000000000, 0.9238795325112867400, 1.000000000000000000, 0.9238795325112867400, 1.000000000000000000, 0.9238795325112867400, 1.000000000000000000, 0.9238795325112867400, 1.000000000000000000, 0.9238795325112867400, 1.000000000000000000, 0.9238795325112867400, 1.000000000000000000, 0.9238795325112867400, 1.000000000000000000, 0.9238795325112867400, 1.000000000000000000, 0.9238795325112867400, 1.000000000000000000, 0.9238795325112867400, 1.000000000000000000, 0.9238795325112867400, 1.000000000000000000, 0.9238795325112867400, 1.000000000000000000, 0.9238795325112867400, 1.000000000000000000, 0.9238795325112867400, 1.000000000000000000, 0.9238795325112867400, 1.000000000000000000, 0.9238795325112867400, 1.000000000000000000, 0.9238795325112867400, 1.000000000000000000, 0.9238795325112867400, 1.000000000000000000, 0.9238795325112867400, 1.000000000000000000, 0.9238795325112867400, 1.000000000000000000, 0.9238795325112867400, 1.000000000000000000, 0.9238795325112867400, 1.000000000000000000, 0.9238795325112867400, 1.000000000000000000, 0.9238795325112867400, 1.000000000000000000, 0.9238795325112867400, 1.000000000000000000, 0.9238795325112867400, 1.000000000000000000, 0.9238795325112867400, 1.000000000000000000, 0.9238795325112867400, 1.000000000000000000, 0.9238795325112867400, 1.000000000000000000, 0.9238795325112867400, 1.000000000000000000, 0.9238795325112867400, 1.000000000000000000, 0.9238795325112867400, 1.000000000000000000, 0.9238795325112867400, 1.000000000000000000, 0.9238795325112867400, 1.000000000000000000, 0.9238795325112867400, 1.000000000000000000, 0.9238795325112867400, 1.000000000000000000, 0.9238795325112867400, 1.000000000000000000, 0.9238795325112867400, 1.000000000000000000, 0.9238795325112867400, 1.000000000000000000, 0.9238795325112867400, 1.000000000000000000, 0.9238795325112867400, 1.000000000000000000, 0.9238795325112867400, 1.000000000000000000, 0.9238795325112867400, 1.000000000000000000, 0.9238795325112867400, 1.000000000000000000, 0.9238795325112867400, 1.000000000000000000, 0.9238795325112867400, 1.000000000000000000, 0.9238795325112867400, 1.000000000000000000, 0.9238795325112867400, 1.000000000000000000, 0.9238795325112867400, 1.000000000000000000) ) ) 
 REPRESENTATION_ITEM ( '' )  SURFACE ( )  );
#181 = EDGE_CURVE ( 'NONE', #1223, #1189, #257, .T. ) ;
#182 = DIRECTION ( 'NONE',  ( 0.0000000000000000000, 0.0000000000000000000, 1.000000000000000000 ) ) ;
#183 = CARTESIAN_POINT ( 'NONE',  ( -0.1957708831737486900, -1.395107272450360300E-017, 0.06050000000000001900 ) ) ;
#184 = CARTESIAN_POINT ( 'NONE',  ( -0.05410421650708194900, 0.06050000000000001200, 0.0000000000000000000 ) ) ;
#185 = ORIENTED_EDGE ( 'NONE', *, *, #3486, .F. ) ;
#186 = CARTESIAN_POINT ( 'NONE',  ( -0.2942500996808306000, -0.03787500000000006800, -0.01568833867488098400 ) ) ;
#187 = CARTESIAN_POINT ( 'NONE',  ( -0.09937499999999997700, 0.01568833867488099400, -0.03787500000000004100 ) ) ;
#188 = CARTESIAN_POINT ( 'NONE',  ( -0.1067500996808306300, -0.01568833867488100100, 0.03787500000000004800 ) ) ;
#189 = CARTESIAN_POINT ( 'NONE',  ( -0.2759792165070819600, -0.06050000000000006800, -0.02505992052357225100 ) ) ;
#190 = CARTESIAN_POINT ( 'NONE',  ( -0.3142889065304058100, -0.01664992997496429100, -0.04019648675812097900 ) ) ;
#191 = ORIENTED_EDGE ( 'NONE', *, *, #5054, .T. ) ;
#192 = CARTESIAN_POINT ( 'NONE',  ( -0.02621119315042481900, -1.062148597113020100E-017, -0.04019648675812097900 ) ) ;
#193 = CARTESIAN_POINT ( 'NONE',  ( 0.1869999003191694100, 0.01568833867488100800, 0.03787500000000004800 ) ) ;
#194 = CARTESIAN_POINT ( 'NONE',  ( -0.2223750996808306100, 0.03787500000000002000, 0.0000000000000000000 ) ) ;
#195 = ORIENTED_EDGE ( 'NONE', *, *, #597, .F. ) ;
#196 = AXIS2_PLACEMENT_3D ( 'NONE', #4210, #2583, #518 ) ;
#197 = CARTESIAN_POINT ( 'NONE',  ( -0.01660421650708194000, -1.353427368979711900E-017, -0.06050000000000001900 ) ) ;
#198 = EDGE_CURVE ( 'NONE', #4141, #4752, #683, .T. ) ;
#199 = CARTESIAN_POINT ( 'NONE',  ( -0.1337499999999999800, 0.02678166933744050700, 0.02678166933744051400 ) ) ;
#200 = CARTESIAN_POINT ( 'NONE',  ( -0.02550009968083060200, 0.03787500000000002700, -0.01568833867488101900 ) ) ;
#201 = CARTESIAN_POINT ( 'NONE',  ( 0.2574451667319842500, 0.04294462094461858100, -0.03175345563064304500 ) ) ;
#202 = CARTESIAN_POINT ( 'NONE',  ( 0.2550870966744300300, 0.01058988896877026800, 0.04817044464812178500 ) ) ;
#203 = CARTESIAN_POINT ( 'NONE',  ( -0.1199611931504248500, 0.02842320836654259000, -0.02842320836654261100 ) ) ;
#204 = CARTESIAN_POINT ( 'NONE',  ( -0.2134792165070819300, 0.02505992052357234800, -0.06049999999999990100 ) ) ;
#205 = CARTESIAN_POINT ( 'NONE',  ( -0.3137111931504248400, 0.04019648675812095100, 0.0000000000000000000 ) ) ;
#206 = CARTESIAN_POINT ( 'NONE',  ( -0.2473750996808306000, -0.03787500000000006800, 4.638349751770605400E-018 ) ) ;
#207 = EDGE_CURVE ( 'NONE', #4090, #866, #3939, .T. ) ;
#208 = CIRCLE ( 'NONE', #3095, 0.05349999999999999900 ) ;
#209 = ORIENTED_EDGE ( 'NONE', *, *, #3983, .T. ) ;
#210 = DIRECTION ( 'NONE',  ( 1.000000000000000000, 8.503269937333647000E-017, 0.0000000000000000000 ) ) ;
#211 = CARTESIAN_POINT ( 'NONE',  ( -0.2899999999999995900, -0.01233786149596127400, 0.05922860097711645000 ) ) ;
#212 = PERSON_AND_ORGANIZATION ( #2589, #2539 ) ;
#213 = FACE_OUTER_BOUND ( 'NONE', #2704, .T. ) ;
#214 = CARTESIAN_POINT ( 'NONE',  ( -0.1832708831737487100, -0.06050000000000003300, 7.409113134841489000E-018 ) ) ;
#215 = ORIENTED_EDGE ( 'NONE', *, *, #3778, .F. ) ;
#216 = CARTESIAN_POINT ( 'NONE',  ( -0.1931249999999999600, 0.03787500000000001300, -0.01568833867488101900 ) ) ;
#217 = CARTESIAN_POINT ( 'NONE',  ( 0.05262490031916940100, -0.03787500000000004100, 4.638349751770605400E-018 ) ) ;
#218 = FACE_OUTER_BOUND ( 'NONE', #3829, .T. ) ;
#219 = ORIENTED_EDGE ( 'NONE', *, *, #2835, .T. ) ;
#220 = CARTESIAN_POINT ( 'NONE',  ( -0.08558619315042487200, -0.04019648675812099300, -0.01664992997496422500 ) ) ;
#221 = CARTESIAN_POINT ( 'NONE',  ( -0.06428890653040582300, -0.01664992997496426600, -0.04019648675812097900 ) ) ;
#222 = CARTESIAN_POINT ( 'NONE',  ( 0.2112888068495752100, -0.04019648675812095800, 4.922649884530182800E-018 ) ) ;
#223 = CARTESIAN_POINT ( 'NONE',  ( 0.2896818314473374500, 0.04911403328074219500, -0.01978381737771077500 ) ) ;
#224 = CARTESIAN_POINT ( 'NONE',  ( 0.2057499003191694300, -0.03787500000000004100, -0.01568833867488098400 ) ) ;
#225 = CARTESIAN_POINT ( 'NONE',  ( -0.1348750996808306100, -1.943502106872316400E-017, -0.03787500000000004100 ) ) ;
#226 = AXIS2_PLACEMENT_3D ( 'NONE', #907, #437, #2958 ) ;
#227 = ORIENTED_EDGE ( 'NONE', *, *, #3486, .T. ) ;
#228 = DIRECTION ( 'NONE',  ( -1.000000000000000000, -0.0000000000000000000, -0.0000000000000000000 ) ) ;
#229 = CARTESIAN_POINT ( 'NONE',  ( 0.2575000000000000600, -0.004662832236999763100, -0.05329641634790837500 ) ) ;
#230 = CARTESIAN_POINT ( 'NONE',  ( -0.1707708831737486900, -2.664348150985316900E-017, -0.06050000000000001900 ) ) ;
#231 = CARTESIAN_POINT ( 'NONE',  ( -0.2306249999999999700, 0.01568833867488097700, 0.03787500000000004800 ) ) ;
#232 = CARTESIAN_POINT ( 'NONE',  ( 0.06199990031916942400, -0.01568833867488101200, -0.03787500000000003400 ) ) ;
#233 = CARTESIAN_POINT ( 'NONE',  ( 0.2566841359493922100, 0.04000098957291288400, -0.03336632042223884600 ) ) ;
#234 = CARTESIAN_POINT ( 'NONE',  ( -0.2762111931504248600, -3.187966081446432200E-017, -0.04019648675812097900 ) ) ;
#235 = CARTESIAN_POINT ( 'NONE',  ( -0.1861639065304058200, -1.437739719285921500E-017, 0.04019648675812098600 ) ) ;
#236 = CARTESIAN_POINT ( 'NONE',  ( 0.1519138068495751700, -0.01664992997496422100, 0.04019648675812097900 ) ) ;
#237 = UNCERTAINTY_MEASURE_WITH_UNIT (LENGTH_MEASURE( 1.000000000000000100E-005 ), #2499, 'distance_accuracy_value', 'NONE');
#238 = CARTESIAN_POINT ( 'NONE',  ( -0.2793361931504249100, -0.01664992997496428400, -0.04019648675812097200 ) ) ;
#239 = CARTESIAN_POINT ( 'NONE',  ( 0.02449990031916941100, 0.03787500000000004100, -0.01568833867488101500 ) ) ;
#240 = VERTEX_POINT ( 'NONE', #1071 ) ;
#241 = EDGE_CURVE ( 'NONE', #3760, #3309, #3373, .T. ) ;
#242 = CARTESIAN_POINT ( 'NONE',  ( 0.1956000000000001100, 0.03995833333333333900, 0.0000000000000000000 ) ) ;
#243 = CARTESIAN_POINT ( 'NONE',  ( -0.2899999999999999200, -0.009080420726829456500, 0.05838223184569146800 ) ) ;
#244 = EDGE_LOOP ( 'NONE', ( #1395, #979, #2152, #3409 ) ) ;
#245 = CARTESIAN_POINT ( 'NONE',  ( -0.2900393700787401400, -0.04242653328065325300, 0.01978381737773645500 ) ) ;
#246 = ORIENTED_EDGE ( 'NONE', *, *, #2662, .T. ) ;
#247 = CARTESIAN_POINT ( 'NONE',  ( -0.2431249999999999800, 0.03787500000000001300, -0.01568833867488101900 ) ) ;
#248 = EDGE_CURVE ( 'NONE', #4421, #276, #1766, .T. ) ;
#249 = CARTESIAN_POINT ( 'NONE',  ( -0.1355861931504248600, -0.04019648675812099300, -0.01664992997496422500 ) ) ;
#250 = CARTESIAN_POINT ( 'NONE',  ( -0.08928890653040580400, 0.01664992997496423500, 0.04019648675812098600 ) ) ;
#251 = CARTESIAN_POINT ( 'NONE',  ( 0.1269138068495751500, 0.01664992997496425300, -0.04019648675812097200 ) ) ;
#252 = CARTESIAN_POINT ( 'NONE',  ( -0.2166042165070819200, -3.054081356446441500E-017, -0.06050000000000001900 ) ) ;
#253 = CARTESIAN_POINT ( 'NONE',  ( 0.2151249003191694500, 1.032642371194460500E-017, -0.03787500000000004100 ) ) ;
#254 = ORIENTED_EDGE ( 'NONE', *, *, #5001, .T. ) ;
#255 = CARTESIAN_POINT ( 'NONE',  ( 0.06199990031916942400, -0.01568833867488100800, -0.03787500000000004100 ) ) ;
#256 = DIRECTION ( 'NONE',  ( 1.000000000000000000, 8.503269937333648200E-017, 0.0000000000000000000 ) ) ;
#257 = B_SPLINE_CURVE_WITH_KNOTS ( 'NONE', 3,
 ( #1236, #342, #4105, #4831 ),
 .UNSPECIFIED., .F., .F.,
 ( 4, 4 ),
 ( 2.150929201871706000E-017, 5.969020185312079900E-005 ),
 .UNSPECIFIED. ) ;
#258 = CARTESIAN_POINT ( 'NONE',  ( 0.004229116826251284200, 3.055467150163691900E-018, 0.06050000000000001900 ) ) ;
#259 = CARTESIAN_POINT ( 'NONE',  ( 0.2900000000000000400, 9.715098770946713200E-018, 0.0000000000000000000 ) ) ;
#260 = LINE ( 'NONE', #1905, #1630 ) ;
#261 = CARTESIAN_POINT ( 'NONE',  ( 0.1256250000000000700, -0.01568833867488098400, 0.03787500000000004800 ) ) ;
#262 = CARTESIAN_POINT ( 'NONE',  ( 0.1026249003191694200, -0.03787500000000003400, 4.638349751770605400E-018 ) ) ;
#263 = CARTESIAN_POINT ( 'NONE',  ( -0.1611639065304058300, -2.209687947758617000E-017, -0.04019648675812098600 ) ) ;
#264 = CARTESIAN_POINT ( 'NONE',  ( 0.1800388068495751600, 0.02842320836654261800, -0.02842320836654261100 ) ) ;
#265 = CARTESIAN_POINT ( 'NONE',  ( 0.2549553266340770000, 0.03618360698734961200, 0.03317860443492220300 ) ) ;
#266 = CARTESIAN_POINT ( 'NONE',  ( -0.06683619315042485500, 0.04019648675812096500, -0.01664992997496426300 ) ) ;
#267 = CARTESIAN_POINT ( 'NONE',  ( 0.06512490031916939900, -2.428481194055867100E-018, -0.03787500000000004100 ) ) ;
#268 = EDGE_CURVE ( 'NONE', #2931, #4522, #3112, .T. ) ;
#269 = APPROVAL ( #3524, 'UNSPECIFIED' ) ;
#270 = CARTESIAN_POINT ( 'NONE',  ( -0.2900393700787401400, -0.03834655507327847800, 0.02685054692668335800 ) ) ;
#271 = EDGE_LOOP ( 'NONE', ( #1162, #1063 ) ) ;
#272 = VECTOR ( 'NONE', #3037, 39.37007874015748100 ) ;
#273 = CYLINDRICAL_SURFACE ( 'NONE', #4400, 0.01957795784253701900 ) ;
#274 = ORIENTED_EDGE ( 'NONE', *, *, #3864, .F. ) ;
#275 = CARTESIAN_POINT ( 'NONE',  ( -0.03639588317374870700, -0.06050000000000001900, 0.02505992052357226500 ) ) ;
#276 = VERTEX_POINT ( 'NONE', #1859 ) ;
#277 = DIRECTION ( 'NONE',  ( -1.000000000000000000, -0.0000000000000000000, -0.0000000000000000000 ) ) ;
#278 = CIRCLE ( 'NONE', #4316, 0.1094999999999999600 ) ;
#279 = ORIENTED_EDGE ( 'NONE', *, *, #2700, .T. ) ;
#280 = CARTESIAN_POINT ( 'NONE',  ( 0.1381250000000000500, -0.03787500000000004100, -0.01568833867488098400 ) ) ;
#281 = CARTESIAN_POINT ( 'NONE',  ( 0.1526249003191694200, -0.03787500000000003400, 4.638349751770605400E-018 ) ) ;
#282 = CARTESIAN_POINT ( 'NONE',  ( -0.1080389065304058200, 0.01664992997496424200, -0.04019648675812097900 ) ) ;
#283 = CARTESIAN_POINT ( 'NONE',  ( 0.1175388068495751400, -0.02842320836654260000, -0.02842320836654260400 ) ) ;
#284 = CARTESIAN_POINT ( 'NONE',  ( 0.01753880684957519200, -0.02842320836654260700, -0.02842320836654260400 ) ) ;
#285 = CARTESIAN_POINT ( 'NONE',  ( 0.01199990031916940700, -0.01568833867488101500, -0.03787500000000004100 ) ) ;
#286 = CARTESIAN_POINT ( 'NONE',  ( 0.08339578349291808200, -5.031003752463467500E-018, -0.06050000000000001900 ) ) ;
#287 = CARTESIAN_POINT ( 'NONE',  ( -0.2603542165070819600, 0.04277996026178610600, -0.04277996026178614700 ) ) ;
#288 = DIRECTION ( 'NONE',  ( -9.237637493568400600E-017, 1.000000000000000000, 0.0000000000000000000 ) ) ;
#289 = CARTESIAN_POINT ( 'NONE',  ( 0.2900000000000000400, -0.004662832236999770100, 0.05329641634790842400 ) ) ;
#290 = CARTESIAN_POINT ( 'NONE',  ( 0.007354116826251267900, -0.02505992052357225800, 0.06050000000000001900 ) ) ;
#291 = CARTESIAN_POINT ( 'NONE',  ( 0.2827999999999999400, 5.122214988120493500E-017, 0.0000000000000000000 ) ) ;
#292 = CARTESIAN_POINT ( 'NONE',  ( -0.04312499999999996900, 0.03787500000000002700, -0.01568833867488101900 ) ) ;
#293 = CARTESIAN_POINT ( 'NONE',  ( 0.1494999003191694300, -0.03787500000000003400, 0.01568833867488099800 ) ) ;
#294 = CARTESIAN_POINT ( 'NONE',  ( 0.2571818314476153100, 0.04911403328151017100, -0.01978381737729290000 ) ) ;
#295 = EDGE_CURVE ( 'NONE', #3475, #2514, #931, .T. ) ;
#296 = CARTESIAN_POINT ( 'NONE',  ( 0.06383609346959420700, 6.880777650474904700E-018, 0.04019648675812098600 ) ) ;
#297 = EDGE_LOOP ( 'NONE', ( #3885, #3648, #2174, #3098 ) ) ;
#298 = CARTESIAN_POINT ( 'NONE',  ( -0.2270208831737487400, -0.04277996026178616100, -0.04277996026178614000 ) ) ;
#299 = CARTESIAN_POINT ( 'NONE',  ( -0.1207708831737487200, -2.239184654118634600E-017, -0.06050000000000001900 ) ) ;
#300 = CARTESIAN_POINT ( 'NONE',  ( -0.07933619315042485200, -0.01664992997496426600, -0.04019648675812097200 ) ) ;
#301 = CARTESIAN_POINT ( 'NONE',  ( -0.06300009968083061800, 0.01568833867488098700, 0.03787500000000004800 ) ) ;
#302 = DIRECTION ( 'NONE',  ( 0.0000000000000000000, 1.000000000000000000, 0.0000000000000000000 ) ) ;
#303 = CARTESIAN_POINT ( 'NONE',  ( -0.3056250000000000400, -0.01568833867488104300, -0.03787500000000004100 ) ) ;
#304 = ORIENTED_EDGE ( 'NONE', *, *, #2082, .T. ) ;
#305 = CARTESIAN_POINT ( 'NONE',  ( 0.2899450697353409000, -0.006028165606967775800, 0.05306756398329649100 ) ) ;
#306 = CARTESIAN_POINT ( 'NONE',  ( 0.2883566419414502200, 0.01009832632755143500, -0.04963934577794719400 ) ) ;
#307 = ORIENTED_EDGE ( 'NONE', *, *, #2557, .F. ) ;
#308 = CARTESIAN_POINT ( 'NONE',  ( -0.2899999999999999800, -0.03964458115066397900, 0.006638127227179004500 ) ) ;
#309 = CARTESIAN_POINT ( 'NONE',  ( -0.2118749999999999800, -0.03787500000000006100, -0.01568833867488098400 ) ) ;
#310 = CARTESIAN_POINT ( 'NONE',  ( -0.008749999999999940100, -0.02678166933744052400, -0.02678166933744051400 ) ) ;
#311 = CARTESIAN_POINT ( 'NONE',  ( 0.01360411682625130300, -0.06050000000000001900, 0.02505992052357226500 ) ) ;
#312 = CARTESIAN_POINT ( 'NONE',  ( -0.2899999999999999800, 7.409113134841490500E-018, -0.06050000000000002600 ) ) ;
#313 = CARTESIAN_POINT ( 'NONE',  ( 0.1200860934695941900, -0.02842320836654260000, 0.02842320836654261100 ) ) ;
#314 = CARTESIAN_POINT ( 'NONE',  ( -0.2613958831737487300, 0.06049999999999997000, -0.02505992052357230000 ) ) ;
#315 = CARTESIAN_POINT ( 'NONE',  ( -0.2900000000000000900, 0.03776422457465093000, 0.007103373416737116700 ) ) ;
#316 = CARTESIAN_POINT ( 'NONE',  ( -0.1449611931504248600, -0.02842320836654261800, 0.02842320836654260700 ) ) ;
#317 = CARTESIAN_POINT ( 'NONE',  ( 0.1588749003191694000, -0.02678166933744051100, -0.02678166933744051400 ) ) ;
#318 = CARTESIAN_POINT ( 'NONE',  ( 0.2828853375920741800, -0.04081840089942106300, -0.005862916724138475000 ) ) ;
#319 = CARTESIAN_POINT ( 'NONE',  ( 0.1569373924505794700, -0.03257610325044029600, 0.03743167757868998800 ) ) ;
#320 = CARTESIAN_POINT ( 'NONE',  ( 0.1677751058491021300, 0.03995833333333333900, 0.0000000000000000000 ) ) ;
#321 = CARTESIAN_POINT ( 'NONE',  ( 0.1593779594979219700, -0.03901105956546682000, 0.009689931850915886900 ) ) ;
#322 = CARTESIAN_POINT ( 'NONE',  ( -0.1353542165070819300, -0.04277996026178614700, 0.04277996026178614000 ) ) ;
#323 = CARTESIAN_POINT ( 'NONE',  ( 0.2900000000000000400, 0.0000000000000000000, 0.0000000000000000000 ) ) ;
#324 = CARTESIAN_POINT ( 'NONE',  ( 0.02610411682625130700, -0.02505992052357230000, -0.06050000000000000500 ) ) ;
#325 = ADVANCED_BREP_SHAPE_REPRESENTATION ( '99512A219_Rounded Head Thread-Forming Screws', ( #3772, #1284 ), #4135 ) ;
#326 = FACE_OUTER_BOUND ( 'NONE', #1342, .T. ) ;
#327 = CARTESIAN_POINT ( 'NONE',  ( 0.2503791565648429400, 0.04081099083287181200, -0.005841812154425176700 ) ) ;
#328 = EDGE_LOOP ( 'NONE', ( #3662, #2205, #1598, #5210 ) ) ;
#329 = CARTESIAN_POINT ( 'NONE',  ( -0.2962499999999999600, 0.02678166933744048300, -0.02678166933744052400 ) ) ;
#330 = CARTESIAN_POINT ( 'NONE',  ( 0.04437500000000005300, -0.01568833867488101200, -0.03787500000000003400 ) ) ;
#331 = CARTESIAN_POINT ( 'NONE',  ( 0.07610411682625131700, -0.02505992052357229300, -0.06049999999999999800 ) ) ;
#332 = FACE_OUTER_BOUND ( 'NONE', #4768, .T. ) ;
#333 = CARTESIAN_POINT ( 'NONE',  ( -0.1478542165070819400, 0.04277996026178611900, 0.04277996026178614000 ) ) ;
#334 = CALENDAR_DATE ( 2025, 29, 1 ) ;
#335 = VECTOR ( 'NONE', #3224, 39.37007874015748100 ) ;
#336 = CARTESIAN_POINT ( 'NONE',  ( 0.1263360934695942400, -0.04019648675812097900, 4.922649884530183500E-018 ) ) ;
#337 = CARTESIAN_POINT ( 'NONE',  ( -0.2645208831737487200, 0.04277996026178610600, -0.04277996026178614700 ) ) ;
#338 = ORIENTED_EDGE ( 'NONE', *, *, #4480, .T. ) ;
#339 = CARTESIAN_POINT ( 'NONE',  ( -0.3197292165070819100, -0.02505992052357231700, -0.06049999999999999100 ) ) ;
#340 = CARTESIAN_POINT ( 'NONE',  ( -0.09496119315042483900, -0.02842320836654261100, 0.02842320836654260700 ) ) ;
#341 = CARTESIAN_POINT ( 'NONE',  ( -0.01683619315042483500, 0.04019648675812097200, -0.01664992997496426300 ) ) ;
#342 = CARTESIAN_POINT ( 'NONE',  ( 0.1539864995359127600, 0.001540704229938023000, 0.06030294789194460400 ) ) ;
#343 = CYLINDRICAL_SURFACE ( 'NONE', #2750, 0.06050000000000002600 ) ;
#344 = EDGE_CURVE ( 'NONE', #4490, #4634, #732, .T. ) ;
#345 = CC_DESIGN_APPROVAL ( #269, ( #5076 ) ) ;
#346 = VECTOR ( 'NONE', #3411, 39.37007874015748100 ) ;
#347 = ORIENTED_EDGE ( 'NONE', *, *, #3495, .T. ) ;
#348 = CARTESIAN_POINT ( 'NONE',  ( 0.1594787892606699400, 0.02640058679821836300, 0.02999167172430556100 ) ) ;
#349 = CARTESIAN_POINT ( 'NONE',  ( 0.2900000000000000400, -0.04343187647810085200, -0.03124725574445934300 ) ) ;
#350 = CARTESIAN_POINT ( 'NONE',  ( 0.2503791500028752500, -0.01534635725095030400, 0.03826424080507188900 ) ) ;
#351 = EDGE_LOOP ( 'NONE', ( #3218, #3768, #5150, #3941, #2000 ) ) ;
#352 = CARTESIAN_POINT ( 'NONE',  ( -0.1697292165070819200, -0.02505992052357230300, -0.06049999999999999100 ) ) ;
#353 = DIRECTION ( 'NONE',  ( 0.0000000000000000000, 0.0000000000000000000, 1.000000000000000000 ) ) ;
#354 = CARTESIAN_POINT ( 'NONE',  ( 0.2558570447436879800, 0.04803858548262635000, 0.01607500782055377300 ) ) ;
#355 = VERTEX_POINT ( 'NONE', #3102 ) ;
#356 = CARTESIAN_POINT ( 'NONE',  ( 0.2549553266340770500, 0.04682531779643286200, -0.01474662063413613800 ) ) ;
#357 = EDGE_CURVE ( 'NONE', #1094, #2903, #1461, .T. ) ;
#358 = CARTESIAN_POINT ( 'NONE',  ( 0.1919610934695942200, 0.01664992997496426600, -0.04019648675812097900 ) ) ;
#359 = CARTESIAN_POINT ( 'NONE',  ( -0.2457708831737487100, -1.820270769317042600E-017, 0.06050000000000001900 ) ) ;
#360 = CARTESIAN_POINT ( 'NONE',  ( 0.02297911682625132200, -0.04277996026178614700, -0.04277996026178614000 ) ) ;
#361 = CARTESIAN_POINT ( 'NONE',  ( 0.2573408819133561300, -0.006653379927950274000, -0.05280690509687632100 ) ) ;
#362 = CARTESIAN_POINT ( 'NONE',  ( 0.08571109346959422700, -0.01664992997496425300, -0.04019648675812097900 ) ) ;
#363 = CARTESIAN_POINT ( 'NONE',  ( -0.1051458831737487600, 0.06050000000000000500, 0.02505992052357226100 ) ) ;
#364 = CARTESIAN_POINT ( 'NONE',  ( -0.2666042165070819400, -3.479244853313123200E-017, -0.06050000000000001200 ) ) ;
#365 = CARTESIAN_POINT ( 'NONE',  ( -0.1730861931504248400, 0.01664992997496422800, -0.04019648675812097200 ) ) ;
#366 = CARTESIAN_POINT ( 'NONE',  ( 0.1331638068495752100, 0.04019648675812097900, -0.01664992997496426300 ) ) ;
#367 = CARTESIAN_POINT ( 'NONE',  ( 0.1557499003191694400, -0.03787500000000004100, -0.01568833867488098400 ) ) ;
#368 = CARTESIAN_POINT ( 'NONE',  ( -0.2899999999999999800, 0.0000000000000000000, 0.06050000000000002600 ) ) ;
#369 = CARTESIAN_POINT ( 'NONE',  ( 0.002145783492918098300, 0.04277996026178614000, 0.04277996026178614000 ) ) ;
#370 = CARTESIAN_POINT ( 'NONE',  ( -0.2899999999999999800, 0.0000000000000000000, 0.06050000000000002600 ) ) ;
#371 = CARTESIAN_POINT ( 'NONE',  ( 0.08628880684957517000, 0.04019648675812098600, 0.0000000000000000000 ) ) ;
#372 = CARTESIAN_POINT ( 'NONE',  ( -0.07597921650708194800, -0.06050000000000003300, -0.02505992052357224400 ) ) ;
#373 = CARTESIAN_POINT ( 'NONE',  ( -0.3192500996808306200, 0.03787500000000001300, 0.01568833867488099400 ) ) ;
#374 = CARTESIAN_POINT ( 'NONE',  ( 0.2556686616513691400, -0.01038135700502121300, 0.04924866140773134800 ) ) ;
#375 = ORIENTED_EDGE ( 'NONE', *, *, #4335, .T. ) ;
#376 = CARTESIAN_POINT ( 'NONE',  ( -0.2899999999999999800, -0.03995833333333329700, 4.893484501592961400E-018 ) ) ;
#377 = CARTESIAN_POINT ( 'NONE',  ( -0.2743750000000000400, -0.01568833867488101500, 0.03787500000000004800 ) ) ;
#378 = ORIENTED_EDGE ( 'NONE', *, *, #1748, .T. ) ;
#379 = CARTESIAN_POINT ( 'NONE',  ( -0.2899999999999999800, -0.02262245262552027900, -0.03037664007434159200 ) ) ;
#380 = CARTESIAN_POINT ( 'NONE',  ( 0.1261041168262513300, -0.02505992052357228600, -0.06049999999999999800 ) ) ;
#381 = CARTESIAN_POINT ( 'NONE',  ( -0.1509792165070819600, 0.06050000000000000500, 0.02505992052357226100 ) ) ;
#382 = EDGE_CURVE ( 'NONE', #1580, #4318, #1315, .T. ) ;
#383 = CARTESIAN_POINT ( 'NONE',  ( 0.04196109346959419500, 0.01664992997496425300, -0.04019648675812097900 ) ) ;
#384 = CARTESIAN_POINT ( 'NONE',  ( -0.1738958831737487100, -0.02505992052357230600, -0.06049999999999999800 ) ) ;
#385 = CARTESIAN_POINT ( 'NONE',  ( -0.3103542165070820000, 0.04277996026178608500, -0.04277996026178614000 ) ) ;
#386 = CARTESIAN_POINT ( 'NONE',  ( -0.05433619315042484400, 0.01664992997496423200, 0.04019648675812097900 ) ) ;
#387 = CARTESIAN_POINT ( 'NONE',  ( 0.07378880684957517300, -2.118216033796552500E-018, -0.04019648675812097900 ) ) ;
#388 = ORIENTED_EDGE ( 'NONE', *, *, #4683, .F. ) ;
#389 = CARTESIAN_POINT ( 'NONE',  ( 0.1526249003191694200, -0.03787500000000003400, 4.638349751770605400E-018 ) ) ;
#390 = CARTESIAN_POINT ( 'NONE',  ( -0.07910421650708192300, -0.06050000000000002600, 7.409113134841489000E-018 ) ) ;
#391 = CARTESIAN_POINT ( 'NONE',  ( 0.2571818314476153100, 0.04911403328151017100, -0.01978381737729290000 ) ) ;
#392 = VERTEX_POINT ( 'NONE', #2773 ) ;
#393 = CARTESIAN_POINT ( 'NONE',  ( -0.1634792165070819400, 0.02505992052357225400, -0.06049999999999999800 ) ) ;
#394 = CARTESIAN_POINT ( 'NONE',  ( -0.2786250996808306000, 0.02678166933744048300, -0.02678166933744052400 ) ) ;
#395 = CARTESIAN_POINT ( 'NONE',  ( 0.2549553266340768800, 0.04682531779643218200, 0.01474662063413559500 ) ) ;
#396 = CARTESIAN_POINT ( 'NONE',  ( 0.2503870204929936100, 0.04082034851262293700, 0.005869911465533934500 ) ) ;
#397 = CARTESIAN_POINT ( 'NONE',  ( 0.1513360934695942300, 0.04019648675812099300, 0.0000000000000000000 ) ) ;
#398 = CARTESIAN_POINT ( 'NONE',  ( 0.1600000000000000600, -0.03787499999999991600, 4.638349751770596200E-018 ) ) ;
#399 = CARTESIAN_POINT ( 'NONE',  ( 0.02922911682625128900, -9.636941635185876600E-018, -0.06050000000000001900 ) ) ;
#400 = CARTESIAN_POINT ( 'NONE',  ( 0.2900000000000000400, 9.715098770946713200E-018, 0.0000000000000000000 ) ) ;
#401 = CARTESIAN_POINT ( 'NONE',  ( -0.1455389065304058300, 0.04019648675812097200, 0.01664992997496424200 ) ) ;
#402 = CARTESIAN_POINT ( 'NONE',  ( 0.04253880684957520000, 0.02842320836654261100, 0.02842320836654260400 ) ) ;
#403 = CARTESIAN_POINT ( 'NONE',  ( -0.02621119315042481900, -1.062148597113020100E-017, -0.04019648675812097900 ) ) ;
#404 = CARTESIAN_POINT ( 'NONE',  ( 0.04878880684957516400, 5.601266250930397000E-018, 0.04019648675812097900 ) ) ;
#405 = CARTESIAN_POINT ( 'NONE',  ( 0.2575000000000000600, -0.04913471515923186600, 0.02122204800242007100 ) ) ;
#406 = DIRECTION ( 'NONE',  ( 0.0000000000000000000, 1.000000000000000000, 0.0000000000000000000 ) ) ;
#407 = CARTESIAN_POINT ( 'NONE',  ( 0.2874553266340769700, -0.04682531779643221700, 0.01474662063413560900 ) ) ;
#408 = DIRECTION ( 'NONE',  ( 0.0000000000000000000, 1.000000000000000000, 0.0000000000000000000 ) ) ;
#409 =( BOUNDED_CURVE ( )  B_SPLINE_CURVE ( 2, ( #1222, #4555, #2473, #13, #4142, #2073, #4902, #2884, #429 ),
 .UNSPECIFIED., .F., .T. ) 
 B_SPLINE_CURVE_WITH_KNOTS ( ( 3, 2, 2, 2, 3 ),
 ( 0.1136363636363636500, 0.1250000000000000300, 0.1363636363636363800, 0.1477272727272727600, 0.1590909090909091200 ),
 .UNSPECIFIED. ) 
 CURVE ( )  GEOMETRIC_REPRESENTATION_ITEM ( )  RATIONAL_B_SPLINE_CURVE ( ( 0.9999999999999998900, 0.9238795325112868500, 1.000000000000000000, 0.9238795325112867400, 1.000000000000000000, 0.9238795325112867400, 1.000000000000000000, 0.9238795325112865200, 1.000000000000000200 ) ) 
 REPRESENTATION_ITEM ( '' )  );
#410 = CARTESIAN_POINT ( 'NONE',  ( 0.1175388068495751400, -0.02842320836654260000, -0.02842320836654260400 ) ) ;
#411 = ORIENTED_EDGE ( 'NONE', *, *, #2039, .T. ) ;
#412 = CARTESIAN_POINT ( 'NONE',  ( -0.08535421650708192900, -0.04277996026178614000, 0.04277996026178614000 ) ) ;
#413 = B_SPLINE_CURVE_WITH_KNOTS ( 'NONE', 3,
 ( #4101, #3686, #4931, #5, #422, #838, #3708, #3217, #762, #1170, #2102, #4132, #3725, #2556, #890, #2908 ),
 .UNSPECIFIED., .F., .F.,
 ( 4, 3, 3, 3, 3, 4 ),
 ( 2.404319532547144900E-007, 5.241855475977018400E-005, 0.0001046956256743458000, 0.0001590479264350794200, 0.0002189556437188168900, 0.0002296698373886063500 ),
 .UNSPECIFIED. ) ;
#414 = ORIENTED_EDGE ( 'NONE', *, *, #3110, .F. ) ;
#415 = DIRECTION ( 'NONE',  ( -1.000000000000000000, -0.0000000000000000000, -0.0000000000000000000 ) ) ;
#416 = CIRCLE ( 'NONE', #3422, 0.05885000000000002700 ) ;
#417 = VERTEX_POINT ( 'NONE', #2724 ) ;
#418 = CARTESIAN_POINT ( 'NONE',  ( -0.01812499999999996100, -0.03787500000000004800, 0.01568833867488099800 ) ) ;
#419 = ORIENTED_EDGE ( 'NONE', *, *, #3847, .F. ) ;
#420 = CARTESIAN_POINT ( 'NONE',  ( 0.2874553266340769100, 0.01064171080908285100, 0.04792522506905769200 ) ) ;
#421 = CARTESIAN_POINT ( 'NONE',  ( 0.1792291168262513400, 3.117963270814595100E-018, -0.06050000000000001900 ) ) ;
#422 = CARTESIAN_POINT ( 'NONE',  ( 0.2572368193408329800, -0.04186738993974432200, 0.03257656479992892400 ) ) ;
#423 = VECTOR ( 'NONE', #228, 39.37007874015748100 ) ;
#424 = CARTESIAN_POINT ( 'NONE',  ( -0.09553890653040580900, 0.04019648675812097900, 0.01664992997496424200 ) ) ;
#425 = CARTESIAN_POINT ( 'NONE',  ( -0.05249999999999994900, -1.243044398171446900E-017, -0.03787500000000004100 ) ) ;
#426 = VERTEX_POINT ( 'NONE', #702 ) ;
#427 = CARTESIAN_POINT ( 'NONE',  ( 0.2881686591357502900, 0.03745990887799181800, -0.03361484805752483500 ) ) ;
#428 = DIRECTION ( 'NONE',  ( 1.000000000000000000, 8.503269937333647000E-017, 0.0000000000000000000 ) ) ;
#429 = CARTESIAN_POINT ( 'NONE',  ( -0.2207708831737487100, -3.089511647851999300E-017, -0.06050000000000001900 ) ) ;
#430 = CARTESIAN_POINT ( 'NONE',  ( 0.1456638068495751900, 0.01664992997496424900, 0.04019648675812097900 ) ) ;
#431 = CARTESIAN_POINT ( 'NONE',  ( 0.008395783492918066200, 3.409770064219265900E-018, 0.06050000000000001200 ) ) ;
#432 = CARTESIAN_POINT ( 'NONE',  ( -0.2130000996808306100, 0.01568833867488098100, 0.03787500000000004800 ) ) ;
#433 = CARTESIAN_POINT ( 'NONE',  ( 0.2556686591357504300, -0.03745990887799207500, -0.03361484805752488300 ) ) ;
#434 = CARTESIAN_POINT ( 'NONE',  ( -0.1837500000000000000, 0.02678166933744050000, 0.02678166933744051400 ) ) ;
#435 = CARTESIAN_POINT ( 'NONE',  ( -0.2899999999999999200, -0.03340161752231754500, -0.02071560030611263200 ) ) ;
#436 = CARTESIAN_POINT ( 'NONE',  ( 0.2417291168262513400, 0.06050000000000003300, 0.0000000000000000000 ) ) ;
#437 = DIRECTION ( 'NONE',  ( -1.000000000000000000, -0.0000000000000000000, -0.0000000000000000000 ) ) ;
#438 = CARTESIAN_POINT ( 'NONE',  ( -0.05491390653040578700, 0.02842320836654260000, -0.02842320836654261800 ) ) ;
#439 = CARTESIAN_POINT ( 'NONE',  ( -0.1993749999999999700, 0.01568833867488098400, -0.03787500000000004100 ) ) ;
#440 = AXIS2_PLACEMENT_3D ( 'NONE', #2206, #3439, #1319 ) ;
#441 = CARTESIAN_POINT ( 'NONE',  ( 0.2900000000000000400, 5.357829746269672000E-017, 0.0000000000000000000 ) ) ;
#442 = CARTESIAN_POINT ( 'NONE',  ( 0.2847948781127370700, -0.04319104999676201500, 0.01088105698060850600 ) ) ;
#443 = CARTESIAN_POINT ( 'NONE',  ( -0.2895208831737487400, -0.04277996026178616100, 0.04277996026178614000 ) ) ;
#444 = VERTEX_POINT ( 'NONE', #2789 ) ;
#445 = ADVANCED_FACE ( 'NONE', ( #213 ), #4321, .T. ) ;
#446 = CARTESIAN_POINT ( 'NONE',  ( 0.1362888068495752000, 0.04019648675812098600, 0.0000000000000000000 ) ) ;
#447 = CARTESIAN_POINT ( 'NONE',  ( 0.1396457834929180600, 0.04277996026178613300, -0.04277996026178614000 ) ) ;
#448 = CARTESIAN_POINT ( 'NONE',  ( -0.09112509968083060100, -0.02678166933744053100, -0.02678166933744051400 ) ) ;
#449 = B_SPLINE_CURVE_WITH_KNOTS ( 'NONE', 3,
 ( #2441, #433, #3874, #1417, #558, #4278 ),
 .UNSPECIFIED., .F., .F.,
 ( 4, 2, 4 ),
 ( 2.360400634634163900E-007, 0.0001149950634880848600, 0.0002297540869127063200 ),
 .UNSPECIFIED. ) ;
#450 = ORIENTED_EDGE ( 'NONE', *, *, #2405, .F. ) ;
#451 = CARTESIAN_POINT ( 'NONE',  ( -0.2736639065304057900, -0.04019648675812101400, 4.922649884530183500E-018 ) ) ;
#452 = CARTESIAN_POINT ( 'NONE',  ( -0.04312499999999996900, 0.03787500000000002700, -0.01568833867488101500 ) ) ;
#453 = CARTESIAN_POINT ( 'NONE',  ( 0.1979791168262513000, 0.04277996026178615400, 0.04277996026178614000 ) ) ;
#454 = CARTESIAN_POINT ( 'NONE',  ( 0.1600000000000000300, 0.03589902651048401700, -0.01396060200007576500 ) ) ;
#455 = ORIENTED_EDGE ( 'NONE', *, *, #965, .F. ) ;
#456 = EDGE_CURVE ( 'NONE', #2927, #4502, #1311, .T. ) ;
#457 = AXIS2_PLACEMENT_3D ( 'NONE', #3226, #1592, #3655 ) ;
#458 = CARTESIAN_POINT ( 'NONE',  ( -0.1174139065304058000, -0.02842320836654262500, -0.02842320836654260700 ) ) ;
#459 = CARTESIAN_POINT ( 'NONE',  ( -0.1181249999999999800, -0.03787500000000004800, 0.01568833867488099800 ) ) ;
#460 = CARTESIAN_POINT ( 'NONE',  ( 0.2875877926802202800, 0.03642315634132004700, 0.03325673046628977600 ) ) ;
#461 = CARTESIAN_POINT ( 'NONE',  ( 0.1598920853074899400, -0.02904386382706757700, -0.02609656910805328500 ) ) ;
#462 = CARTESIAN_POINT ( 'NONE',  ( 0.08258609346959418200, -0.02842320836654260700, -0.02842320836654260700 ) ) ;
#463 = CARTESIAN_POINT ( 'NONE',  ( 0.08027078349291810700, -0.02505992052357228600, -0.06049999999999999100 ) ) ;
#464 = CARTESIAN_POINT ( 'NONE',  ( -0.1942500996808306000, -0.03787500000000006100, -0.01568833867488098400 ) ) ;
#465 = CARTESIAN_POINT ( 'NONE',  ( -0.1892889065304058400, 0.01664992997496422500, 0.04019648675812098600 ) ) ;
#466 = CARTESIAN_POINT ( 'NONE',  ( -0.005624999999999956400, -0.01568833867488101500, -0.03787500000000004100 ) ) ;
#467 = DIRECTION ( 'NONE',  ( 0.0000000000000000000, 0.0000000000000000000, 1.000000000000000000 ) ) ;
#468 = DIRECTION ( 'NONE',  ( -1.000000000000000000, -0.0000000000000000000, -0.0000000000000000000 ) ) ;
#469 = CARTESIAN_POINT ( 'NONE',  ( 0.2575000000000000600, 6.551860375438338200E-018, 0.05349999999999999200 ) ) ;
#470 = ADVANCED_FACE ( 'NONE', ( #1831 ), #4839, .T. ) ;
#471 = LINE ( 'NONE', #469, #90 ) ;
#472 = AXIS2_PLACEMENT_3D ( 'NONE', #3843, #576, #1381 ) ;
#473 = CARTESIAN_POINT ( 'NONE',  ( -0.06741390653040578400, -0.02842320836654262100, -0.02842320836654260700 ) ) ;
#474 = ORIENTED_EDGE ( 'NONE', *, *, #566, .F. ) ;
#475 = CARTESIAN_POINT ( 'NONE',  ( -0.1399999999999999900, 0.03787500000000002700, 0.0000000000000000000 ) ) ;
#476 = CIRCLE ( 'NONE', #893, 0.05350000000000004100 ) ;
#477 = PERSON_AND_ORGANIZATION ( #2589, #2539 ) ;
#478 = FACE_OUTER_BOUND ( 'NONE', #2401, .T. ) ;
#479 = CARTESIAN_POINT ( 'NONE',  ( -0.2723750996808306200, 0.03787500000000001300, 0.0000000000000000000 ) ) ;
#480 = DIRECTION ( 'NONE',  ( -9.237637493568399400E-017, 1.000000000000000000, 0.0000000000000000000 ) ) ;
#481 = ORIENTED_EDGE ( 'NONE', *, *, #5217, .F. ) ;
#482 = CARTESIAN_POINT ( 'NONE',  ( 0.1325860934695941900, -0.02842320836654260400, -0.02842320836654260700 ) ) ;
#483 = CARTESIAN_POINT ( 'NONE',  ( -0.2480861931504248500, -0.01664992997496425300, 0.04019648675812097900 ) ) ;
#484 = CARTESIAN_POINT ( 'NONE',  ( 0.08339578349291808200, -5.031003752463467500E-018, -0.06050000000000001200 ) ) ;
#485 = VECTOR ( 'NONE', #4692, 39.37007874015748100 ) ;
#486 = CARTESIAN_POINT ( 'NONE',  ( -0.1473750996808306200, -0.03787500000000005400, 4.638349751770605400E-018 ) ) ;
#487 = CALENDAR_DATE ( 2025, 29, 1 ) ;
#488 = CIRCLE ( 'NONE', #2289, 0.007199999999999994600 ) ;
#489 = B_SPLINE_CURVE_WITH_KNOTS ( 'NONE', 3,
 ( #3940, #5195, #3959, #2749, #3157, #695, #2778, #348, #4032, #750 ),
 .UNSPECIFIED., .F., .F.,
 ( 4, 2, 2, 2, 4 ),
 ( 0.0000000000000000000, 0.0002506958648422327700, 0.0005013917296844655300, 0.0007520875945266985100, 0.001002783459368931500 ),
 .UNSPECIFIED. ) ;
#490 = ORIENTED_EDGE ( 'NONE', *, *, #2975, .T. ) ;
#491 = ADVANCED_FACE ( 'NONE', ( #869 ), #4071, .T. ) ;
#492 = EDGE_CURVE ( 'NONE', #4287, #2466, #1768, .T. ) ;
#493 = CARTESIAN_POINT ( 'NONE',  ( -0.1743749999999999700, -0.01568833867488100800, 0.03787500000000004800 ) ) ;
#494 = CARTESIAN_POINT ( 'NONE',  ( 0.02922911682625128900, -9.636941635185876600E-018, -0.06050000000000001900 ) ) ;
#495 = CARTESIAN_POINT ( 'NONE',  ( 0.2073541168262513500, -0.02505992052357224400, 0.06050000000000001900 ) ) ;
#496 = VERTEX_POINT ( 'NONE', #3542 ) ;
#497 = CARTESIAN_POINT ( 'NONE',  ( 0.01696109346959418300, -0.01664992997496423900, 0.04019648675812098600 ) ) ;
#498 = CARTESIAN_POINT ( 'NONE',  ( -0.1806249999999999500, 0.01568833867488098400, 0.03787500000000004800 ) ) ;
#499 = CARTESIAN_POINT ( 'NONE',  ( 0.2900000000000000400, 0.04382463436946108800, -0.03068633934478101600 ) ) ;
#500 = CARTESIAN_POINT ( 'NONE',  ( -0.1973750996808305800, -0.03787500000000006100, 4.638349751770605400E-018 ) ) ;
#501 = CARTESIAN_POINT ( 'NONE',  ( 0.06071109346959422500, 0.01664992997496424600, 0.04019648675812098600 ) ) ;
#502 = ADVANCED_FACE ( 'NONE', ( #3820 ), #2731, .F. ) ;
#503 = CARTESIAN_POINT ( 'NONE',  ( -0.2730861931504248700, 0.01664992997496422100, -0.04019648675812097200 ) ) ;
#504 = CARTESIAN_POINT ( 'NONE',  ( 0.03964578349291810600, 0.04277996026178611900, -0.04277996026178614000 ) ) ;
#505 = CARTESIAN_POINT ( 'NONE',  ( -0.1848750996808306000, -2.368665603738998700E-017, -0.03787500000000004100 ) ) ;
#506 = CARTESIAN_POINT ( 'NONE',  ( -0.1736639065304058100, -0.04019648675812100700, 4.922649884530183500E-018 ) ) ;
#507 = CARTESIAN_POINT ( 'NONE',  ( 0.09437500000000007000, -0.01568833867488100800, -0.03787500000000004100 ) ) ;
#508 = ORIENTED_EDGE ( 'NONE', *, *, #4233, .F. ) ;
#509 = CARTESIAN_POINT ( 'NONE',  ( 0.05735411682625127900, -0.02505992052357225400, 0.06050000000000001900 ) ) ;
#510 =( BOUNDED_CURVE ( )  B_SPLINE_CURVE ( 2, ( #1485, #4361, #3124, #4311, #3139, #1877, #676, #628, #5159 ),
 .UNSPECIFIED., .F., .T. ) 
 B_SPLINE_CURVE_WITH_KNOTS ( ( 3, 2, 2, 2, 3 ),
 ( 0.7500000000000000000, 0.7613636363636363500, 0.7727272727272727100, 0.7840909090909091700, 0.7954545454545455300 ),
 .UNSPECIFIED. ) 
 CURVE ( )  GEOMETRIC_REPRESENTATION_ITEM ( )  RATIONAL_B_SPLINE_CURVE ( ( 1.000000000000000000, 0.9238795325112867400, 1.000000000000000000, 0.9238795325112867400, 1.000000000000000000, 0.9238795325112867400, 1.000000000000000000, 0.9238795325112859600, 1.000000000000000700 ) ) 
 REPRESENTATION_ITEM ( '' )  );
#511 = CARTESIAN_POINT ( 'NONE',  ( 0.1600000000000001100, 0.02320631599053515600, -0.03073175554916450200 ) ) ;
#512 = CARTESIAN_POINT ( 'NONE',  ( 0.04196109346959419500, 0.01664992997496425300, -0.04019648675812097900 ) ) ;
#513 = ORIENTED_EDGE ( 'NONE', *, *, #1964, .T. ) ;
#514 = CARTESIAN_POINT ( 'NONE',  ( 0.06312500000000004200, 0.03787500000000004800, 0.01568833867488099400 ) ) ;
#515 = ADVANCED_FACE ( 'NONE', ( #4911 ), #3883, .T. ) ;
#516 = CARTESIAN_POINT ( 'NONE',  ( -0.2712499999999999900, -0.02678166933744053800, 0.02678166933744051800 ) ) ;
#517 = CARTESIAN_POINT ( 'NONE',  ( -0.2873757461800514600, -0.01255391653949821900, -0.03787500000000003400 ) ) ;
#518 = DIRECTION ( 'NONE',  ( 0.0000000000000000000, 1.000000000000000000, 0.0000000000000000000 ) ) ;
#519 = CARTESIAN_POINT ( 'NONE',  ( 0.1263360934695942400, -0.04019648675812097900, 4.922649884530183500E-018 ) ) ;
#520 = ORIENTED_EDGE ( 'NONE', *, *, #2272, .F. ) ;
#521 = CARTESIAN_POINT ( 'NONE',  ( -0.2199611931504248700, 0.02842320836654258300, -0.02842320836654261100 ) ) ;
#522 = CARTESIAN_POINT ( 'NONE',  ( -0.2642889065304058200, -0.01664992997496428400, -0.04019648675812097900 ) ) ;
#523 = CARTESIAN_POINT ( 'NONE',  ( 0.05262490031916940100, -0.03787500000000004100, 4.638349751770605400E-018 ) ) ;
#524 = B_SPLINE_CURVE_WITH_KNOTS ( 'NONE', 3,
 ( #1451, #3021, #1038, #592, #5086, #2636, #1825, #3056, #5069, #1431, #4693, #2602, #140, #202, #4309, #2621 ),
 .UNSPECIFIED., .F., .F.,
 ( 4, 3, 3, 3, 3, 4 ),
 ( 1.977867938126820900E-007, 5.242069397351355200E-005, 0.0001046997757471124300, 0.0001590559708598035600, 0.0002189694805741655200, 0.0002296270970484437100 ),
 .UNSPECIFIED. ) ;
#525 = CARTESIAN_POINT ( 'NONE',  ( -0.06428890653040580900, -0.01664992997496427000, -0.04019648675812097900 ) ) ;
#526 = ORIENTED_EDGE ( 'NONE', *, *, #3080, .T. ) ;
#527 = CARTESIAN_POINT ( 'NONE',  ( 0.06937500000000006200, 0.01568833867488100100, 0.03787500000000004800 ) ) ;
#528 = CARTESIAN_POINT ( 'NONE',  ( 0.06985411682625128300, -0.06050000000000002600, -0.02505992052357225100 ) ) ;
#529 = ADVANCED_FACE ( 'NONE', ( #4978 ), #4704, .T. ) ;
#530 = EDGE_CURVE ( 'NONE', #3497, #1145, #1702, .T. ) ;
#531 = CARTESIAN_POINT ( 'NONE',  ( 0.01383609346959419800, 2.629142681808080800E-018, 0.04019648675812098600 ) ) ;
#532 = CARTESIAN_POINT ( 'NONE',  ( 0.09125000000000001200, -0.02678166933744051400, -0.02678166933744051400 ) ) ;
#533 = CARTESIAN_POINT ( 'NONE',  ( -0.1848750996808306000, -2.368665603738998700E-017, -0.03787500000000004100 ) ) ;
#534 = DIRECTION ( 'NONE',  ( 1.000000000000000000, 0.0000000000000000000, 0.0000000000000000000 ) ) ;
#535 = CARTESIAN_POINT ( 'NONE',  ( 0.06383609346959420700, 6.880777650474904700E-018, 0.04019648675812098600 ) ) ;
#536 = CARTESIAN_POINT ( 'NONE',  ( -0.1949611931504248700, -0.02842320836654262100, 0.02842320836654260700 ) ) ;
#537 = CIRCLE ( 'NONE', #3363, 0.01439999999999999600 ) ;
#538 = CARTESIAN_POINT ( 'NONE',  ( -0.2767889065304058900, -0.04019648675812101400, 0.01664992997496424200 ) ) ;
#539 = CARTESIAN_POINT ( 'NONE',  ( 0.05574990031916939000, -0.03787500000000004800, -0.01568833867488098400 ) ) ;
#540 = EDGE_CURVE ( 'NONE', #4742, #1893, #926, .T. ) ;
#541 = CARTESIAN_POINT ( 'NONE',  ( -0.05491390653040578700, 0.02842320836654260000, -0.02842320836654261800 ) ) ;
#542 = EDGE_LOOP ( 'NONE', ( #835, #2110, #4214, #1411 ) ) ;
#543 = CARTESIAN_POINT ( 'NONE',  ( 0.1756250000000000600, -0.01568833867488098100, 0.03787500000000004800 ) ) ;
#544 = ORIENTED_EDGE ( 'NONE', *, *, #3240, .T. ) ;
#545 = CARTESIAN_POINT ( 'NONE',  ( 0.06672911682625129500, -0.06050000000000001200, 7.409113134841489000E-018 ) ) ;
#546 = CARTESIAN_POINT ( 'NONE',  ( -0.04160421650708194500, -8.418649044475582400E-019, 0.06050000000000001900 ) ) ;
#547 = FACE_OUTER_BOUND ( 'NONE', #3286, .T. ) ;
#548 = AXIS2_PLACEMENT_3D ( 'NONE', #4539, #1256, #408 ) ;
#549 = VECTOR ( 'NONE', #5121, 39.37007874015748100 ) ;
#550 = VERTEX_POINT ( 'NONE', #3588 ) ;
#551 = CARTESIAN_POINT ( 'NONE',  ( 0.05446109346959419900, 0.04019648675812098600, 0.01664992997496424200 ) ) ;
#552 = CARTESIAN_POINT ( 'NONE',  ( 0.08500000000000004800, -0.03787500000000003400, 4.638349751770605400E-018 ) ) ;
#553 = ORIENTED_EDGE ( 'NONE', *, *, #3688, .F. ) ;
#554 = DIRECTION ( 'NONE',  ( 9.237637493568399400E-017, -1.000000000000000000, 0.0000000000000000000 ) ) ;
#555 = CARTESIAN_POINT ( 'NONE',  ( -0.1411250996808306200, -0.02678166933744053500, -0.02678166933744051400 ) ) ;
#556 = CYLINDRICAL_SURFACE ( 'NONE', #3225, 0.03995833333333329700 ) ;
#557 = CARTESIAN_POINT ( 'NONE',  ( -0.2824611931504248400, -0.02842320836654263100, -0.02842320836654260400 ) ) ;
#558 = CARTESIAN_POINT ( 'NONE',  ( 0.2575000000000001200, -0.04294620829319625900, -0.03194086179466892200 ) ) ;
#559 = ADVANCED_FACE ( 'NONE', ( #2661 ), #1820, .T. ) ;
#560 = CARTESIAN_POINT ( 'NONE',  ( -0.01996119315042481700, 0.02842320836654260000, -0.02842320836654261100 ) ) ;
#561 = ORIENTED_EDGE ( 'NONE', *, *, #1390, .T. ) ;
#562 = CARTESIAN_POINT ( 'NONE',  ( -0.2049139065304058400, 0.02842320836654258600, -0.02842320836654261800 ) ) ;
#563 = CARTESIAN_POINT ( 'NONE',  ( -0.003625099680830579100, -0.02678166933744051800, 0.02678166933744051800 ) ) ;
#564 = B_SPLINE_CURVE_WITH_KNOTS ( 'NONE', 3,
 ( #4485, #1596, #2820, #1634, #4883, #2419 ),
 .UNSPECIFIED., .F., .F.,
 ( 4, 2, 4 ),
 ( 0.0004471174060798761300, 0.0006696551586105898400, 0.0008921929111413035600 ),
 .UNSPECIFIED. ) ;
#565 = CARTESIAN_POINT ( 'NONE',  ( -0.1455389065304058300, 0.04019648675812097200, 0.01664992997496424200 ) ) ;
#566 = EDGE_CURVE ( 'NONE', #2427, #781, #2484, .T. ) ;
#567 = AXIS2_PLACEMENT_3D ( 'NONE', #4936, #4461, #4051 ) ;
#568 = CARTESIAN_POINT ( 'NONE',  ( 0.01312500000000001300, 0.03787500000000004800, 0.01568833867488099400 ) ) ;
#569 = CARTESIAN_POINT ( 'NONE',  ( -0.2899999999999999800, 0.03995833333333329700, 0.0000000000000000000 ) ) ;
#570 = CARTESIAN_POINT ( 'NONE',  ( -0.2900000000000000400, -0.04232022188809852300, 0.01285199349454499300 ) ) ;
#571 = CARTESIAN_POINT ( 'NONE',  ( 0.1919610934695942200, 0.01664992997496426600, -0.04019648675812097900 ) ) ;
#572 = CARTESIAN_POINT ( 'NONE',  ( 0.1662500000000000400, 0.02678166933744053100, 0.02678166933744051400 ) ) ;
#573 = DIRECTION ( 'NONE',  ( -1.000000000000000000, -0.0000000000000000000, -0.0000000000000000000 ) ) ;
#574 = CARTESIAN_POINT ( 'NONE',  ( -0.05675009968083061200, -0.01568833867488099800, 0.03787500000000004800 ) ) ;
#575 = CARTESIAN_POINT ( 'NONE',  ( -0.2899999999999999800, 0.0000000000000000000, 0.0000000000000000000 ) ) ;
#576 = DIRECTION ( 'NONE',  ( 1.000000000000000000, 8.503269937333647000E-017, 0.0000000000000000000 ) ) ;
#577 = CARTESIAN_POINT ( 'NONE',  ( -0.09496119315042483900, -0.02842320836654261100, 0.02842320836654260700 ) ) ;
#578 = CARTESIAN_POINT ( 'NONE',  ( 0.1646457834929180900, -0.04277996026178611900, 0.04277996026178614000 ) ) ;
#579 = CARTESIAN_POINT ( 'NONE',  ( 0.04324990031916937900, -0.01568833867488098700, 0.03787500000000004800 ) ) ;
#580 = CARTESIAN_POINT ( 'NONE',  ( -0.2380000996808306600, -0.01568833867488103600, -0.03787500000000004100 ) ) ;
#581 = VERTEX_POINT ( 'NONE', #5255 ) ;
#582 =( BOUNDED_CURVE ( )  B_SPLINE_CURVE ( 2, ( #2635, #1450, #1379, #2215, #5102, #3464, #3054, #2677, #591 ),
 .UNSPECIFIED., .F., .T. ) 
 B_SPLINE_CURVE_WITH_KNOTS ( ( 3, 2, 2, 2, 3 ),
 ( 0.5227272727272727100, 0.5340909090909090600, 0.5454545454545454100, 0.5568181818181817700, 0.5681818181818182300 ),
 .UNSPECIFIED. ) 
 CURVE ( )  GEOMETRIC_REPRESENTATION_ITEM ( )  RATIONAL_B_SPLINE_CURVE ( ( 1.000000000000000000, 0.9238795325112867400, 1.000000000000000000, 0.9238795325112867400, 1.000000000000000000, 0.9238795325112867400, 1.000000000000000000, 0.9238795325112867400, 1.000000000000000000 ) ) 
 REPRESENTATION_ITEM ( '' )  );
#583 = CARTESIAN_POINT ( 'NONE',  ( -0.2899999999999999200, -0.04001387629401947900, 0.04537774458836518800 ) ) ;
#584 = ORIENTED_EDGE ( 'NONE', *, *, #2272, .T. ) ;
#585 = CARTESIAN_POINT ( 'NONE',  ( -0.06035421650708192000, 0.04277996026178611900, -0.04277996026178614700 ) ) ;
#586 = CARTESIAN_POINT ( 'NONE',  ( 0.1600000000000000600, 0.03787500000000005400, 0.0000000000000000000 ) ) ;
#587 = ORIENTED_EDGE ( 'NONE', *, *, #5108, .F. ) ;
#588 = DIRECTION ( 'NONE',  ( 1.000000000000000000, 8.503269937333648200E-017, 0.0000000000000000000 ) ) ;
#589 = CARTESIAN_POINT ( 'NONE',  ( -0.1005000996808306200, -0.03787500000000005400, 0.01568833867488099800 ) ) ;
#590 = CARTESIAN_POINT ( 'NONE',  ( -0.2876056736033816300, -0.03001326931288538600, 0.05554665121068692200 ) ) ;
#591 = CARTESIAN_POINT ( 'NONE',  ( 0.004229116826251284200, 3.055467150163691900E-018, 0.06050000000000001900 ) ) ;
#592 = CARTESIAN_POINT ( 'NONE',  ( 0.2573408819133561300, 0.006653379927950176000, 0.05280690509687634100 ) ) ;
#593 = CARTESIAN_POINT ( 'NONE',  ( -0.01371119315042485100, 0.04019648675812097900, 0.0000000000000000000 ) ) ;
#594 = CARTESIAN_POINT ( 'NONE',  ( -0.2955389065304058800, 0.04019648675812096500, 0.01664992997496424200 ) ) ;
#595 = CARTESIAN_POINT ( 'NONE',  ( -0.01300009968083060000, 0.01568833867488099400, 0.03787500000000004800 ) ) ;
#596 = CARTESIAN_POINT ( 'NONE',  ( -0.09112509968083060100, -0.02678166933744053100, -0.02678166933744051400 ) ) ;
#597 = EDGE_CURVE ( 'NONE', #3668, #3974, #1765, .T. ) ;
#598 = CARTESIAN_POINT ( 'NONE',  ( 0.2860690083802028300, -0.03370319202756380500, 0.03233079153458204300 ) ) ;
#599 = DIRECTION ( 'NONE',  ( -1.000000000000000000, -0.0000000000000000000, -0.0000000000000000000 ) ) ;
#600 = DIRECTION ( 'NONE',  ( -1.000000000000000000, -0.0000000000000000000, -0.0000000000000000000 ) ) ;
#601 = CARTESIAN_POINT ( 'NONE',  ( -0.1926458831737487300, -0.02505992052357232000, 0.06049999999999997000 ) ) ;
#602 = CARTESIAN_POINT ( 'NONE',  ( -0.3130000996808305900, 0.01568833867488096700, 0.03787500000000004800 ) ) ;
#603 = CARTESIAN_POINT ( 'NONE',  ( -0.1118749999999999900, -0.03787500000000005400, -0.01568833867488098400 ) ) ;
#604 = CARTESIAN_POINT ( 'NONE',  ( -0.07550009968083061500, 0.03787500000000002700, -0.01568833867488101900 ) ) ;
#605 = CARTESIAN_POINT ( 'NONE',  ( 0.2575000000000000600, 0.04382463436946103900, -0.03068633934478098800 ) ) ;
#606 = CARTESIAN_POINT ( 'NONE',  ( 0.1956000000000001100, 0.05435833333333334200, 0.0000000000000000000 ) ) ;
#607 = ORIENTED_EDGE ( 'NONE', *, *, #344, .F. ) ;
#608 = CARTESIAN_POINT ( 'NONE',  ( -0.2986639065304058100, 0.04019648675812095100, 0.0000000000000000000 ) ) ;
#609 = CARTESIAN_POINT ( 'NONE',  ( -0.03558619315042484100, -0.04019648675812098600, -0.01664992997496422500 ) ) ;
#610 = CYLINDRICAL_SURFACE ( 'NONE', #2160, 0.006687500000000015500 ) ;
#611 = CARTESIAN_POINT ( 'NONE',  ( -0.2730861931504248700, 0.01664992997496422100, -0.04019648675812097200 ) ) ;
#612 = CARTESIAN_POINT ( 'NONE',  ( -0.2411250996808306500, -0.02678166933744054500, -0.02678166933744051400 ) ) ;
#613 = TOROIDAL_SURFACE ( 'NONE', #3401, 0.1022999999999999600, 0.007199999999999994600 ) ;
#614 = AXIS2_PLACEMENT_3D ( 'NONE', #2697, #1075, #1040 ) ;
#615 = PERSON_AND_ORGANIZATION_ROLE ( 'creator' ) ;
#616 = VERTEX_POINT ( 'NONE', #1999 ) ;
#617 = FACE_OUTER_BOUND ( 'NONE', #872, .T. ) ;
#618 = LINE ( 'NONE', #1205, #3005 ) ;
#619 = CARTESIAN_POINT ( 'NONE',  ( -0.03535421650708191200, -0.04277996026178614700, 0.04277996026178614000 ) ) ;
#620 = CARTESIAN_POINT ( 'NONE',  ( 0.2874553266340769100, 0.03618360698734932700, -0.03317860443492203600 ) ) ;
#621 = EDGE_LOOP ( 'NONE', ( #5152, #4427, #4525, #307, #5081 ) ) ;
#622 = CARTESIAN_POINT ( 'NONE',  ( -0.1087499999999999700, -0.02678166933744053100, -0.02678166933744051400 ) ) ;
#623 = CARTESIAN_POINT ( 'NONE',  ( 0.01824990031916937800, 0.01568833867488100800, -0.03787500000000004100 ) ) ;
#624 = CARTESIAN_POINT ( 'NONE',  ( -0.2900393700787401400, -0.04848746660646086800, -0.02261007700312739000 ) ) ;
#625 = CARTESIAN_POINT ( 'NONE',  ( -0.2899999999999999800, -0.03964458115066397900, 0.006638127227179004500 ) ) ;
#626 = CARTESIAN_POINT ( 'NONE',  ( -0.2736639065304057900, -0.04019648675812101400, 4.922649884530183500E-018 ) ) ;
#627 = CARTESIAN_POINT ( 'NONE',  ( -0.1137111931504248400, 0.04019648675812097200, 0.0000000000000000000 ) ) ;
#628 = CARTESIAN_POINT ( 'NONE',  ( 0.08027078349291813500, -0.02505992052357210200, -0.06050000000000019300 ) ) ;
#629 = CARTESIAN_POINT ( 'NONE',  ( -0.2762111931504248600, -3.187966081446432200E-017, -0.04019648675812097900 ) ) ;
#630 = CARTESIAN_POINT ( 'NONE',  ( -0.2567500996808306200, -0.01568833867488101200, 0.03787500000000004800 ) ) ;
#631 = EDGE_CURVE ( 'NONE', #32, #4490, #1435, .T. ) ;
#632 = DIRECTION ( 'NONE',  ( 0.0000000000000000000, -1.000000000000000000, 1.224646799147353700E-016 ) ) ;
#633 = CARTESIAN_POINT ( 'NONE',  ( -0.2899999999999999200, 0.01855794606289990600, 0.03565613811985662200 ) ) ;
#634 = CARTESIAN_POINT ( 'NONE',  ( 0.2892519704089089900, 0.04911403328053180800, 0.01779114597167908600 ) ) ;
#635 = VERTEX_POINT ( 'NONE', #2809 ) ;
#636 = CARTESIAN_POINT ( 'NONE',  ( -0.1556249999999999600, -0.01568833867488103300, -0.03787500000000003400 ) ) ;
#637 = CARTESIAN_POINT ( 'NONE',  ( -0.02862509968083058700, 0.02678166933744050700, -0.02678166933744052400 ) ) ;
#638 = EDGE_CURVE ( 'NONE', #1893, #4318, #5110, .T. ) ;
#639 = CARTESIAN_POINT ( 'NONE',  ( -0.2074611931504248600, 0.02842320836654259000, 0.02842320836654260400 ) ) ;
#640 = CARTESIAN_POINT ( 'NONE',  ( -0.1299139065304058000, -0.02842320836654262100, 0.02842320836654261100 ) ) ;
#641 = ORIENTED_EDGE ( 'NONE', *, *, #1423, .T. ) ;
#642 = CARTESIAN_POINT ( 'NONE',  ( 0.1612888068495751900, -0.04019648675812095800, 4.922649884530182800E-018 ) ) ;
#643 = CARTESIAN_POINT ( 'NONE',  ( 0.1539376495212456700, 0.002318912390413194600, 0.06045554271798071800 ) ) ;
#644 = CARTESIAN_POINT ( 'NONE',  ( -0.2105861931504248400, 0.04019648675812096500, 0.01664992997496423900 ) ) ;
#645 = CARTESIAN_POINT ( 'NONE',  ( -0.1286250996808306100, 0.02678166933744049700, -0.02678166933744052400 ) ) ;
#646 = VERTEX_POINT ( 'NONE', #2827 ) ;
#647 = AXIS2_PLACEMENT_3D ( 'NONE', #291, #4821, #1166 ) ;
#648 = ORIENTED_EDGE ( 'NONE', *, *, #357, .F. ) ;
#649 = CARTESIAN_POINT ( 'NONE',  ( 0.1509359972022880600, 0.02601322817714119300, 0.05954669234643109000 ) ) ;
#650 = CARTESIAN_POINT ( 'NONE',  ( -0.09624999999999996100, 0.02678166933744050000, -0.02678166933744052400 ) ) ;
#651 = CARTESIAN_POINT ( 'NONE',  ( -0.1697292165070818900, -0.02505992052357220900, -0.06050000000000010200 ) ) ;
#652 = CARTESIAN_POINT ( 'NONE',  ( -0.1793361931504248400, -0.01664992997496427300, -0.04019648675812097200 ) ) ;
#653 = CARTESIAN_POINT ( 'NONE',  ( -0.1955389065304057900, 0.04019648675812097200, 0.01664992997496424200 ) ) ;
#654 = CARTESIAN_POINT ( 'NONE',  ( 0.1394138068495751900, 0.04019648675812099300, 0.01664992997496423900 ) ) ;
#655 = CARTESIAN_POINT ( 'NONE',  ( -0.2009792165070819500, 0.06050000000000000500, 0.02505992052357226100 ) ) ;
#656 = CARTESIAN_POINT ( 'NONE',  ( -0.1855861931504248500, -0.04019648675812100000, -0.01664992997496422500 ) ) ;
#657 = CARTESIAN_POINT ( 'NONE',  ( 0.05887490031916943500, -0.02678166933744051800, -0.02678166933744051400 ) ) ;
#658 = EDGE_CURVE ( 'NONE', #1058, #3438, #862, .T. ) ;
#659 = CARTESIAN_POINT ( 'NONE',  ( 0.2575000000000000600, -0.04848746660646079100, -0.02261007700312736200 ) ) ;
#660 = LINE ( 'NONE', #2377, #3817 ) ;
#661 = CARTESIAN_POINT ( 'NONE',  ( 0.2893857405672950500, -0.008371138797400166900, 0.05176355498527907000 ) ) ;
#662 = CARTESIAN_POINT ( 'NONE',  ( 0.2893857405672951000, 0.008371138797400064600, -0.05176355498527916000 ) ) ;
#663 = VECTOR ( 'NONE', #718, 39.37007874015748100 ) ;
#664 = DIRECTION ( 'NONE',  ( -1.131284318818211800E-032, 1.224646799147353200E-016, 1.000000000000000000 ) ) ;
#665 = ORIENTED_EDGE ( 'NONE', *, *, #4535, .T. ) ;
#666 =( BOUNDED_CURVE ( )  B_SPLINE_CURVE ( 2, ( #5196, #2356, #4786, #275, #4840, #1936, #2319, #2751, #4017 ),
 .UNSPECIFIED., .F., .F. ) 
 B_SPLINE_CURVE_WITH_KNOTS ( ( 3, 2, 2, 2, 3 ),
 ( 0.4772727272727272900, 0.4886363636363636500, 0.5000000000000000000, 0.5113636363636363500, 0.5227272727272727100 ),
 .UNSPECIFIED. ) 
 CURVE ( )  GEOMETRIC_REPRESENTATION_ITEM ( )  RATIONAL_B_SPLINE_CURVE ( ( 1.000000000000000000, 0.9238795325112867400, 1.000000000000000000, 0.9238795325112867400, 1.000000000000000000, 0.9238795325112867400, 1.000000000000000000, 0.9238795325112867400, 1.000000000000000000 ) ) 
 REPRESENTATION_ITEM ( '' )  );
#667 = CARTESIAN_POINT ( 'NONE',  ( -0.1524999999999999700, -2.093371391904811800E-017, -0.03787500000000004100 ) ) ;
#668 = CARTESIAN_POINT ( 'NONE',  ( 0.07762490031916941000, 0.03787500000000004800, 0.0000000000000000000 ) ) ;
#669 = DIRECTION ( 'NONE',  ( 0.0000000000000000000, 0.0000000000000000000, 1.000000000000000000 ) ) ;
#670 = LINE ( 'NONE', #1246, #2208 ) ;
#671 = ORIENTED_EDGE ( 'NONE', *, *, #4857, .T. ) ;
#672 = CARTESIAN_POINT ( 'NONE',  ( -0.1449611931504248600, -0.02842320836654261800, 0.02842320836654260700 ) ) ;
#673 = CARTESIAN_POINT ( 'NONE',  ( -0.1267889065304058100, -0.04019648675812100000, 0.01664992997496424200 ) ) ;
#674 = CARTESIAN_POINT ( 'NONE',  ( 0.09253880684957514800, 0.02842320836654261800, 0.02842320836654260400 ) ) ;
#675 = EDGE_LOOP ( 'NONE', ( #1510, #3315 ) ) ;
#676 = CARTESIAN_POINT ( 'NONE',  ( 0.07714578349291804900, -0.04277996026178614700, -0.04277996026178614000 ) ) ;
#677 = CARTESIAN_POINT ( 'NONE',  ( -0.2449611931504248300, -0.02842320836654262500, 0.02842320836654260700 ) ) ;
#678 = CARTESIAN_POINT ( 'NONE',  ( 0.01512490031916939100, -6.680116162722694900E-018, -0.03787500000000004100 ) ) ;
#679 = APPLICATION_PROTOCOL_DEFINITION ( 'international standard', 'config_control_design', 1994, #3108 ) ;
#680 = TOROIDAL_SURFACE ( 'NONE', #4984, 0.1022999999999999600, 0.007199999999999998100 ) ;
#681 = CARTESIAN_POINT ( 'NONE',  ( 0.2900000000000000400, 0.0000000000000000000, 0.0000000000000000000 ) ) ;
#682 = ORIENTED_EDGE ( 'NONE', *, *, #295, .T. ) ;
#683 = B_SPLINE_CURVE_WITH_KNOTS ( 'NONE', 3,
 ( #605, #174, #201, #4739, #2281, #2226, #3494, #233, #2652, #3053, #5155, #4727, #1447, #5140, #5167, #5123 ),
 .UNSPECIFIED., .F., .F.,
 ( 4, 3, 3, 3, 3, 4 ),
 ( 2.404319532534137600E-007, 5.241855475977033300E-005, 0.0001046956256743462400, 0.0001590479264350797400, 0.0002189556437188170800, 0.0002296698373886056100 ),
 .UNSPECIFIED. ) ;
#684 = DIRECTION ( 'NONE',  ( 0.0000000000000000000, 0.0000000000000000000, 1.000000000000000000 ) ) ;
#685 = CARTESIAN_POINT ( 'NONE',  ( 0.2899450697353409000, 0.006028165606967690800, -0.05306756398329651200 ) ) ;
#686 = DIRECTION ( 'NONE',  ( -1.000000000000000000, -0.0000000000000000000, -0.0000000000000000000 ) ) ;
#687 = CARTESIAN_POINT ( 'NONE',  ( -0.02124999999999994300, -0.02678166933744051800, 0.02678166933744051800 ) ) ;
#688 = CARTESIAN_POINT ( 'NONE',  ( 0.1151249003191694200, 1.823153774610957200E-018, -0.03787500000000004100 ) ) ;
#689 = CARTESIAN_POINT ( 'NONE',  ( -0.2899999999999999800, 0.0000000000000000000, 0.0000000000000000000 ) ) ;
#690 = CARTESIAN_POINT ( 'NONE',  ( -0.2611639065304058300, -3.060014941491981700E-017, -0.04019648675812098600 ) ) ;
#691 = CARTESIAN_POINT ( 'NONE',  ( 0.1862888068495751900, 0.04019648675812099300, 0.0000000000000000000 ) ) ;
#692 = CARTESIAN_POINT ( 'NONE',  ( -0.2899999999999999800, 0.0000000000000000000, 0.0000000000000000000 ) ) ;
#693 = CARTESIAN_POINT ( 'NONE',  ( 0.01441380684957513900, -0.04019648675812098600, -0.01664992997496422500 ) ) ;
#694 = CARTESIAN_POINT ( 'NONE',  ( -0.009875099680830615900, 4.707658564851055400E-019, 0.03787500000000004100 ) ) ;
#695 = CARTESIAN_POINT ( 'NONE',  ( 0.1596287439696831300, 0.03255873647774123300, 0.02218337411188537500 ) ) ;
#696 = CARTESIAN_POINT ( 'NONE',  ( 0.2535690057693532100, -0.01114769173253584600, 0.04535321140792881300 ) ) ;
#697 = DIRECTION ( 'NONE',  ( 1.000000000000000000, 8.503269937333648200E-017, 0.0000000000000000000 ) ) ;
#698 = VERTEX_POINT ( 'NONE', #2019 ) ;
#699 = ORIENTED_EDGE ( 'NONE', *, *, #946, .F. ) ;
#700 = CARTESIAN_POINT ( 'NONE',  ( -0.01499999999999997700, -0.03787500000000004800, 4.638349751770605400E-018 ) ) ;
#701 = CARTESIAN_POINT ( 'NONE',  ( 0.1557499003191694100, -0.03787500000000004100, -0.01568833867488098400 ) ) ;
#702 = CARTESIAN_POINT ( 'NONE',  ( -0.01660421650708194000, -1.353427368979711900E-017, -0.06050000000000001900 ) ) ;
#703 = CARTESIAN_POINT ( 'NONE',  ( -0.09241390653040579300, 0.02842320836654260400, 0.02842320836654260700 ) ) ;
#704 = CARTESIAN_POINT ( 'NONE',  ( 0.07066380684957519800, -0.01664992997496425300, -0.04019648675812097200 ) ) ;
#705 = CARTESIAN_POINT ( 'NONE',  ( -0.2899999999999999200, 0.01855794606289990600, 0.03565613811985662200 ) ) ;
#706 = CARTESIAN_POINT ( 'NONE',  ( -0.1480861931504248200, -0.01664992997496424600, 0.04019648675812097900 ) ) ;
#707 = ORIENTED_EDGE ( 'NONE', *, *, #4756, .F. ) ;
#708 = CARTESIAN_POINT ( 'NONE',  ( 0.05262490031916940100, -0.03787500000000004100, 4.638349751770605400E-018 ) ) ;
#709 = CARTESIAN_POINT ( 'NONE',  ( 0.2558570447436880300, -0.04803858548262637100, -0.01607500782055378700 ) ) ;
#710 = CARTESIAN_POINT ( 'NONE',  ( -0.2541042165070819300, 0.06049999999999999100, 0.0000000000000000000 ) ) ;
#711 = CARTESIAN_POINT ( 'NONE',  ( 0.1644138068495751800, -0.04019648675812097200, -0.01664992997496422500 ) ) ;
#712 = AXIS2_PLACEMENT_3D ( 'NONE', #1632, #814, #4953 ) ;
#713 = DIRECTION ( 'NONE',  ( 0.0000000000000000000, 1.000000000000000000, 0.0000000000000000000 ) ) ;
#714 = CARTESIAN_POINT ( 'NONE',  ( 0.2874553266340769100, -0.01064171080908288100, -0.04792522506905767100 ) ) ;
#715 = CARTESIAN_POINT ( 'NONE',  ( 0.07922911682625130600, -5.385306666519049200E-018, -0.06050000000000001900 ) ) ;
#716 = CARTESIAN_POINT ( 'NONE',  ( 0.01625000000000006600, 0.02678166933744051800, 0.02678166933744051400 ) ) ;
#717 = CARTESIAN_POINT ( 'NONE',  ( 0.1213749003191693800, 0.02678166933744051800, -0.02678166933744052400 ) ) ;
#718 = DIRECTION ( 'NONE',  ( 1.000000000000000000, 8.503269937333648200E-017, 0.0000000000000000000 ) ) ;
#719 = CARTESIAN_POINT ( 'NONE',  ( 0.09196109346959420400, 0.01664992997496425600, -0.04019648675812097900 ) ) ;
#720 = CARTESIAN_POINT ( 'NONE',  ( -0.1957708831737486900, -1.395107272450360300E-017, 0.06050000000000001900 ) ) ;
#721 = CARTESIAN_POINT ( 'NONE',  ( -0.1176458831737486700, 0.02505992052357236500, -0.06049999999999990100 ) ) ;
#722 = CARTESIAN_POINT ( 'NONE',  ( -0.03246119315042482500, -0.02842320836654261100, -0.02842320836654260400 ) ) ;
#723 = CARTESIAN_POINT ( 'NONE',  ( 0.01824990031916937800, 0.01568833867488100800, -0.03787500000000004100 ) ) ;
#724 = FACE_OUTER_BOUND ( 'NONE', #1250, .T. ) ;
#725 = EDGE_CURVE ( 'NONE', #276, #2157, #1524, .T. ) ;
#726 = CARTESIAN_POINT ( 'NONE',  ( 0.2561604172432359100, -0.04837132048071849500, -0.01672078597144300400 ) ) ;
#727 = CARTESIAN_POINT ( 'NONE',  ( -0.2416042165070819400, -1.784840477911485500E-017, 0.06050000000000001900 ) ) ;
#728 = ORIENTED_EDGE ( 'NONE', *, *, #1964, .F. ) ;
#729 = DIRECTION ( 'NONE',  ( -1.000000000000000000, -0.0000000000000000000, -0.0000000000000000000 ) ) ;
#730 = VECTOR ( 'NONE', #256, 39.37007874015748100 ) ;
#731 = CARTESIAN_POINT ( 'NONE',  ( -0.3399999999999999700, 0.03787500000000001300, 0.0000000000000000000 ) ) ;
#732 = CIRCLE ( 'NONE', #4283, 0.05349999999999999200 ) ;
#733 = CARTESIAN_POINT ( 'NONE',  ( 0.2897364576424042400, -0.007280013141059356100, 0.05254565465836071000 ) ) ;
#734 = CARTESIAN_POINT ( 'NONE',  ( 0.01672911682625128800, -0.06050000000000001900, 7.409113134841489000E-018 ) ) ;
#735 = ORIENTED_EDGE ( 'NONE', *, *, #2392, .F. ) ;
#736 = CARTESIAN_POINT ( 'NONE',  ( 0.1396457834929180600, 0.04277996026178614000, -0.04277996026178614700 ) ) ;
#737 = FACE_OUTER_BOUND ( 'NONE', #2446, .T. ) ;
#738 = FACE_OUTER_BOUND ( 'NONE', #2369, .T. ) ;
#739 = CARTESIAN_POINT ( 'NONE',  ( -0.3056250000000000400, -0.01568833867488104300, -0.03787500000000004100 ) ) ;
#740 = CARTESIAN_POINT ( 'NONE',  ( -0.03374999999999998100, 0.02678166933744051400, 0.02678166933744051400 ) ) ;
#741 = CARTESIAN_POINT ( 'NONE',  ( 0.08235411682625128100, 0.02505992052357228600, -0.06050000000000000500 ) ) ;
#742 = DIRECTION ( 'NONE',  ( -1.000000000000000000, -0.0000000000000000000, -0.0000000000000000000 ) ) ;
#743 = CARTESIAN_POINT ( 'NONE',  ( -0.01428890653040579300, -0.01664992997496426600, -0.04019648675812097900 ) ) ;
#744 = CARTESIAN_POINT ( 'NONE',  ( -0.2488958831737487800, 0.02505992052357224400, 0.06050000000000001900 ) ) ;
#745 = CARTESIAN_POINT ( 'NONE',  ( -0.1113958831737487100, 0.06049999999999999100, -0.02505992052357230000 ) ) ;
#746 = CARTESIAN_POINT ( 'NONE',  ( -0.1793361931504248200, -0.01664992997496427300, -0.04019648675812097200 ) ) ;
#747 = CARTESIAN_POINT ( 'NONE',  ( 0.1994999003191694200, -0.03787500000000002700, 0.01568833867488099800 ) ) ;
#748 = ORIENTED_EDGE ( 'NONE', *, *, #1489, .F. ) ;
#749 = AXIS2_PLACEMENT_3D ( 'NONE', #3842, #3856, #4292 ) ;
#750 = CARTESIAN_POINT ( 'NONE',  ( 0.1593779594979219900, 0.02123887014058265000, 0.03412723169035635600 ) ) ;
#751 = CARTESIAN_POINT ( 'NONE',  ( -0.004104216507081937100, 0.06050000000000001200, 0.0000000000000000000 ) ) ;
#752 = CARTESIAN_POINT ( 'NONE',  ( -0.2993750000000000000, 0.01568833867488098100, -0.03787500000000004100 ) ) ;
#753 = DIRECTION ( 'NONE',  ( 0.9659258262890699800, 0.2588190451025141300, 0.0000000000000000000 ) ) ;
#754 = EDGE_CURVE ( 'NONE', #581, #4237, #413, .T. ) ;
#755 = CARTESIAN_POINT ( 'NONE',  ( -0.1541042165070819500, 0.06049999999999999100, 0.0000000000000000000 ) ) ;
#756 = CARTESIAN_POINT ( 'NONE',  ( -0.2567500996808306200, -0.01568833867488101200, 0.03787500000000004800 ) ) ;
#757 = CARTESIAN_POINT ( 'NONE',  ( 0.08547911682625133900, 0.04277996026178614000, -0.04277996026178614700 ) ) ;
#758 = CARTESIAN_POINT ( 'NONE',  ( 0.2549553266340769400, 0.03618360698734932700, -0.03317860443492204300 ) ) ;
#759 = CARTESIAN_POINT ( 'NONE',  ( -0.3306249999999999500, 0.01568833867488096700, 0.03787500000000004800 ) ) ;
#760 = CARTESIAN_POINT ( 'NONE',  ( 0.1006250000000000500, 0.01568833867488101200, -0.03787500000000004100 ) ) ;
#761 = CARTESIAN_POINT ( 'NONE',  ( -0.03327088317374869000, -0.06050000000000001900, 7.409113134841489000E-018 ) ) ;
#762 = CARTESIAN_POINT ( 'NONE',  ( 0.2564361812137221400, -0.03932595872792491600, 0.03349872485656809500 ) ) ;
#763 = EDGE_CURVE ( 'NONE', #3760, #2732, #5073, .T. ) ;
#764 = CARTESIAN_POINT ( 'NONE',  ( 0.1013360934695942300, 0.04019648675812098600, 0.0000000000000000000 ) ) ;
#765 = ORIENTED_EDGE ( 'NONE', *, *, #2616, .T. ) ;
#766 = CARTESIAN_POINT ( 'NONE',  ( -0.2582708831737486900, 0.06049999999999999100, 0.0000000000000000000 ) ) ;
#767 = DIRECTION ( 'NONE',  ( 0.0000000000000000000, 0.0000000000000000000, 1.000000000000000000 ) ) ;
#768 = CARTESIAN_POINT ( 'NONE',  ( -0.09183619315042485000, -0.04019648675812098600, 0.01664992997496424200 ) ) ;
#769 = CARTESIAN_POINT ( 'NONE',  ( -0.007461193150424849300, 0.02842320836654260700, 0.02842320836654260400 ) ) ;
#770 = DIRECTION ( 'NONE',  ( 0.0000000000000000000, 1.000000000000000000, 0.0000000000000000000 ) ) ;
#771 = CARTESIAN_POINT ( 'NONE',  ( 0.2891838032805312800, -0.04889630993750220700, 0.01795776481650294600 ) ) ;
#772 = CARTESIAN_POINT ( 'NONE',  ( 0.2898411537418954500, -0.04240683634739316600, -0.03216437532295977900 ) ) ;
#773 = CARTESIAN_POINT ( 'NONE',  ( 0.2498769853744549900, 5.122214988120493500E-017, 0.0000000000000000000 ) ) ;
#774 = ORIENTED_EDGE ( 'NONE', *, *, #2846, .F. ) ;
#775 = CARTESIAN_POINT ( 'NONE',  ( -0.1978542165070819600, 0.04277996026178611900, 0.04277996026178613300 ) ) ;
#776 = CARTESIAN_POINT ( 'NONE',  ( -0.1166042165070819300, -2.203754362713076500E-017, -0.06050000000000001900 ) ) ;
#777 = CARTESIAN_POINT ( 'NONE',  ( 0.2535707919458983800, 0.01114703981184361800, 0.04535652526591956600 ) ) ;
#778 = ORIENTED_EDGE ( 'NONE', *, *, #4808, .F. ) ;
#779 = CARTESIAN_POINT ( 'NONE',  ( -0.2493749999999999900, 0.01568833867488098400, -0.03787500000000004100 ) ) ;
#780 = CARTESIAN_POINT ( 'NONE',  ( 0.09172911682625130300, 0.06050000000000002600, 0.0000000000000000000 ) ) ;
#781 = VERTEX_POINT ( 'NONE', #1230 ) ;
#782 = AXIS2_PLACEMENT_3D ( 'NONE', #5060, #4236, #132 ) ;
#783 = CARTESIAN_POINT ( 'NONE',  ( 0.05133609346959421000, 0.04019648675812098600, 0.0000000000000000000 ) ) ;
#784 = CARTESIAN_POINT ( 'NONE',  ( -0.1020208831737487000, 0.04277996026178613300, 0.04277996026178614000 ) ) ;
#785 = CARTESIAN_POINT ( 'NONE',  ( -0.2634792165070820000, 0.02505992052357224700, -0.06049999999999999800 ) ) ;
#786 = CARTESIAN_POINT ( 'NONE',  ( -0.1387111931504248500, -0.04019648675812098600, 4.922649884530182800E-018 ) ) ;
#787 = CARTESIAN_POINT ( 'NONE',  ( 0.04253880684957520000, 0.02842320836654261100, 0.02842320836654260400 ) ) ;
#788 = CARTESIAN_POINT ( 'NONE',  ( 0.1213749003191693800, 0.02678166933744051800, -0.02678166933744052400 ) ) ;
#789 = CARTESIAN_POINT ( 'NONE',  ( 0.2847956935440065800, -0.04319218903056375900, -0.01088093730749072400 ) ) ;
#790 = CARTESIAN_POINT ( 'NONE',  ( 0.03339578349291807300, -9.282638721130292600E-018, -0.06050000000000001900 ) ) ;
#791 = CARTESIAN_POINT ( 'NONE',  ( 0.2900000000000000400, -0.04913471515923190800, -0.02122204800241996000 ) ) ;
#792 = AXIS2_PLACEMENT_3D ( 'NONE', #2688, #4319, #4736 ) ;
#793 = CARTESIAN_POINT ( 'NONE',  ( 0.1144138068495751700, -0.04019648675812097900, -0.01664992997496422500 ) ) ;
#794 = CARTESIAN_POINT ( 'NONE',  ( -0.06347921650708193700, 0.02505992052357226500, -0.06049999999999999800 ) ) ;
#795 = CARTESIAN_POINT ( 'NONE',  ( -0.3098750996808306000, -2.503904395551583500E-017, 0.03787500000000004100 ) ) ;
#796 = CARTESIAN_POINT ( 'NONE',  ( 0.2550216635195616800, 0.04691979672824488100, 0.01482912534528332800 ) ) ;
#797 = LINE ( 'NONE', #5190, #2258 ) ;
#798 = DIRECTION ( 'NONE',  ( 1.000000000000000000, 9.237637493568399400E-017, -0.0000000000000000000 ) ) ;
#799 = VERTEX_POINT ( 'NONE', #4550 ) ;
#800 = CARTESIAN_POINT ( 'NONE',  ( 0.1575860934695942100, 0.02842320836654262500, 0.02842320836654260700 ) ) ;
#801 = CARTESIAN_POINT ( 'NONE',  ( 0.2847999962754334500, 0.03102956034204167700, 0.03196545875886259300 ) ) ;
#802 = CARTESIAN_POINT ( 'NONE',  ( -0.01764588317374870400, 0.02505992052357227500, -0.06050000000000000500 ) ) ;
#803 = CYLINDRICAL_SURFACE ( 'NONE', #2642, 0.01957795784253701600 ) ;
#804 = CARTESIAN_POINT ( 'NONE',  ( -0.02053890653040582600, -0.04019648675812100000, -0.01664992997496422800 ) ) ;
#805 = CARTESIAN_POINT ( 'NONE',  ( -0.08952088317374870500, -0.04277996026178614700, 0.04277996026178614000 ) ) ;
#806 = EDGE_LOOP ( 'NONE', ( #5311, #2262, #3526, #5352 ) ) ;
#807 = CARTESIAN_POINT ( 'NONE',  ( -0.04496119315042482200, -0.02842320836654260700, 0.02842320836654260700 ) ) ;
#808 = CARTESIAN_POINT ( 'NONE',  ( 0.07691380684957516100, 0.01664992997496424900, -0.04019648675812097200 ) ) ;
#809 = CARTESIAN_POINT ( 'NONE',  ( 0.1619999003191694400, -0.01568833867488100500, -0.03787500000000004100 ) ) ;
#810 = LINE ( 'NONE', #985, #3310 ) ;
#811 = EDGE_CURVE ( 'NONE', #1444, #4490, #471, .T. ) ;
#812 = FACE_OUTER_BOUND ( 'NONE', #3383, .T. ) ;
#813 = ORIENTED_EDGE ( 'NONE', *, *, #4941, .T. ) ;
#814 = DIRECTION ( 'NONE',  ( 1.000000000000000000, 9.237637493568399400E-017, -0.0000000000000000000 ) ) ;
#815 = CARTESIAN_POINT ( 'NONE',  ( 0.08003880684957520600, 0.02842320836654260700, -0.02842320836654261100 ) ) ;
#816 = CARTESIAN_POINT ( 'NONE',  ( -0.2353542165070819600, -0.04277996026178615400, 0.04277996026178614000 ) ) ;
#817 = ORIENTED_EDGE ( 'NONE', *, *, #1044, .F. ) ;
#818 = DIRECTION ( 'NONE',  ( -1.000000000000000000, -0.0000000000000000000, -0.0000000000000000000 ) ) ;
#819 = ADVANCED_FACE ( 'NONE', ( #2525 ), #4519, .T. ) ;
#820 = EDGE_CURVE ( 'NONE', #444, #4318, #3109, .T. ) ;
#821 = CARTESIAN_POINT ( 'NONE',  ( -0.1243749999999999900, -0.01568833867488100500, 0.03787500000000004800 ) ) ;
#822 = CARTESIAN_POINT ( 'NONE',  ( -0.04577088317374869400, -1.196167818503128500E-018, 0.06050000000000001900 ) ) ;
#823 = CARTESIAN_POINT ( 'NONE',  ( 0.2555129179375529900, -0.01038523712172148600, -0.04897015710710570000 ) ) ;
#824 = CARTESIAN_POINT ( 'NONE',  ( -0.1205389065304058200, -0.04019648675812101400, -0.01664992997496422800 ) ) ;
#825 = CARTESIAN_POINT ( 'NONE',  ( 0.02066380684957517400, -0.01664992997496425600, -0.04019648675812097200 ) ) ;
#826 = CARTESIAN_POINT ( 'NONE',  ( -0.06996119315042483000, 0.02842320836654259300, -0.02842320836654261100 ) ) ;
#827 = CARTESIAN_POINT ( 'NONE',  ( 0.1300388068495751400, 0.02842320836654261100, -0.02842320836654261100 ) ) ;
#828 = AXIS2_PLACEMENT_3D ( 'NONE', #1760, #1781, #3749 ) ;
#829 = DIRECTION ( 'NONE',  ( -9.237637493568400600E-017, 1.000000000000000000, 0.0000000000000000000 ) ) ;
#830 = CARTESIAN_POINT ( 'NONE',  ( 0.1425388068495751500, 0.02842320836654262100, 0.02842320836654260400 ) ) ;
#831 = CARTESIAN_POINT ( 'NONE',  ( -0.1322292165070819400, -0.06050000000000002600, 0.02505992052357226100 ) ) ;
#832 = CARTESIAN_POINT ( 'NONE',  ( 0.2874553266340769100, -0.01064171080908287400, 0.04792522506905766400 ) ) ;
#833 = DIRECTION ( 'NONE',  ( 0.0000000000000000000, 1.000000000000000000, 0.0000000000000000000 ) ) ;
#834 = CARTESIAN_POINT ( 'NONE',  ( -0.08999999999999996900, 0.03787500000000003400, 0.0000000000000000000 ) ) ;
#835 = ORIENTED_EDGE ( 'NONE', *, *, #3025, .F. ) ;
#836 = CARTESIAN_POINT ( 'NONE',  ( 0.05839578349291808100, 7.661405032886089400E-018, 0.06050000000000001900 ) ) ;
#837 = CARTESIAN_POINT ( 'NONE',  ( -0.2900393700787401400, 0.03834655507327835300, -0.02685054692668335800 ) ) ;
#838 = CARTESIAN_POINT ( 'NONE',  ( 0.2570805576635434900, -0.04126336399308447300, 0.03290438226889182100 ) ) ;
#839 = EDGE_CURVE ( 'NONE', #5304, #32, #208, .T. ) ;
#840 = CC_DESIGN_SECURITY_CLASSIFICATION ( #5076, ( #4584 ) ) ;
#841 = CARTESIAN_POINT ( 'NONE',  ( -0.1549139065304058200, 0.02842320836654259000, -0.02842320836654261800 ) ) ;
#842 = VERTEX_POINT ( 'NONE', #2537 ) ;
#843 = CARTESIAN_POINT ( 'NONE',  ( -0.1712499999999999900, -0.02678166933744053100, 0.02678166933744051800 ) ) ;
#844 = CARTESIAN_POINT ( 'NONE',  ( 0.2549553266340769400, 0.03618360698734932700, -0.03317860443492204300 ) ) ;
#845 = DIRECTION ( 'NONE',  ( 1.000000000000000000, 9.237637493568399400E-017, -0.0000000000000000000 ) ) ;
#846 = ORIENTED_EDGE ( 'NONE', *, *, #811, .T. ) ;
#847 = CARTESIAN_POINT ( 'NONE',  ( 0.002145783492918098300, 0.04277996026178614000, 0.04277996026178613300 ) ) ;
#848 = CARTESIAN_POINT ( 'NONE',  ( -0.08800009968083061200, -0.01568833867488102600, -0.03787500000000004100 ) ) ;
#849 = CARTESIAN_POINT ( 'NONE',  ( -0.2799139065304058200, -0.02842320836654263100, 0.02842320836654261100 ) ) ;
#850 = CARTESIAN_POINT ( 'NONE',  ( -0.1524999999999999700, -2.093371391904811800E-017, -0.03787500000000004100 ) ) ;
#851 = CARTESIAN_POINT ( 'NONE',  ( 0.2822824050838381700, 0.02263653820765534500, 0.03326914924299486500 ) ) ;
#852 = CARTESIAN_POINT ( 'NONE',  ( 0.2042291168262513300, 2.006200702483098800E-017, 0.06050000000000001900 ) ) ;
#853 = DIRECTION ( 'NONE',  ( 1.000000000000000000, 9.237637493568399400E-017, -0.0000000000000000000 ) ) ;
#854 = ADVANCED_FACE ( 'NONE', ( #4441 ), #4832, .T. ) ;
#855 = AXIS2_PLACEMENT_3D ( 'NONE', #2869, #798, #833 ) ;
#856 = CARTESIAN_POINT ( 'NONE',  ( -0.1861639065304058200, -1.437739719285921500E-017, 0.04019648675812098600 ) ) ;
#857 = CARTESIAN_POINT ( 'NONE',  ( -0.1087499999999999700, -0.02678166933744053100, -0.02678166933744051400 ) ) ;
#858 = EDGE_CURVE ( 'NONE', #2016, #3722, #5230, .T. ) ;
#859 = CARTESIAN_POINT ( 'NONE',  ( 0.2897368193408328400, 0.04186738993974426600, 0.03257656479992898000 ) ) ;
#860 = CARTESIAN_POINT ( 'NONE',  ( 0.2896818314473374500, 0.04911403328074219500, -0.01978381737771077500 ) ) ;
#861 = CARTESIAN_POINT ( 'NONE',  ( 0.2900000000000000400, -0.04294620829319623100, 0.03194086179466892900 ) ) ;
#862 = CIRCLE ( 'NONE', #1714, 0.1433732811530954400 ) ;
#863 = CARTESIAN_POINT ( 'NONE',  ( 0.1458957834929181000, 0.06050000000000001900, 0.0000000000000000000 ) ) ;
#864 = CARTESIAN_POINT ( 'NONE',  ( -0.05987509968083059400, -3.780869112181714700E-018, 0.03787500000000004100 ) ) ;
#865 = B_SPLINE_CURVE_WITH_KNOTS ( 'NONE', 3,
 ( #2172, #3030, #3836, #1791, #4657, #1438 ),
 .UNSPECIFIED., .F., .F.,
 ( 4, 2, 4 ),
 ( 2.360400634649814700E-007, 0.0001149950634880857900, 0.0002297540869127065900 ),
 .UNSPECIFIED. ) ;
#866 = VERTEX_POINT ( 'NONE', #1320 ) ;
#867 = CARTESIAN_POINT ( 'NONE',  ( -0.2361639065304058100, -1.862903216152603600E-017, 0.04019648675812098600 ) ) ;
#868 = DATE_AND_TIME ( #334, #2080 ) ;
#869 = FACE_OUTER_BOUND ( 'NONE', #4590, .T. ) ;
#870 = EDGE_CURVE ( 'NONE', #2670, #1157, #2513, .T. ) ;
#871 = CARTESIAN_POINT ( 'NONE',  ( -0.1306249999999999900, 0.01568833867488098400, 0.03787500000000004800 ) ) ;
#872 = EDGE_LOOP ( 'NONE', ( #4294, #3055, #2993, #1353 ) ) ;
#873 = APPLICATION_CONTEXT ( 'configuration controlled 3d designs of mechanical parts and assemblies' ) ;
#874 = CARTESIAN_POINT ( 'NONE',  ( 0.2136041168262512700, -0.06049999999999999800, 0.02505992052357226500 ) ) ;
#875 = CARTESIAN_POINT ( 'NONE',  ( 0.2900000000000000400, 9.715098770946713200E-018, 0.0000000000000000000 ) ) ;
#876 = LINE ( 'NONE', #368, #1712 ) ;
#877 = VECTOR ( 'NONE', #753, 39.37007874015748100 ) ;
#878 = CARTESIAN_POINT ( 'NONE',  ( -0.02991390653040577900, -0.02842320836654261100, 0.02842320836654261100 ) ) ;
#879 = CARTESIAN_POINT ( 'NONE',  ( -0.06499999999999996100, -0.03787500000000004800, 4.638349751770605400E-018 ) ) ;
#880 = CARTESIAN_POINT ( 'NONE',  ( 0.2498769853744550200, 4.987187882009743900E-017, 0.0000000000000000000 ) ) ;
#881 = CARTESIAN_POINT ( 'NONE',  ( 0.05758609346959417400, 0.02842320836654261800, 0.02842320836654260700 ) ) ;
#882 = ADVANCED_FACE ( 'NONE', ( #326 ), #4315, .F. ) ;
#883 = CARTESIAN_POINT ( 'NONE',  ( -0.2387111931504248600, -0.04019648675812099300, 4.922649884530182800E-018 ) ) ;
#884 = CARTESIAN_POINT ( 'NONE',  ( 0.02402078349291805400, -0.06050000000000002600, -0.02505992052357224400 ) ) ;
#885 = CARTESIAN_POINT ( 'NONE',  ( -0.07237509968083059900, 0.03787500000000003400, 0.0000000000000000000 ) ) ;
#886 = DIRECTION ( 'NONE',  ( 0.0000000000000000000, 0.0000000000000000000, 1.000000000000000000 ) ) ;
#887 = AXIS2_PLACEMENT_3D ( 'NONE', #689, #4772, #3964 ) ;
#888 = CARTESIAN_POINT ( 'NONE',  ( -0.002499999999999973200, -8.178809013047648600E-018, -0.03787500000000004100 ) ) ;
#889 = CARTESIAN_POINT ( 'NONE',  ( 0.1292291168262513200, -1.133671697852225200E-018, -0.06050000000000001900 ) ) ;
#890 = CARTESIAN_POINT ( 'NONE',  ( 0.2550218524135785000, -0.03630263560017031600, 0.03321928875391514500 ) ) ;
#891 = CARTESIAN_POINT ( 'NONE',  ( -0.04866390653040581600, 0.04019648675812097900, 0.0000000000000000000 ) ) ;
#892 = CARTESIAN_POINT ( 'NONE',  ( -0.01499999999999997700, -0.03787500000000004800, 4.638349751770605400E-018 ) ) ;
#893 = AXIS2_PLACEMENT_3D ( 'NONE', #3676, #428, #5328 ) ;
#894 = CARTESIAN_POINT ( 'NONE',  ( -0.2900393700787401400, 0.01064171080908280500, 0.04792522506905769900 ) ) ;
#895 = CARTESIAN_POINT ( 'NONE',  ( -0.2900393700787401400, -0.004662832236999848100, 0.05329641634790838200 ) ) ;
#896 = CARTESIAN_POINT ( 'NONE',  ( 0.1600000000000001100, -0.02262245262892833100, -0.03037664007180339000 ) ) ;
#897 = ORIENTED_EDGE ( 'NONE', *, *, #658, .T. ) ;
#898 = CARTESIAN_POINT ( 'NONE',  ( 0.1138360934695942200, 1.113241261914173400E-017, 0.04019648675812098600 ) ) ;
#899 = CARTESIAN_POINT ( 'NONE',  ( -0.2605861931504248600, 0.04019648675812096500, 0.01664992997496423900 ) ) ;
#900 = CARTESIAN_POINT ( 'NONE',  ( 0.1240207834929180600, -0.06050000000000001900, -0.02505992052357224400 ) ) ;
#901 = CARTESIAN_POINT ( 'NONE',  ( -0.06925009968083061000, 0.03787500000000004100, 0.01568833867488099400 ) ) ;
#902 = B_SPLINE_CURVE_WITH_KNOTS ( 'NONE', 3,
 ( #2506, #1255, #48, #1739, #859, #4537, #2072, #4952, #85, #2489, #3747, #2521, #2928, #460, #3337, #65 ),
 .UNSPECIFIED., .F., .F.,
 ( 4, 3, 3, 3, 3, 4 ),
 ( 2.404319532534137600E-007, 5.241855475977041400E-005, 0.0001046956256743458400, 0.0001590479264350796900, 0.0002189556437188172400, 0.0002296698373886054000 ),
 .UNSPECIFIED. ) ;
#903 = ORIENTED_EDGE ( 'NONE', *, *, #5262, .T. ) ;
#904 = CARTESIAN_POINT ( 'NONE',  ( -0.2674139065304058600, -0.02842320836654263800, -0.02842320836654260700 ) ) ;
#905 = CARTESIAN_POINT ( 'NONE',  ( 0.04750000000000004200, -3.927174044380821300E-018, -0.03787500000000004100 ) ) ;
#906 = CARTESIAN_POINT ( 'NONE',  ( 0.03547911682625132900, 0.04277996026178613300, -0.04277996026178614700 ) ) ;
#907 = CARTESIAN_POINT ( 'NONE',  ( 0.2900000000000000400, 0.0000000000000000000, 0.0000000000000000000 ) ) ;
#908 = EDGE_LOOP ( 'NONE', ( #4443, #3909, #3560, #5232 ) ) ;
#909 = ADVANCED_FACE ( 'NONE', ( #3051 ), #3994, .T. ) ;
#910 = EDGE_CURVE ( 'NONE', #2274, #2056, #4194, .T. ) ;
#911 = AXIS2_PLACEMENT_3D ( 'NONE', #1303, #1722, #4591 ) ;
#912 = CARTESIAN_POINT ( 'NONE',  ( 0.06696109346959419600, -0.01664992997496423200, 0.04019648675812098600 ) ) ;
#913 = CARTESIAN_POINT ( 'NONE',  ( -0.1243749999999999900, -0.01568833867488100500, 0.03787500000000004800 ) ) ;
#914 = ORIENTED_EDGE ( 'NONE', *, *, #2570, .F. ) ;
#915 = CARTESIAN_POINT ( 'NONE',  ( -0.2567500996808306200, -0.01568833867488101200, 0.03787500000000004800 ) ) ;
#916 = DIRECTION ( 'NONE',  ( 1.000000000000000000, 9.237637493568399400E-017, -0.0000000000000000000 ) ) ;
#917 = CARTESIAN_POINT ( 'NONE',  ( 0.1388360934695942200, 3.412930334414772100E-018, -0.04019648675812098600 ) ) ;
#918 = CARTESIAN_POINT ( 'NONE',  ( -0.3074611931504248600, 0.02842320836654258300, 0.02842320836654260400 ) ) ;
#919 = CARTESIAN_POINT ( 'NONE',  ( 0.09277078349291809100, 0.06049999999999999100, -0.02505992052357230000 ) ) ;
#920 = CARTESIAN_POINT ( 'NONE',  ( -0.1536250996808306300, -0.02678166933744053100, 0.02678166933744051800 ) ) ;
#921 = EDGE_CURVE ( 'NONE', #5286, #1668, #4620, .T. ) ;
#922 = CARTESIAN_POINT ( 'NONE',  ( -0.1645208831737487200, 0.04277996026178611200, -0.04277996026178614700 ) ) ;
#923 = CARTESIAN_POINT ( 'NONE',  ( 0.1100000000000000600, 0.03787500000000004800, 0.0000000000000000000 ) ) ;
#924 = CARTESIAN_POINT ( 'NONE',  ( 0.2892929036923621000, 0.06196162363432836800, 0.0000000000000000000 ) ) ;
#925 = CARTESIAN_POINT ( 'NONE',  ( -0.2900393700787401400, 0.03834655507327833900, 0.02685054692668339300 ) ) ;
#926 = LINE ( 'NONE', #1544, #3611 ) ;
#927 = AXIS2_PLACEMENT_3D ( 'NONE', #4505, #415, #1581 ) ;
#928 = CARTESIAN_POINT ( 'NONE',  ( 0.1575860934695942100, 0.02842320836654262500, 0.02842320836654260700 ) ) ;
#929 = ORIENTED_EDGE ( 'NONE', *, *, #2378, .F. ) ;
#930 = CARTESIAN_POINT ( 'NONE',  ( 0.07250000000000005100, 7.475342943493799000E-018, 0.03787500000000004100 ) ) ;
#931 = CIRCLE ( 'NONE', #5156, 0.1022999999999999600 ) ;
#932 = DIRECTION ( 'NONE',  ( 0.0000000000000000000, 0.0000000000000000000, 1.000000000000000000 ) ) ;
#933 = CARTESIAN_POINT ( 'NONE',  ( 0.2827999999999999400, -0.05884999999999997200, 7.207046412982177100E-018 ) ) ;
#934 = CARTESIAN_POINT ( 'NONE',  ( 0.1021457834929180600, 0.04277996026178614700, 0.04277996026178614000 ) ) ;
#935 = EDGE_LOOP ( 'NONE', ( #1003, #3696, #1060, #4594 ) ) ;
#936 = CARTESIAN_POINT ( 'NONE',  ( -0.008038906530405825300, 0.01664992997496424900, -0.04019648675812097900 ) ) ;
#937 = ADVANCED_FACE ( 'NONE', ( #3752 ), #3879, .F. ) ;
#938 = CARTESIAN_POINT ( 'NONE',  ( -0.2137111931504248300, 0.04019648675812095800, 0.0000000000000000000 ) ) ;
#939 = CARTESIAN_POINT ( 'NONE',  ( 0.1708957834929181200, -0.06050000000000000500, 7.409113134841487400E-018 ) ) ;
#940 = FACE_OUTER_BOUND ( 'NONE', #1380, .T. ) ;
#941 = CARTESIAN_POINT ( 'NONE',  ( 0.04949990031916942000, -0.03787500000000004800, 0.01568833867488099800 ) ) ;
#942 = LINE ( 'NONE', #4118, #2871 ) ;
#943 = ORIENTED_EDGE ( 'NONE', *, *, #870, .T. ) ;
#944 = B_SPLINE_CURVE_WITH_KNOTS ( 'NONE', 3,
 ( #3316, #2848, #4058, #2889, #5291, #435, #4099, #379 ),
 .UNSPECIFIED., .F., .F.,
 ( 4, 2, 2, 4 ),
 ( 9.486769009248163800E-019, 0.0002706777009913970700, 0.0005413554019827932800, 0.001082710803965585700 ),
 .UNSPECIFIED. ) ;
#945 = CARTESIAN_POINT ( 'NONE',  ( -0.1486639065304058100, 0.04019648675812097200, 0.0000000000000000000 ) ) ;
#946 = EDGE_CURVE ( 'NONE', #133, #1058, #3306, .T. ) ;
#947 = LINE ( 'NONE', #2862, #1391 ) ;
#948 = CARTESIAN_POINT ( 'NONE',  ( 0.06625000000000001700, 0.02678166933744052400, 0.02678166933744051400 ) ) ;
#949 = CARTESIAN_POINT ( 'NONE',  ( 0.07610411682625131700, -0.02505992052357229300, -0.06050000000000000500 ) ) ;
#950 = CARTESIAN_POINT ( 'NONE',  ( -0.2900393700787401400, 0.04911403328065315500, -0.01978381737773645900 ) ) ;
#951 = ORIENTED_EDGE ( 'NONE', *, *, #248, .F. ) ;
#952 = CARTESIAN_POINT ( 'NONE',  ( 0.08883609346959421600, -8.387046342520483000E-019, -0.04019648675812098600 ) ) ;
#953 = CARTESIAN_POINT ( 'NONE',  ( -0.002499999999999973200, -8.178809013047648600E-018, -0.03787500000000004100 ) ) ;
#954 = CARTESIAN_POINT ( 'NONE',  ( -0.2900393700787401400, -0.02985147892126856200, -0.05170427817270845800 ) ) ;
#955 = CARTESIAN_POINT ( 'NONE',  ( -0.1661250996808306100, 0.02678166933744050000, 0.02678166933744051400 ) ) ;
#956 = CARTESIAN_POINT ( 'NONE',  ( -0.2900393700787401400, -0.04242653328065325300, -0.01978381737773646200 ) ) ;
#957 = CARTESIAN_POINT ( 'NONE',  ( 0.004461093469594178000, 0.04019648675812098600, 0.01664992997496424200 ) ) ;
#958 = CARTESIAN_POINT ( 'NONE',  ( -0.2324611931504248800, -0.02842320836654262800, -0.02842320836654260400 ) ) ;
#959 = CARTESIAN_POINT ( 'NONE',  ( -0.2455389065304058300, 0.04019648675812096500, 0.01664992997496424200 ) ) ;
#960 = CARTESIAN_POINT ( 'NONE',  ( -0.009875099680830615900, 4.707658564851055400E-019, 0.03787500000000004100 ) ) ;
#961 = CARTESIAN_POINT ( 'NONE',  ( -0.06741390653040578400, -0.02842320836654262100, -0.02842320836654260700 ) ) ;
#962 = CARTESIAN_POINT ( 'NONE',  ( 0.1787500000000000500, -0.02678166933744050000, 0.02678166933744051800 ) ) ;
#963 = CARTESIAN_POINT ( 'NONE',  ( -0.2899999999999999800, 0.03787500000000001300, 0.0000000000000000000 ) ) ;
#964 = ADVANCED_FACE ( 'NONE', ( #4068 ), #3231, .T. ) ;
#965 = EDGE_CURVE ( 'NONE', #4052, #3438, #2988, .T. ) ;
#966 = CARTESIAN_POINT ( 'NONE',  ( 0.1888360934695942400, 7.664565303081600300E-018, -0.04019648675812098600 ) ) ;
#967 = EDGE_LOOP ( 'NONE', ( #2035, #1743, #2565, #1042, #3506 ) ) ;
#968 = CARTESIAN_POINT ( 'NONE',  ( 0.1537500000000000300, 0.02678166933744052400, -0.02678166933744052400 ) ) ;
#969 = DIRECTION ( 'NONE',  ( -1.000000000000000000, -0.0000000000000000000, -0.0000000000000000000 ) ) ;
#970 = DIRECTION ( 'NONE',  ( 0.0000000000000000000, -1.000000000000000000, 1.224646799147352700E-016 ) ) ;
#971 = CARTESIAN_POINT ( 'NONE',  ( 0.1539376495212457000, 0.0000000000000000000, 0.0000000000000000000 ) ) ;
#972 = ORIENTED_EDGE ( 'NONE', *, *, #2459, .F. ) ;
#973 = CARTESIAN_POINT ( 'NONE',  ( -0.04808619315042483900, -0.01664992997496424200, 0.04019648675812097900 ) ) ;
#974 = CARTESIAN_POINT ( 'NONE',  ( -0.3080389065304058300, 0.01664992997496422100, -0.04019648675812097900 ) ) ;
#975 = CARTESIAN_POINT ( 'NONE',  ( 0.1026249003191694200, -0.03787500000000003400, 4.638349751770605400E-018 ) ) ;
#976 = B_SPLINE_CURVE_WITH_KNOTS ( 'NONE', 3,
 ( #5135, #2703, #1817, #1838, #4721, #1407, #243, #995 ),
 .UNSPECIFIED., .F., .F.,
 ( 4, 2, 2, 4 ),
 ( 2.531931277038227400E-017, 0.0005087462854491560900, 0.0007631194281737216700, 0.001017492570898287200 ),
 .UNSPECIFIED. ) ;
#977 =( BOUNDED_CURVE ( )  B_SPLINE_CURVE ( 2, ( #171, #601, #1460, #1477, #214, #1017, #2277, #4723, #230 ),
 .UNSPECIFIED., .F., .T. ) 
 B_SPLINE_CURVE_WITH_KNOTS ( ( 3, 2, 2, 2, 3 ),
 ( 0.2045454545454545900, 0.2159090909090909400, 0.2272727272727272900, 0.2386363636363637000, 0.2500000000000000600 ),
 .UNSPECIFIED. ) 
 CURVE ( )  GEOMETRIC_REPRESENTATION_ITEM ( )  RATIONAL_B_SPLINE_CURVE ( ( 0.9999999999999997800, 0.9238795325112869600, 1.000000000000000000, 0.9238795325112867400, 1.000000000000000000, 0.9238795325112867400, 1.000000000000000000, 0.9238795325112864100, 1.000000000000000400 ) ) 
 REPRESENTATION_ITEM ( '' )  );
#978 = CARTESIAN_POINT ( 'NONE',  ( -0.09866390653040579800, 0.04019648675812097200, 0.0000000000000000000 ) ) ;
#979 = ORIENTED_EDGE ( 'NONE', *, *, #117, .T. ) ;
#980 = CARTESIAN_POINT ( 'NONE',  ( 0.1350000000000000600, -0.03787500000000003400, 4.638349751770605400E-018 ) ) ;
#981 = DIRECTION ( 'NONE',  ( 1.000000000000000000, 9.237637493568399400E-017, -0.0000000000000000000 ) ) ;
#982 = CARTESIAN_POINT ( 'NONE',  ( 0.1669610934695942300, -0.01664992997496422100, 0.04019648675812098600 ) ) ;
#983 = CARTESIAN_POINT ( 'NONE',  ( 0.04125000000000007100, -0.02678166933744051800, -0.02678166933744051400 ) ) ;
#984 = CARTESIAN_POINT ( 'NONE',  ( -0.1286250996808306100, 0.02678166933744049700, -0.02678166933744052400 ) ) ;
#985 = CARTESIAN_POINT ( 'NONE',  ( -0.2900393700787401400, -0.04012500000000007700, -7.311503622149235300E-018 ) ) ;
#986 = CARTESIAN_POINT ( 'NONE',  ( -0.3017889065304058500, 0.04019648675812093800, -0.01664992997496426600 ) ) ;
#987 = CARTESIAN_POINT ( 'NONE',  ( -0.02933619315042483600, -0.01664992997496426300, -0.04019648675812097200 ) ) ;
#988 = CYLINDRICAL_SURFACE ( 'NONE', #1850, 0.06050000000000002600 ) ;
#989 = CARTESIAN_POINT ( 'NONE',  ( 0.1615207834929180700, -0.02505992052357224400, 0.06050000000000000500 ) ) ;
#990 = CARTESIAN_POINT ( 'NONE',  ( 0.1276249003191694300, 0.03787500000000004800, 0.0000000000000000000 ) ) ;
#991 = CARTESIAN_POINT ( 'NONE',  ( -0.1973750996808305800, -0.03787500000000006100, 4.638349751770605400E-018 ) ) ;
#992 = EDGE_CURVE ( 'NONE', #4143, #4655, #4885, .T. ) ;
#993 = CARTESIAN_POINT ( 'NONE',  ( 0.2828870134186504100, -0.01532669519452700300, 0.03828639677933255700 ) ) ;
#994 = ORIENTED_EDGE ( 'NONE', *, *, #3391, .F. ) ;
#995 = CARTESIAN_POINT ( 'NONE',  ( -0.2899999999999995900, -0.01233786149596127400, 0.05922860097711645000 ) ) ;
#996 = CARTESIAN_POINT ( 'NONE',  ( 0.2546291238939678000, 5.031086414972225800E-017, 0.0000000000000000000 ) ) ;
#997 = CONICAL_SURFACE ( 'NONE', #2302, 0.05350000000000004100, 1.047197551196600100 ) ;
#998 = AXIS2_PLACEMENT_3D ( 'NONE', #880, #4901, #66 ) ;
#999 = LOCAL_TIME ( 15, 52, 34.00000000000000000, #1830 ) ;
#1000 = ORIENTED_EDGE ( 'NONE', *, *, #1489, .T. ) ;
#1001 = CARTESIAN_POINT ( 'NONE',  ( -0.05097921650708193300, 0.06050000000000001200, 0.02505992052357226100 ) ) ;
#1002 = CARTESIAN_POINT ( 'NONE',  ( 0.05375000000000007500, 0.02678166933744051400, -0.02678166933744052400 ) ) ;
#1003 = ORIENTED_EDGE ( 'NONE', *, *, #268, .F. ) ;
#1004 = CARTESIAN_POINT ( 'NONE',  ( -0.2900393700787401400, 0.04242653328065313500, 0.01978381737773645900 ) ) ;
#1005 = CARTESIAN_POINT ( 'NONE',  ( -0.02237509968083062000, 0.03787500000000003400, 0.0000000000000000000 ) ) ;
#1006 = LINE ( 'NONE', #1425, #4844 ) ;
#1007 = CARTESIAN_POINT ( 'NONE',  ( 0.1584526204859392800, 0.02515861195142130400, 0.03168780478166392100 ) ) ;
#1008 = CARTESIAN_POINT ( 'NONE',  ( 0.05816380684957518600, -0.04019648675812097200, 0.01664992997496424200 ) ) ;
#1009 = CARTESIAN_POINT ( 'NONE',  ( -0.2424139065304058400, 0.02842320836654259000, 0.02842320836654260700 ) ) ;
#1010 = CARTESIAN_POINT ( 'NONE',  ( 0.1182499003191694300, 0.01568833867488101200, -0.03787500000000004100 ) ) ;
#1011 = CARTESIAN_POINT ( 'NONE',  ( -0.08800009968083061200, -0.01568833867488102600, -0.03787500000000004100 ) ) ;
#1012 = EDGE_CURVE ( 'NONE', #4502, #2732, #4973, .T. ) ;
#1013 = AXIS2_PLACEMENT_3D ( 'NONE', #2127, #2964, #5025 ) ;
#1014 = DIRECTION ( 'NONE',  ( -1.000000000000000000, -0.0000000000000000000, -0.0000000000000000000 ) ) ;
#1015 = CARTESIAN_POINT ( 'NONE',  ( 0.2874553266340769100, 0.01064171080908288800, -0.04792522506905766400 ) ) ;
#1016 = CARTESIAN_POINT ( 'NONE',  ( -0.2899999999999999200, -0.04418971994357975100, 0.02261573774914389700 ) ) ;
#1017 = CARTESIAN_POINT ( 'NONE',  ( -0.1801458831737487400, -0.06050000000000005400, -0.02505992052357225100 ) ) ;
#1018 = CARTESIAN_POINT ( 'NONE',  ( -0.2880000996808306200, -0.01568833867488104000, -0.03787500000000004100 ) ) ;
#1019 = CARTESIAN_POINT ( 'NONE',  ( -0.1368749999999999700, 0.03787500000000002700, 0.01568833867488099400 ) ) ;
#1020 = CARTESIAN_POINT ( 'NONE',  ( 0.002624900319169388300, -0.03787500000000004800, 4.638349751770605400E-018 ) ) ;
#1021 = CARTESIAN_POINT ( 'NONE',  ( -0.1822292165070819300, -0.06050000000000003300, 0.02505992052357226500 ) ) ;
#1022 = CARTESIAN_POINT ( 'NONE',  ( -0.09577088317374871100, -5.447802787169956600E-018, 0.06050000000000001900 ) ) ;
#1023 = CARTESIAN_POINT ( 'NONE',  ( -0.2955389065304058800, 0.04019648675812096500, 0.01664992997496424200 ) ) ;
#1024 = CARTESIAN_POINT ( 'NONE',  ( 0.02378880684957515900, -6.369851002463380300E-018, -0.04019648675812097900 ) ) ;
#1025 = CARTESIAN_POINT ( 'NONE',  ( 0.1901249003191694300, 1.747730573115240300E-017, 0.03787500000000004100 ) ) ;
#1026 = CARTESIAN_POINT ( 'NONE',  ( -0.2755000996808306700, 0.03787500000000000600, -0.01568833867488101500 ) ) ;
#1027 = APPROVAL_ROLE ( '' ) ;
#1028 = VERTEX_POINT ( 'NONE', #2595 ) ;
#1029 = AXIS2_PLACEMENT_3D ( 'NONE', #2904, #2480, #886 ) ;
#1030 = CARTESIAN_POINT ( 'NONE',  ( 0.2498769853744549900, -0.1022999999999999000, 1.252813675527741800E-017 ) ) ;
#1031 = CARTESIAN_POINT ( 'NONE',  ( 0.2900000000000000400, 0.04848746660646083300, -0.02261007700312740000 ) ) ;
#1032 = ORIENTED_EDGE ( 'NONE', *, *, #268, .T. ) ;
#1033 = EDGE_CURVE ( 'NONE', #1278, #1649, #4582, .T. ) ;
#1034 = EDGE_LOOP ( 'NONE', ( #1558, #2955, #3556, #3472 ) ) ;
#1035 = CARTESIAN_POINT ( 'NONE',  ( -0.2118749999999999800, -0.03787500000000006800, -0.01568833867488098400 ) ) ;
#1036 = CARTESIAN_POINT ( 'NONE',  ( -0.1317500996808306000, 0.01568833867488099100, -0.03787500000000004100 ) ) ;
#1037 = CARTESIAN_POINT ( 'NONE',  ( -0.2893384493201329200, -0.04019648675812100700, 0.003342006816641186800 ) ) ;
#1038 = CARTESIAN_POINT ( 'NONE',  ( 0.2574450697353409800, 0.006028165606967661300, 0.05306756398329651200 ) ) ;
#1039 = CARTESIAN_POINT ( 'NONE',  ( -0.08558619315042484400, -0.04019648675812099300, -0.01664992997496422500 ) ) ;
#1040 = DIRECTION ( 'NONE',  ( 0.0000000000000000000, 1.000000000000000000, 0.0000000000000000000 ) ) ;
#1041 = CARTESIAN_POINT ( 'NONE',  ( -0.2324611931504248800, -0.02842320836654262800, -0.02842320836654260400 ) ) ;
#1042 = ORIENTED_EDGE ( 'NONE', *, *, #763, .F. ) ;
#1043 = CARTESIAN_POINT ( 'NONE',  ( -0.2442500996808306100, -0.03787500000000006800, -0.01568833867488098400 ) ) ;
#1044 = EDGE_CURVE ( 'NONE', #2274, #4629, #1880, .T. ) ;
#1045 = CARTESIAN_POINT ( 'NONE',  ( 0.2822735279532558300, -0.02257166837733521800, 0.03329466960846574200 ) ) ;
#1046 = CARTESIAN_POINT ( 'NONE',  ( 0.2546291238939678000, 5.031086414972225800E-017, 0.0000000000000000000 ) ) ;
#1047 = CARTESIAN_POINT ( 'NONE',  ( 0.2847906321921832000, 0.03100866860348535900, -0.03196360768579146300 ) ) ;
#1048 = CARTESIAN_POINT ( 'NONE',  ( -0.2556250000000000500, -0.01568833867488104000, -0.03787500000000003400 ) ) ;
#1049 = CARTESIAN_POINT ( 'NONE',  ( 0.04637490031916943100, -0.02678166933744051400, 0.02678166933744051800 ) ) ;
#1050 = CARTESIAN_POINT ( 'NONE',  ( -0.1168361931504248300, 0.04019648675812095800, -0.01664992997496426300 ) ) ;
#1051 = ORIENTED_EDGE ( 'NONE', *, *, #3957, .T. ) ;
#1052 = CARTESIAN_POINT ( 'NONE',  ( -0.2267889065304058100, -0.04019648675812101400, 0.01664992997496424200 ) ) ;
#1053 = CARTESIAN_POINT ( 'NONE',  ( 0.08316380684957519500, 0.04019648675812097900, -0.01664992997496426300 ) ) ;
#1054 = CARTESIAN_POINT ( 'NONE',  ( 0.1600000000000000600, 0.0000000000000000000, 0.0000000000000000000 ) ) ;
#1055 = FACE_OUTER_BOUND ( 'NONE', #2435, .T. ) ;
#1056 = CARTESIAN_POINT ( 'NONE',  ( -0.2574611931504248700, 0.02842320836654258600, 0.02842320836654260400 ) ) ;
#1057 = CARTESIAN_POINT ( 'NONE',  ( -0.1161250996808306100, 0.02678166933744050700, 0.02678166933744051400 ) ) ;
#1058 = VERTEX_POINT ( 'NONE', #1427 ) ;
#1059 = AXIS2_PLACEMENT_3D ( 'NONE', #692, #3561, #1568 ) ;
#1060 = ORIENTED_EDGE ( 'NONE', *, *, #3797, .T. ) ;
#1061 = FACE_OUTER_BOUND ( 'NONE', #1882, .T. ) ;
#1062 = LINE ( 'NONE', #4158, #4077 ) ;
#1063 = ORIENTED_EDGE ( 'NONE', *, *, #1033, .T. ) ;
#1064 = CARTESIAN_POINT ( 'NONE',  ( 0.2549553266340769400, -0.04682531779643221700, -0.01474662063413560900 ) ) ;
#1065 = DIRECTION ( 'NONE',  ( 0.0000000000000000000, 0.0000000000000000000, 1.000000000000000000 ) ) ;
#1066 = AXIS2_PLACEMENT_3D ( 'NONE', #1070, #4341, #3587 ) ;
#1067 =( BOUNDED_SURFACE ( )  B_SPLINE_SURFACE ( 1, 2, ( 
 ( #731, #3173, #2355, #3206, #5249, #2780, #3616, #1107, #1521, #4384, #4366, #303, #4437, #752, #3188, #5209, #3565, #2415, #5347, #5329, #1181, #4921, #2861, #2660, #108, #3807, #4161, #1725, #1707, #68, #5206, #2815, #5299, #4434, #3209, #1807, #4674, #4804, #5231, #5018, #4944, #83, #4568, #4121, #3783, #439, #1680, #4534, #3767, #1302, #2520, #498, #3300, #3322, #843, #5006, #4935, #2124, #4138, #25, #3728, #2541, #2092, #1648, #475, #3745, #4515, #2057, #2962, #913, #3354, #459, #3369, #1325, #857, #2070, #2912, #2468, #4968, #4175, #1721, #1665, #2924, #10, #4950, #2894, #2106, #4156, #879, #4552, #4587, #2488, #425, #1699, #2505, #1269, #47, #3336, #3711, #1251, #1287, #4988, #63, #2946, #892, #172, #5023, #4240, #953, #3049, #4207, #5040, #3854, #2210, #1794, #1756, #5065, #105, #2560, #1397, #4642, #135, #983, #3017, #2191, #3461, #1002, #3839, #4630, #514, #1375, #3002, #930, #122, #3427, #3803, #552, #2980, #532, #5097, #2618, #4661, #3393, #5082, #1338, #4256, #2579, #4189, #2159, #3410, #2175, #2598, #3819, #1356, #4223, #1777, #1806, #3869, #968, #150, #586, #3033, #572, #1738, #3444, #4673, #2631, #4611, #2142, #2241, #3884, #4687, #2669, #2648, #3071, #2223, #1840 ),
 ( #1819, #1412, #4703, #602, #4288, #1428, #5137, #4275, #5119, #186, #3474, #1018, #3094, #4298, #1434, #1026, #3895, #5131, #2683, #1849, #3503, #630, #2220, #3456, #206, #1043, #612, #580, #3907, #179, #4714, #4313, #194, #1814, #2232, #2658, #161, #3878, #1422, #1455, #991, #4669, #2641, #3862, #1829, #3061, #4282, #4697, #1865, #5145, #3484, #4732, #3079, #3468, #2267, #5162, #4681, #2252, #2699, #4266, #225, #3107, #645, #1405, #2625, #3522, #1057, #3924, #1471, #4334, #5107, #2199, #5091, #3042, #596, #1011, #4795, #4746, #2730, #1899, #1090, #2350, #4378, #301, #5193, #2316, #1914, #1121, #3534, #2748, #1549, #1503, #2777, #3186, #5207, #3548, #1879, #3126, #3989, #2715, #694, #1102, #4398, #3595, #4814, #1946, #5244, #285, #678, #723, #3576, #239, #3956, #2288, #4364, #4762, #2300, #5173, #4781, #1140, #708, #1534, #657, #255, #267, #4009, #1077, #3938, #3156, #1488, #4347, #3167, #3970, #3141, #2334, #5222, #3563, #1520, #1929, #2761, #4067, #1200, #788, #3653, #4876, #2432, #1612, #3267, #2856, #1986, #3202, #5324, #389, #367, #317, #809, #5282, #4479, #4089, #5300, #1571, #2006, #2411, #5259, #3636, #1176, #3673, #747, #4413, #2387, #3610, #1591, #2816, #4050, #4457, #1220, #4899 ) ),
 .UNSPECIFIED., .F., .F., .T. ) 
 B_SPLINE_SURFACE_WITH_KNOTS ( ( 2, 2 ),
 ( 3, 2, 2, 2, 2, 2, 2, 2, 2, 2, 2, 2, 2, 2, 2, 2, 2, 2, 2, 2, 2, 2, 2, 2, 2, 2, 2, 2, 2, 2, 2, 2, 2, 2, 2, 2, 2, 2, 2, 2, 2, 2, 2, 2, 2, 2, 2, 2, 2, 2, 2, 2, 2, 2, 2, 2, 2, 2, 2, 2, 2, 2, 2, 2, 2, 2, 2, 2, 2, 2, 2, 2, 2, 2, 2, 2, 2, 2, 2, 2, 2, 2, 2, 2, 2, 2, 2, 2, 3 ),
 ( 0.0000000000000000000, 1.000000000000000000 ),
 ( 0.0000000000000000000, 0.01136363636363636400, 0.02272727272727272800, 0.03409090909090908800, 0.04545454545454545600, 0.05681818181818181600, 0.06818181818181817700, 0.07954545454545454400, 0.09090909090909091200, 0.1022727272727272800, 0.1136363636363636300, 0.1250000000000000000, 0.1363636363636363500, 0.1477272727272727300, 0.1590909090909090900, 0.1704545454545454400, 0.1818181818181818200, 0.1931818181818181800, 0.2045454545454545600, 0.2159090909090909100, 0.2272727272727272700, 0.2386363636363636500, 0.2500000000000000000, 0.2613636363636363500, 0.2727272727272727100, 0.2840909090909091200, 0.2954545454545454700, 0.3068181818181818200, 0.3181818181818181800, 0.3295454545454545300, 0.3409090909090908800, 0.3522727272727272900, 0.3636363636363636500, 0.3750000000000000000, 0.3863636363636363500, 0.3977272727272727100, 0.4090909090909091200, 0.4204545454545454700, 0.4318181818181818200, 0.4431818181818181800, 0.4545454545454545300, 0.4659090909090908800, 0.4772727272727272900, 0.4886363636363636500, 0.5000000000000000000, 0.5113636363636363500, 0.5227272727272727100, 0.5340909090909090600, 0.5454545454545454100, 0.5568181818181817700, 0.5681818181818182300, 0.5795454545454545900, 0.5909090909090909400, 0.6022727272727272900, 0.6136363636363636500, 0.6250000000000000000, 0.6363636363636363500, 0.6477272727272727100, 0.6590909090909090600, 0.6704545454545454100, 0.6818181818181817700, 0.6931818181818182300, 0.7045454545454545900, 0.7159090909090909400, 0.7272727272727272900, 0.7386363636363636500, 0.7500000000000000000, 0.7613636363636363500, 0.7727272727272727100, 0.7840909090909090600, 0.7954545454545454100, 0.8068181818181817700, 0.8181818181818182300, 0.8295454545454545900, 0.8409090909090909400, 0.8522727272727272900, 0.8636363636363636500, 0.8750000000000000000, 0.8863636363636363500, 0.8977272727272727100, 0.9090909090909090600, 0.9204545454545454100, 0.9318181818181817700, 0.9431818181818182300, 0.9545454545454545900, 0.9659090909090909400, 0.9772727272727272900, 0.9886363636363636500, 1.000000000000000000 ),
 .UNSPECIFIED. ) 
 GEOMETRIC_REPRESENTATION_ITEM ( )  RATIONAL_B_SPLINE_SURFACE ( (
 ( 1.000000000000000000, 0.9238795325112867400, 1.000000000000000000, 0.9238795325112867400, 1.000000000000000000, 0.9238795325112867400, 1.000000000000000000, 0.9238795325112867400, 1.000000000000000000, 0.9238795325112867400, 1.000000000000000000, 0.9238795325112867400, 1.000000000000000000, 0.9238795325112867400, 1.000000000000000000, 0.9238795325112867400, 1.000000000000000000, 0.9238795325112867400, 1.000000000000000000, 0.9238795325112867400, 1.000000000000000000, 0.9238795325112867400, 1.000000000000000000, 0.9238795325112867400, 1.000000000000000000, 0.9238795325112867400, 1.000000000000000000, 0.9238795325112867400, 1.000000000000000000, 0.9238795325112867400, 1.000000000000000000, 0.9238795325112867400, 1.000000000000000000, 0.9238795325112867400, 1.000000000000000000, 0.9238795325112867400, 1.000000000000000000, 0.9238795325112867400, 1.000000000000000000, 0.9238795325112867400, 1.000000000000000000, 0.9238795325112867400, 1.000000000000000000, 0.9238795325112867400, 1.000000000000000000, 0.9238795325112867400, 1.000000000000000000, 0.9238795325112867400, 1.000000000000000000, 0.9238795325112867400, 1.000000000000000000, 0.9238795325112867400, 1.000000000000000000, 0.9238795325112867400, 1.000000000000000000, 0.9238795325112867400, 1.000000000000000000, 0.9238795325112867400, 1.000000000000000000, 0.9238795325112867400, 1.000000000000000000, 0.9238795325112867400, 1.000000000000000000, 0.9238795325112867400, 1.000000000000000000, 0.9238795325112867400, 1.000000000000000000, 0.9238795325112867400, 1.000000000000000000, 0.9238795325112867400, 1.000000000000000000, 0.9238795325112867400, 1.000000000000000000, 0.9238795325112867400, 1.000000000000000000, 0.9238795325112867400, 1.000000000000000000, 0.9238795325112867400, 1.000000000000000000, 0.9238795325112867400, 1.000000000000000000, 0.9238795325112867400, 1.000000000000000000, 0.9238795325112867400, 1.000000000000000000, 0.9238795325112867400, 1.000000000000000000, 0.9238795325112867400, 1.000000000000000000, 0.9238795325112867400, 1.000000000000000000, 0.9238795325112867400, 1.000000000000000000, 0.9238795325112867400, 1.000000000000000000, 0.9238795325112867400, 1.000000000000000000, 0.9238795325112867400, 1.000000000000000000, 0.9238795325112867400, 1.000000000000000000, 0.9238795325112867400, 1.000000000000000000, 0.9238795325112867400, 1.000000000000000000, 0.9238795325112867400, 1.000000000000000000, 0.9238795325112867400, 1.000000000000000000, 0.9238795325112867400, 1.000000000000000000, 0.9238795325112867400, 1.000000000000000000, 0.9238795325112867400, 1.000000000000000000, 0.9238795325112867400, 1.000000000000000000, 0.9238795325112867400, 1.000000000000000000, 0.9238795325112867400, 1.000000000000000000, 0.9238795325112867400, 1.000000000000000000, 0.9238795325112867400, 1.000000000000000000, 0.9238795325112867400, 1.000000000000000000, 0.9238795325112867400, 1.000000000000000000, 0.9238795325112867400, 1.000000000000000000, 0.9238795325112867400, 1.000000000000000000, 0.9238795325112867400, 1.000000000000000000, 0.9238795325112867400, 1.000000000000000000, 0.9238795325112867400, 1.000000000000000000, 0.9238795325112867400, 1.000000000000000000, 0.9238795325112867400, 1.000000000000000000, 0.9238795325112867400, 1.000000000000000000, 0.9238795325112867400, 1.000000000000000000, 0.9238795325112867400, 1.000000000000000000, 0.9238795325112867400, 1.000000000000000000, 0.9238795325112867400, 1.000000000000000000, 0.9238795325112867400, 1.000000000000000000, 0.9238795325112867400, 1.000000000000000000, 0.9238795325112867400, 1.000000000000000000, 0.9238795325112867400, 1.000000000000000000, 0.9238795325112867400, 1.000000000000000000, 0.9238795325112867400, 1.000000000000000000, 0.9238795325112867400, 1.000000000000000000, 0.9238795325112867400, 1.000000000000000000, 0.9238795325112867400, 1.000000000000000000, 0.9238795325112867400, 1.000000000000000000, 0.9238795325112867400, 1.000000000000000000, 0.9238795325112867400, 1.000000000000000000),
 ( 1.000000000000000000, 0.9238795325112867400, 1.000000000000000000, 0.9238795325112867400, 1.000000000000000000, 0.9238795325112867400, 1.000000000000000000, 0.9238795325112867400, 1.000000000000000000, 0.9238795325112867400, 1.000000000000000000, 0.9238795325112867400, 1.000000000000000000, 0.9238795325112867400, 1.000000000000000000, 0.9238795325112867400, 1.000000000000000000, 0.9238795325112867400, 1.000000000000000000, 0.9238795325112867400, 1.000000000000000000, 0.9238795325112867400, 1.000000000000000000, 0.9238795325112867400, 1.000000000000000000, 0.9238795325112867400, 1.000000000000000000, 0.9238795325112867400, 1.000000000000000000, 0.9238795325112867400, 1.000000000000000000, 0.9238795325112867400, 1.000000000000000000, 0.9238795325112867400, 1.000000000000000000, 0.9238795325112867400, 1.000000000000000000, 0.9238795325112867400, 1.000000000000000000, 0.9238795325112867400, 1.000000000000000000, 0.9238795325112867400, 1.000000000000000000, 0.9238795325112867400, 1.000000000000000000, 0.9238795325112867400, 1.000000000000000000, 0.9238795325112867400, 1.000000000000000000, 0.9238795325112867400, 1.000000000000000000, 0.9238795325112867400, 1.000000000000000000, 0.9238795325112867400, 1.000000000000000000, 0.9238795325112867400, 1.000000000000000000, 0.9238795325112867400, 1.000000000000000000, 0.9238795325112867400, 1.000000000000000000, 0.9238795325112867400, 1.000000000000000000, 0.9238795325112867400, 1.000000000000000000, 0.9238795325112867400, 1.000000000000000000, 0.9238795325112867400, 1.000000000000000000, 0.9238795325112867400, 1.000000000000000000, 0.9238795325112867400, 1.000000000000000000, 0.9238795325112867400, 1.000000000000000000, 0.9238795325112867400, 1.000000000000000000, 0.9238795325112867400, 1.000000000000000000, 0.9238795325112867400, 1.000000000000000000, 0.9238795325112867400, 1.000000000000000000, 0.9238795325112867400, 1.000000000000000000, 0.9238795325112867400, 1.000000000000000000, 0.9238795325112867400, 1.000000000000000000, 0.9238795325112867400, 1.000000000000000000, 0.9238795325112867400, 1.000000000000000000, 0.9238795325112867400, 1.000000000000000000, 0.9238795325112867400, 1.000000000000000000, 0.9238795325112867400, 1.000000000000000000, 0.9238795325112867400, 1.000000000000000000, 0.9238795325112867400, 1.000000000000000000, 0.9238795325112867400, 1.000000000000000000, 0.9238795325112867400, 1.000000000000000000, 0.9238795325112867400, 1.000000000000000000, 0.9238795325112867400, 1.000000000000000000, 0.9238795325112867400, 1.000000000000000000, 0.9238795325112867400, 1.000000000000000000, 0.9238795325112867400, 1.000000000000000000, 0.9238795325112867400, 1.000000000000000000, 0.9238795325112867400, 1.000000000000000000, 0.9238795325112867400, 1.000000000000000000, 0.9238795325112867400, 1.000000000000000000, 0.9238795325112867400, 1.000000000000000000, 0.9238795325112867400, 1.000000000000000000, 0.9238795325112867400, 1.000000000000000000, 0.9238795325112867400, 1.000000000000000000, 0.9238795325112867400, 1.000000000000000000, 0.9238795325112867400, 1.000000000000000000, 0.9238795325112867400, 1.000000000000000000, 0.9238795325112867400, 1.000000000000000000, 0.9238795325112867400, 1.000000000000000000, 0.9238795325112867400, 1.000000000000000000, 0.9238795325112867400, 1.000000000000000000, 0.9238795325112867400, 1.000000000000000000, 0.9238795325112867400, 1.000000000000000000, 0.9238795325112867400, 1.000000000000000000, 0.9238795325112867400, 1.000000000000000000, 0.9238795325112867400, 1.000000000000000000, 0.9238795325112867400, 1.000000000000000000, 0.9238795325112867400, 1.000000000000000000, 0.9238795325112867400, 1.000000000000000000, 0.9238795325112867400, 1.000000000000000000, 0.9238795325112867400, 1.000000000000000000, 0.9238795325112867400, 1.000000000000000000, 0.9238795325112867400, 1.000000000000000000, 0.9238795325112867400, 1.000000000000000000, 0.9238795325112867400, 1.000000000000000000, 0.9238795325112867400, 1.000000000000000000) ) ) 
 REPRESENTATION_ITEM ( '' )  SURFACE ( )  );
#1068 = ORIENTED_EDGE ( 'NONE', *, *, #1465, .T. ) ;
#1069 = CARTESIAN_POINT ( 'NONE',  ( -0.1493749999999999500, 0.01568833867488099100, -0.03787500000000004100 ) ) ;
#1070 = CARTESIAN_POINT ( 'NONE',  ( 0.2827999999999999400, 0.05885000000000007600, 0.0000000000000000000 ) ) ;
#1071 = CARTESIAN_POINT ( 'NONE',  ( 0.2822779401495811300, -0.04012499999999109800, -1.041407816593473700E-015 ) ) ;
#1072 = CARTESIAN_POINT ( 'NONE',  ( -0.1824611931504248600, -0.02842320836654262500, -0.02842320836654260400 ) ) ;
#1073 = CARTESIAN_POINT ( 'NONE',  ( -0.1674139065304058000, -0.02842320836654262800, -0.02842320836654260700 ) ) ;
#1074 = CARTESIAN_POINT ( 'NONE',  ( 0.1019138068495751700, -0.01664992997496422500, 0.04019648675812097900 ) ) ;
#1075 = DIRECTION ( 'NONE',  ( 1.000000000000000000, 8.503269937333648200E-017, 0.0000000000000000000 ) ) ;
#1076 = CARTESIAN_POINT ( 'NONE',  ( -0.1949611931504248700, -0.02842320836654262100, 0.02842320836654260700 ) ) ;
#1077 = CARTESIAN_POINT ( 'NONE',  ( 0.07137490031916944600, 0.02678166933744051400, -0.02678166933744052400 ) ) ;
#1078 = CARTESIAN_POINT ( 'NONE',  ( 0.2555133603360869000, -0.04760259685994572300, -0.01549190013745795200 ) ) ;
#1079 = EDGE_CURVE ( 'NONE', #1357, #2274, #865, .T. ) ;
#1080 = DIRECTION ( 'NONE',  ( 0.5000000000000043300, 0.0000000000000000000, -0.8660254037844360400 ) ) ;
#1081 = DIRECTION ( 'NONE',  ( 1.000000000000000000, 8.503269937333648200E-017, 0.0000000000000000000 ) ) ;
#1082 = CARTESIAN_POINT ( 'NONE',  ( -0.07437499999999996900, -0.01568833867488099800, 0.03787500000000004800 ) ) ;
#1083 = DIRECTION ( 'NONE',  ( 1.000000000000000000, 8.503269937333648200E-017, 0.0000000000000000000 ) ) ;
#1084 = EDGE_CURVE ( 'NONE', #3111, #426, #1919, .T. ) ;
#1085 = CARTESIAN_POINT ( 'NONE',  ( -0.1986639065304058300, 0.04019648675812095800, 0.0000000000000000000 ) ) ;
#1086 = EDGE_LOOP ( 'NONE', ( #4923, #3120, #4179, #3026 ) ) ;
#1087 = CARTESIAN_POINT ( 'NONE',  ( 0.09878880684957518100, 9.852901219597221300E-018, 0.04019648675812097900 ) ) ;
#1088 = CARTESIAN_POINT ( 'NONE',  ( 0.2875216635195616500, 0.04691979672824489500, -0.01482912534528333000 ) ) ;
#1089 = CARTESIAN_POINT ( 'NONE',  ( -0.2918361931504248600, -0.04019648675812100000, 0.01664992997496424200 ) ) ;
#1090 = CARTESIAN_POINT ( 'NONE',  ( -0.07237509968083059900, 0.03787500000000003400, 0.0000000000000000000 ) ) ;
#1091 = ORIENTED_EDGE ( 'NONE', *, *, #2876, .F. ) ;
#1092 = AXIS2_PLACEMENT_3D ( 'NONE', #1406, #5149, #182 ) ;
#1093 = CARTESIAN_POINT ( 'NONE',  ( 0.1240207834929180900, -0.06050000000000002600, -0.02505992052357225100 ) ) ;
#1094 = VERTEX_POINT ( 'NONE', #211 ) ;
#1095 = CARTESIAN_POINT ( 'NONE',  ( -0.03999999999999998000, 0.03787500000000003400, 0.0000000000000000000 ) ) ;
#1096 = CARTESIAN_POINT ( 'NONE',  ( 0.1073541168262512900, -0.02505992052357225100, 0.06050000000000001900 ) ) ;
#1097 = CARTESIAN_POINT ( 'NONE',  ( -0.1103542165070819400, 0.04277996026178611200, -0.04277996026178614700 ) ) ;
#1098 = CARTESIAN_POINT ( 'NONE',  ( -0.2361639065304058100, -1.862903216152603600E-017, 0.04019648675812098600 ) ) ;
#1099 = CARTESIAN_POINT ( 'NONE',  ( 0.1362888068495752000, 0.04019648675812098600, 0.0000000000000000000 ) ) ;
#1100 = CARTESIAN_POINT ( 'NONE',  ( -0.2899999999999999800, 0.03806609023201620200, 0.003580246837253347400 ) ) ;
#1101 = CARTESIAN_POINT ( 'NONE',  ( -0.1043361931504248600, 0.01664992997496422500, 0.04019648675812097900 ) ) ;
#1102 = CARTESIAN_POINT ( 'NONE',  ( -0.006750099680830631300, -0.01568833867488099100, 0.03787500000000004800 ) ) ;
#1103 = EDGE_CURVE ( 'NONE', #4919, #4453, #2388, .T. ) ;
#1104 = DIRECTION ( 'NONE',  ( 1.000000000000000000, 8.503269937333648200E-017, 0.0000000000000000000 ) ) ;
#1105 = CARTESIAN_POINT ( 'NONE',  ( 0.1706638068495752400, -0.01664992997496424200, -0.04019648675812097200 ) ) ;
#1106 = FACE_OUTER_BOUND ( 'NONE', #3405, .T. ) ;
#1107 = CARTESIAN_POINT ( 'NONE',  ( -0.3181249999999999900, -0.03787500000000006800, 0.01568833867488099800 ) ) ;
#1108 = DIRECTION ( 'NONE',  ( 0.0000000000000000000, 1.000000000000000000, 0.0000000000000000000 ) ) ;
#1109 = FACE_OUTER_BOUND ( 'NONE', #4747, .T. ) ;
#1110 = CARTESIAN_POINT ( 'NONE',  ( 0.1419610934695942400, 0.01664992997496426300, -0.04019648675812097900 ) ) ;
#1111 = ORIENTED_EDGE ( 'NONE', *, *, #1792, .F. ) ;
#1112 = CARTESIAN_POINT ( 'NONE',  ( 0.01000000000000003000, 0.03787500000000004100, 0.0000000000000000000 ) ) ;
#1113 = CARTESIAN_POINT ( 'NONE',  ( 0.08699990031916943200, 0.01568833867488100500, 0.03787500000000004800 ) ) ;
#1114 = LINE ( 'NONE', #1416, #272 ) ;
#1115 = CARTESIAN_POINT ( 'NONE',  ( -0.2899999999999999800, 0.0000000000000000000, 0.0000000000000000000 ) ) ;
#1116 = ORIENTED_EDGE ( 'NONE', *, *, #540, .F. ) ;
#1117 = CARTESIAN_POINT ( 'NONE',  ( -0.08303890653040581200, -0.01664992997496424200, 0.04019648675812098600 ) ) ;
#1118 = CARTESIAN_POINT ( 'NONE',  ( -0.08639588317374874400, -0.06050000000000002600, 0.02505992052357226500 ) ) ;
#1119 = ORIENTED_EDGE ( 'NONE', *, *, #4603, .F. ) ;
#1120 = CARTESIAN_POINT ( 'NONE',  ( -0.1355861931504248600, -0.04019648675812099300, -0.01664992997496422500 ) ) ;
#1121 = CARTESIAN_POINT ( 'NONE',  ( -0.05050009968083062100, -0.03787500000000004800, 0.01568833867488099800 ) ) ;
#1122 = AXIS2_PLACEMENT_3D ( 'NONE', #2545, #2178, #4159 ) ;
#1123 = CIRCLE ( 'NONE', #2577, 0.03787499999999999900 ) ;
#1124 = CARTESIAN_POINT ( 'NONE',  ( -0.1197292165070819500, -0.02505992052357230600, -0.06050000000000000500 ) ) ;
#1125 = CARTESIAN_POINT ( 'NONE',  ( -0.2634792165070820000, 0.02505992052357230000, -0.06049999999999995700 ) ) ;
#1126 = DIRECTION ( 'NONE',  ( 0.0000000000000000000, 0.0000000000000000000, 1.000000000000000000 ) ) ;
#1127 = EDGE_CURVE ( 'NONE', #4572, #4639, #3491, .T. ) ;
#1128 = DIRECTION ( 'NONE',  ( 1.000000000000000000, 8.503269937333648200E-017, 0.0000000000000000000 ) ) ;
#1129 = CARTESIAN_POINT ( 'NONE',  ( -0.07389588317374871900, -0.02505992052357230000, -0.06050000000000000500 ) ) ;
#1130 = CARTESIAN_POINT ( 'NONE',  ( 0.2574451145464543000, 0.04897178818290094700, 0.02131377665435497900 ) ) ;
#1131 = DIRECTION ( 'NONE',  ( 0.0000000000000000000, -1.000000000000000000, 1.224646799147353200E-016 ) ) ;
#1132 = CARTESIAN_POINT ( 'NONE',  ( -0.2306249999999999700, 0.01568833867488097700, 0.03787500000000004800 ) ) ;
#1133 = CARTESIAN_POINT ( 'NONE',  ( 0.05687500000000005700, 0.03787500000000004100, -0.01568833867488101900 ) ) ;
#1134 = CARTESIAN_POINT ( 'NONE',  ( 0.03235411682625127800, 0.02505992052357228200, -0.06050000000000000500 ) ) ;
#1135 = EDGE_CURVE ( 'NONE', #111, #4143, #797, .T. ) ;
#1136 = CARTESIAN_POINT ( 'NONE',  ( -0.02991390653040577900, -0.02842320836654261100, 0.02842320836654261100 ) ) ;
#1137 = CARTESIAN_POINT ( 'NONE',  ( -0.2707708831737487000, -3.514675144718681600E-017, -0.06050000000000001900 ) ) ;
#1138 = CARTESIAN_POINT ( 'NONE',  ( -0.2899999999999999800, 0.03787500000000001300, 0.0000000000000000000 ) ) ;
#1139 = CARTESIAN_POINT ( 'NONE',  ( -0.1730861931504248400, 0.01664992997496422800, -0.04019648675812097200 ) ) ;
#1140 = CARTESIAN_POINT ( 'NONE',  ( 0.04949990031916942000, -0.03787500000000004800, 0.01568833867488099800 ) ) ;
#1141 = DIRECTION ( 'NONE',  ( 0.0000000000000000000, 1.000000000000000000, 0.0000000000000000000 ) ) ;
#1142 = CARTESIAN_POINT ( 'NONE',  ( 0.2522906303669598100, -0.01217696386140353300, 0.04283609478980481700 ) ) ;
#1143 = CARTESIAN_POINT ( 'NONE',  ( 0.2895801081827800700, -0.007865834204483092300, 0.05218630065608756400 ) ) ;
#1144 = CARTESIAN_POINT ( 'NONE',  ( -0.2900393700787401400, 0.03618360698734925100, 0.03317860443492207800 ) ) ;
#1145 = VERTEX_POINT ( 'NONE', #4760 ) ;
#1146 = CARTESIAN_POINT ( 'NONE',  ( -0.2899999999999999800, 0.0000000000000000000, 0.0000000000000000000 ) ) ;
#1147 = CARTESIAN_POINT ( 'NONE',  ( 0.1669610934695942300, -0.01664992997496422100, 0.04019648675812098600 ) ) ;
#1148 = ORIENTED_EDGE ( 'NONE', *, *, #5147, .T. ) ;
#1149 = CARTESIAN_POINT ( 'NONE',  ( 0.03812500000000002000, -0.03787500000000004800, -0.01568833867488098400 ) ) ;
#1150 = CARTESIAN_POINT ( 'NONE',  ( -0.02389588317374870600, -0.02505992052357230000, -0.06049999999999999800 ) ) ;
#1151 = CARTESIAN_POINT ( 'NONE',  ( -0.2666042165070819400, -3.479244853313123200E-017, -0.06050000000000001900 ) ) ;
#1152 = CARTESIAN_POINT ( 'NONE',  ( 0.02321109346959421300, -0.04019648675812098600, 0.01664992997496424200 ) ) ;
#1153 = CARTESIAN_POINT ( 'NONE',  ( -0.1363958831737486800, -0.06050000000000002600, 0.02505992052357226500 ) ) ;
#1154 = CARTESIAN_POINT ( 'NONE',  ( -0.3509792165070819700, 0.06049999999999997000, 0.02505992052357225400 ) ) ;
#1155 = CARTESIAN_POINT ( 'NONE',  ( -0.2793361931504247900, -0.01664992997496428000, -0.04019648675812097200 ) ) ;
#1156 = CARTESIAN_POINT ( 'NONE',  ( -0.1418361931504248400, -0.04019648675812098600, 0.01664992997496424200 ) ) ;
#1157 = VERTEX_POINT ( 'NONE', #3092 ) ;
#1158 = CARTESIAN_POINT ( 'NONE',  ( 0.2546291238939678000, -0.1077089906166827200, 1.319054705981128100E-017 ) ) ;
#1159 = DIRECTION ( 'NONE',  ( 0.0000000000000000000, 1.000000000000000000, 0.0000000000000000000 ) ) ;
#1160 = CARTESIAN_POINT ( 'NONE',  ( 0.2331638068495751600, 0.04019648675812098600, -0.01664992997496426300 ) ) ;
#1161 = AXIS2_PLACEMENT_3D ( 'NONE', #5223, #1536, #302 ) ;
#1162 = ORIENTED_EDGE ( 'NONE', *, *, #1845, .T. ) ;
#1163 = CARTESIAN_POINT ( 'NONE',  ( -0.2291042165070819300, -0.06050000000000003300, 7.409113134841487400E-018 ) ) ;
#1164 = CARTESIAN_POINT ( 'NONE',  ( -0.2505000996808305900, -0.03787500000000006100, 0.01568833867488099800 ) ) ;
#1165 = CARTESIAN_POINT ( 'NONE',  ( 0.09797911682625128100, 0.04277996026178614700, 0.04277996026178614000 ) ) ;
#1166 = DIRECTION ( 'NONE',  ( -9.237637493568399400E-017, 1.000000000000000000, 0.0000000000000000000 ) ) ;
#1167 = CARTESIAN_POINT ( 'NONE',  ( -0.3337500000000000500, 0.02678166933744049000, 0.02678166933744051400 ) ) ;
#1168 = CARTESIAN_POINT ( 'NONE',  ( -0.05562499999999998000, -0.01568833867488102200, -0.03787500000000003400 ) ) ;
#1169 = CARTESIAN_POINT ( 'NONE',  ( 0.06672911682625129500, -0.06050000000000001200, 7.409113134841489000E-018 ) ) ;
#1170 = CARTESIAN_POINT ( 'NONE',  ( 0.2561608370069360900, -0.03866728974528330100, 0.03353035122921903300 ) ) ;
#1171 = CARTESIAN_POINT ( 'NONE',  ( 0.1075860934695941900, 0.02842320836654262100, 0.02842320836654260700 ) ) ;
#1172 = CARTESIAN_POINT ( 'NONE',  ( -0.2363958831737487400, -0.06050000000000003300, 0.02505992052357226500 ) ) ;
#1173 = CARTESIAN_POINT ( 'NONE',  ( 0.1482110934695942400, 0.04019648675812098600, -0.01664992997496426600 ) ) ;
#1174 = CARTESIAN_POINT ( 'NONE',  ( -0.08246119315042484100, -0.02842320836654261800, -0.02842320836654260400 ) ) ;
#1175 = CARTESIAN_POINT ( 'NONE',  ( -0.1605861931504248600, 0.04019648675812097200, 0.01664992997496423900 ) ) ;
#1176 = CARTESIAN_POINT ( 'NONE',  ( 0.1932499003191694200, -0.01568833867488097700, 0.03787500000000004800 ) ) ;
#1177 = VECTOR ( 'NONE', #2120, 39.37007874015748100 ) ;
#1178 = EDGE_CURVE ( 'NONE', #111, #4421, #1694, .T. ) ;
#1179 = CARTESIAN_POINT ( 'NONE',  ( 0.2886604172432358200, -0.04837132048071848800, 0.01672078597144297700 ) ) ;
#1180 = CARTESIAN_POINT ( 'NONE',  ( 0.2897368193408329000, -0.04186738993974431500, -0.03257656479992895200 ) ) ;
#1181 = CARTESIAN_POINT ( 'NONE',  ( -0.2774999999999999700, -2.228610183717396600E-017, 0.03787500000000004100 ) ) ;
#1182 = ORIENTED_EDGE ( 'NONE', *, *, #1103, .T. ) ;
#1183 = DIRECTION ( 'NONE',  ( 0.0000000000000000000, 0.0000000000000000000, 1.000000000000000000 ) ) ;
#1184 = CARTESIAN_POINT ( 'NONE',  ( -0.1134792165070819400, 0.02505992052357226100, -0.06049999999999999800 ) ) ;
#1185 = CARTESIAN_POINT ( 'NONE',  ( 0.2883566419414501600, -0.01009832632755148900, 0.04963934577794705500 ) ) ;
#1186 = ORIENTED_EDGE ( 'NONE', *, *, #4583, .T. ) ;
#1187 = CIRCLE ( 'NONE', #196, 0.03995833333333329700 ) ;
#1188 = CYLINDRICAL_SURFACE ( 'NONE', #5148, 0.06050000000000002600 ) ;
#1189 = VERTEX_POINT ( 'NONE', #2728 ) ;
#1190 = EDGE_CURVE ( 'NONE', #5179, #4572, #510, .T. ) ;
#1191 = CARTESIAN_POINT ( 'NONE',  ( -0.2243749999999999600, -0.01568833867488100800, 0.03787500000000004800 ) ) ;
#1192 = CARTESIAN_POINT ( 'NONE',  ( 0.2556686616513691400, 0.01038135700502121900, -0.04924866140773138300 ) ) ;
#1193 = CARTESIAN_POINT ( 'NONE',  ( 0.1073541168262512900, -0.02505992052357224700, 0.06050000000000001900 ) ) ;
#1194 = CARTESIAN_POINT ( 'NONE',  ( -0.1666042165070819600, -2.628917859579758800E-017, -0.06050000000000001900 ) ) ;
#1195 = CARTESIAN_POINT ( 'NONE',  ( 0.04508609346959423900, 0.02842320836654260700, -0.02842320836654261800 ) ) ;
#1196 = CARTESIAN_POINT ( 'NONE',  ( -0.1863958831737486900, -0.06050000000000003300, 0.02505992052357226500 ) ) ;
#1197 = CARTESIAN_POINT ( 'NONE',  ( -0.2603542165070819600, 0.04277996026178609900, -0.04277996026178614000 ) ) ;
#1198 = CARTESIAN_POINT ( 'NONE',  ( -0.1574611931504248700, 0.02842320836654259300, 0.02842320836654260400 ) ) ;
#1199 = CARTESIAN_POINT ( 'NONE',  ( 0.1144138068495751700, -0.04019648675812097900, -0.01664992997496422500 ) ) ;
#1200 = CARTESIAN_POINT ( 'NONE',  ( 0.1182499003191694300, 0.01568833867488101200, -0.03787500000000004100 ) ) ;
#1201 = ORIENTED_EDGE ( 'NONE', *, *, #4546, .T. ) ;
#1202 = AXIS2_PLACEMENT_3D ( 'NONE', #245, #3961, #3132 ) ;
#1203 = CARTESIAN_POINT ( 'NONE',  ( 0.2575000000000000600, 0.04848746660646077700, 0.02261007700312736200 ) ) ;
#1204 = CARTESIAN_POINT ( 'NONE',  ( -0.2899999999999999800, 0.0000000000000000000, 0.0000000000000000000 ) ) ;
#1205 = CARTESIAN_POINT ( 'NONE',  ( 0.2900000000000000400, 0.05350000000000004800, 0.0000000000000000000 ) ) ;
#1206 = CARTESIAN_POINT ( 'NONE',  ( 0.1519138068495751700, -0.01664992997496422100, 0.04019648675812097900 ) ) ;
#1207 = CARTESIAN_POINT ( 'NONE',  ( -0.2009792165070819200, 0.06049999999999999100, 0.02505992052357225400 ) ) ;
#1208 = CARTESIAN_POINT ( 'NONE',  ( 0.2880129179375529000, -0.01038523712172150600, 0.04897015710710563000 ) ) ;
#1209 = CARTESIAN_POINT ( 'NONE',  ( 0.2549553266340770000, -0.01064171080908283600, 0.04792522506905795600 ) ) ;
#1210 = CARTESIAN_POINT ( 'NONE',  ( -0.2837500000000000000, 0.02678166933744049300, 0.02678166933744051400 ) ) ;
#1211 = CARTESIAN_POINT ( 'NONE',  ( -0.2551458831737487600, 0.06050000000000000500, 0.02505992052357226100 ) ) ;
#1212 = CARTESIAN_POINT ( 'NONE',  ( -0.04264588317374871200, -0.02505992052357226100, 0.06050000000000001900 ) ) ;
#1213 = CARTESIAN_POINT ( 'NONE',  ( 0.1600000000000000600, 0.0000000000000000000, 0.0000000000000000000 ) ) ;
#1214 = EDGE_CURVE ( 'NONE', #133, #4052, #2139, .T. ) ;
#1215 = CC_DESIGN_PERSON_AND_ORGANIZATION_ASSIGNMENT ( #2327, #3925, ( #2168 ) ) ;
#1216 = CARTESIAN_POINT ( 'NONE',  ( 0.01696109346959418300, -0.01664992997496423900, 0.04019648675812098600 ) ) ;
#1217 = CARTESIAN_POINT ( 'NONE',  ( 0.02378880684957515900, -6.369851002463380300E-018, -0.04019648675812097900 ) ) ;
#1218 = CARTESIAN_POINT ( 'NONE',  ( -0.06683619315042485500, 0.04019648675812095800, -0.01664992997496426300 ) ) ;
#1219 = CARTESIAN_POINT ( 'NONE',  ( 0.08628880684957517000, 0.04019648675812098600, 0.0000000000000000000 ) ) ;
#1220 = CARTESIAN_POINT ( 'NONE',  ( 0.2244999003191693900, 0.03787500000000004800, -0.01568833867488101500 ) ) ;
#1221 = CARTESIAN_POINT ( 'NONE',  ( 0.2874553266340769100, -0.04682531779643221000, -0.01474662063413560000 ) ) ;
#1222 = CARTESIAN_POINT ( 'NONE',  ( -0.2457708831737487100, -1.820270769317042600E-017, 0.06050000000000001900 ) ) ;
#1223 = VERTEX_POINT ( 'NONE', #643 ) ;
#1224 = CARTESIAN_POINT ( 'NONE',  ( 0.09253880684957514800, 0.02842320836654261800, 0.02842320836654260400 ) ) ;
#1225 = CARTESIAN_POINT ( 'NONE',  ( -0.2384792165070819300, -0.02505992052357227500, 0.06050000000000000500 ) ) ;
#1226 = DIRECTION ( 'NONE',  ( -0.0000000000000000000, 0.0000000000000000000, -1.000000000000000000 ) ) ;
#1227 = ORIENTED_EDGE ( 'NONE', *, *, #2762, .T. ) ;
#1228 = CARTESIAN_POINT ( 'NONE',  ( -0.08374999999999996300, 0.02678166933744051100, 0.02678166933744051400 ) ) ;
#1229 = CARTESIAN_POINT ( 'NONE',  ( -0.2900393700787401400, -0.004079978207374842700, 0.04663436430441983400 ) ) ;
#1230 = CARTESIAN_POINT ( 'NONE',  ( -0.09160421650708192000, -5.093499873114378800E-018, 0.06050000000000001900 ) ) ;
#1231 = ORIENTED_EDGE ( 'NONE', *, *, #2515, .F. ) ;
#1232 = CARTESIAN_POINT ( 'NONE',  ( -0.05803890653040580400, 0.01664992997496424200, -0.04019648675812097900 ) ) ;
#1233 = CARTESIAN_POINT ( 'NONE',  ( 0.03628880684957516000, 0.04019648675812097900, 0.0000000000000000000 ) ) ;
#1234 = CARTESIAN_POINT ( 'NONE',  ( -0.05121119315042482700, -2.902003686403247700E-018, 0.04019648675812097900 ) ) ;
#1235 = CARTESIAN_POINT ( 'NONE',  ( 0.02691380684957514100, 0.01664992997496424600, -0.04019648675812097200 ) ) ;
#1236 = CARTESIAN_POINT ( 'NONE',  ( 0.1539376495212456700, 0.002318912390413194600, 0.06045554271798071800 ) ) ;
#1237 = CARTESIAN_POINT ( 'NONE',  ( 0.2889361812137221100, -0.03932595872792489500, -0.03349872485656812300 ) ) ;
#1238 = CARTESIAN_POINT ( 'NONE',  ( 0.2874553266340769100, -0.04682531779643221000, -0.01474662063413560000 ) ) ;
#1239 = CARTESIAN_POINT ( 'NONE',  ( 0.08316380684957519500, 0.04019648675812097900, -0.01664992997496426300 ) ) ;
#1240 = CARTESIAN_POINT ( 'NONE',  ( -0.07910421650708192300, -0.06050000000000001900, 7.409113134841487400E-018 ) ) ;
#1241 = CARTESIAN_POINT ( 'NONE',  ( 0.2889354778614904900, -0.009348919745454847800, 0.05080519009007252600 ) ) ;
#1242 = B_SPLINE_CURVE_WITH_KNOTS ( 'NONE', 3,
 ( #3771, #4191, #1741, #2966 ),
 .UNSPECIFIED., .F., .F.,
 ( 4, 4 ),
 ( 0.0001556756587220931800, 0.0002298145396355706100 ),
 .UNSPECIFIED. ) ;
#1243 = LINE ( 'NONE', #5182, #3930 ) ;
#1244 = CARTESIAN_POINT ( 'NONE',  ( 0.2497824050838380600, 0.02263653820765524800, -0.03326914924299488600 ) ) ;
#1245 = CARTESIAN_POINT ( 'NONE',  ( -0.08062499999999997400, 0.01568833867488098700, 0.03787500000000004800 ) ) ;
#1246 = CARTESIAN_POINT ( 'NONE',  ( -0.2900393700787401400, 0.004662832236999671200, -0.05329641634790839600 ) ) ;
#1247 = CARTESIAN_POINT ( 'NONE',  ( 0.1667291168262513300, -0.06050000000000000500, 7.409113134841489000E-018 ) ) ;
#1248 = CARTESIAN_POINT ( 'NONE',  ( 0.2574450697353409800, -0.006028165606967748900, -0.05306756398329650500 ) ) ;
#1249 = CARTESIAN_POINT ( 'NONE',  ( -0.1705389065304058500, -0.04019648675812101400, -0.01664992997496422800 ) ) ;
#1250 = EDGE_LOOP ( 'NONE', ( #778, #4949, #3594, #2125 ) ) ;
#1251 = CARTESIAN_POINT ( 'NONE',  ( -0.03062499999999996500, 0.01568833867488099100, 0.03787500000000004800 ) ) ;
#1252 = CYLINDRICAL_SURFACE ( 'NONE', #3912, 0.06050000000000002600 ) ;
#1253 = LINE ( 'NONE', #3462, #346 ) ;
#1254 = ORIENTED_EDGE ( 'NONE', *, *, #4510, .T. ) ;
#1255 = CARTESIAN_POINT ( 'NONE',  ( 0.2899999999999999800, 0.04343187647810081700, 0.03124725574445936400 ) ) ;
#1256 = DIRECTION ( 'NONE',  ( 1.000000000000000000, 9.237637493568399400E-017, -0.0000000000000000000 ) ) ;
#1257 = ORIENTED_EDGE ( 'NONE', *, *, #1465, .F. ) ;
#1258 = ADVANCED_FACE ( 'NONE', ( #2201 ), #2321, .F. ) ;
#1259 = CARTESIAN_POINT ( 'NONE',  ( 0.2900000000000000400, 0.05350000000000004100, 0.0000000000000000000 ) ) ;
#1260 = CARTESIAN_POINT ( 'NONE',  ( 0.06777078349291809600, -0.06050000000000000500, 0.02505992052357226100 ) ) ;
#1261 = CARTESIAN_POINT ( 'NONE',  ( -0.2098750996808306000, -1.653577401818218800E-017, 0.03787500000000004100 ) ) ;
#1262 = CARTESIAN_POINT ( 'NONE',  ( -0.2880097080578294900, 0.009834389177371543500, 0.04019648675812099300 ) ) ;
#1263 = EDGE_CURVE ( 'NONE', #2732, #5270, #1801, .T. ) ;
#1264 = CARTESIAN_POINT ( 'NONE',  ( -0.1462499999999999600, 0.02678166933744049700, -0.02678166933744052400 ) ) ;
#1265 = CARTESIAN_POINT ( 'NONE',  ( 0.2172000000000000900, 5.122214988120493500E-017, 0.0000000000000000000 ) ) ;
#1266 = CARTESIAN_POINT ( 'NONE',  ( 0.1568750000000001300, 0.03787500000000016500, -0.01568833867488089700 ) ) ;
#1267 = CARTESIAN_POINT ( 'NONE',  ( -0.1332708831737487200, -0.06050000000000002600, 7.409113134841489000E-018 ) ) ;
#1268 = CARTESIAN_POINT ( 'NONE',  ( -0.02053890653040582600, -0.04019648675812100000, -0.01664992997496422800 ) ) ;
#1269 = CARTESIAN_POINT ( 'NONE',  ( -0.04312499999999996900, 0.03787500000000002700, -0.01568833867488101500 ) ) ;
#1270 = CARTESIAN_POINT ( 'NONE',  ( -0.2899999999999999200, 0.03589902651049304400, -0.01396060200005388000 ) ) ;
#1271 = CARTESIAN_POINT ( 'NONE',  ( 0.2900000000000000400, -0.04848746660646081200, -0.02261007700312739000 ) ) ;
#1272 = DIRECTION ( 'NONE',  ( 1.000000000000000000, 9.237637493568399400E-017, -0.0000000000000000000 ) ) ;
#1273 = CARTESIAN_POINT ( 'NONE',  ( 0.1677751058491021300, 4.228760481413908200E-017, 0.0000000000000000000 ) ) ;
#1274 = CARTESIAN_POINT ( 'NONE',  ( 0.03652078349291806200, 0.02505992052357227500, -0.06049999999999999800 ) ) ;
#1275 = CARTESIAN_POINT ( 'NONE',  ( -0.1692500996808306300, 0.03787500000000002700, 0.01568833867488099400 ) ) ;
#1276 = B_SPLINE_CURVE_WITH_KNOTS ( 'NONE', 3,
 ( #1805, #5118, #3048, #5151, #5096, #3929, #2629, #1047, #2257, #620 ),
 .UNSPECIFIED., .F., .F.,
 ( 4, 2, 2, 2, 4 ),
 ( 2.278217223064274400E-007, 0.0002232015456122416000, 0.0004461752695021767500, 0.0006691489933921116800, 0.0008921227172820466600 ),
 .UNSPECIFIED. ) ;
#1277 = CARTESIAN_POINT ( 'NONE',  ( -0.09937499999999997700, 0.01568833867488099400, -0.03787500000000004100 ) ) ;
#1278 = VERTEX_POINT ( 'NONE', #3954 ) ;
#1279 = CARTESIAN_POINT ( 'NONE',  ( 0.2900000000000000400, -0.05884999999999997200, 7.397578409178747800E-018 ) ) ;
#1280 = CARTESIAN_POINT ( 'NONE',  ( 0.2386041168262512700, 0.06050000000000001900, -0.02505992052357230000 ) ) ;
#1281 = CARTESIAN_POINT ( 'NONE',  ( 0.1599999999999892100, 0.03787499999999494000, -0.007041221098326506100 ) ) ;
#1282 = ADVANCED_FACE ( 'NONE', ( #1308 ), #2075, .F. ) ;
#1283 = EDGE_CURVE ( 'NONE', #2504, #111, #4224, .T. ) ;
#1284 = AXIS2_PLACEMENT_3D ( 'NONE', #3331, #467, #4151 ) ;
#1285 = CARTESIAN_POINT ( 'NONE',  ( -0.1799139065304058100, -0.02842320836654262500, 0.02842320836654261100 ) ) ;
#1286 = ORIENTED_EDGE ( 'NONE', *, *, #839, .F. ) ;
#1287 = CARTESIAN_POINT ( 'NONE',  ( -0.02749999999999997900, -1.027926993839848600E-018, 0.03787500000000004100 ) ) ;
#1288 = DIRECTION ( 'NONE',  ( -1.000000000000000000, -0.0000000000000000000, -0.0000000000000000000 ) ) ;
#1289 = CARTESIAN_POINT ( 'NONE',  ( 0.2847956935440067400, 0.04319218903056402900, 0.01088093730749116800 ) ) ;
#1290 = CARTESIAN_POINT ( 'NONE',  ( 0.1083957834929180900, 1.191304000155291800E-017, 0.06050000000000001900 ) ) ;
#1291 = CARTESIAN_POINT ( 'NONE',  ( 0.08883609346959421600, -8.387046342520483000E-019, -0.04019648675812098600 ) ) ;
#1292 = ORIENTED_EDGE ( 'NONE', *, *, #207, .F. ) ;
#1293 = CARTESIAN_POINT ( 'NONE',  ( -0.2043361931504248700, 0.01664992997496421800, 0.04019648675812097900 ) ) ;
#1294 = CARTESIAN_POINT ( 'NONE',  ( 0.1115207834929180800, -0.02505992052357224400, 0.06050000000000000500 ) ) ;
#1295 = CARTESIAN_POINT ( 'NONE',  ( -0.05050009968083062100, -0.03787500000000004800, 0.01568833867488099800 ) ) ;
#1296 = CARTESIAN_POINT ( 'NONE',  ( -0.2174139065304058200, -0.02842320836654263100, -0.02842320836654260700 ) ) ;
#1297 = CARTESIAN_POINT ( 'NONE',  ( -0.02124999999999994300, -0.02678166933744051800, 0.02678166933744051800 ) ) ;
#1298 = CARTESIAN_POINT ( 'NONE',  ( -0.1363958831737487300, -0.06050000000000002600, 0.02505992052357226500 ) ) ;
#1299 = DIRECTION ( 'NONE',  ( 0.5000000000000043300, 1.060575238724903800E-016, 0.8660254037844360400 ) ) ;
#1300 = AXIS2_PLACEMENT_3D ( 'NONE', #4685, #4272, #2687 ) ;
#1301 = CARTESIAN_POINT ( 'NONE',  ( -0.07678890653040582000, -0.04019648675812099300, 0.01664992997496424200 ) ) ;
#1302 = CARTESIAN_POINT ( 'NONE',  ( -0.1868749999999999900, 0.03787500000000002700, 0.01568833867488099400 ) ) ;
#1303 = CARTESIAN_POINT ( 'NONE',  ( 0.1956000000000001100, 4.268512490100411300E-017, 0.0000000000000000000 ) ) ;
#1304 = CARTESIAN_POINT ( 'NONE',  ( -0.2380000996808306600, -0.01568833867488104000, -0.03787500000000003400 ) ) ;
#1305 = CARTESIAN_POINT ( 'NONE',  ( 0.2575000000000000600, 0.0000000000000000000, 0.0000000000000000000 ) ) ;
#1306 = CARTESIAN_POINT ( 'NONE',  ( -0.01741390653040577500, -0.02842320836654261800, -0.02842320836654260700 ) ) ;
#1307 = CARTESIAN_POINT ( 'NONE',  ( -0.2980861931504248400, -0.01664992997496425900, 0.04019648675812097900 ) ) ;
#1308 = FACE_OUTER_BOUND ( 'NONE', #2412, .T. ) ;
#1309 = CARTESIAN_POINT ( 'NONE',  ( -0.01035421650708190500, 0.04277996026178611200, -0.04277996026178614000 ) ) ;
#1310 = CARTESIAN_POINT ( 'NONE',  ( -0.1286250996808306100, 0.02678166933744049700, -0.02678166933744052400 ) ) ;
#1311 = B_SPLINE_CURVE_WITH_KNOTS ( 'NONE', 3,
 ( #3135, #5200, #4408, #294 ),
 .UNSPECIFIED., .F., .F.,
 ( 4, 4 ),
 ( 2.962749920403983300E-007, 0.0001556756587220939400 ),
 .UNSPECIFIED. ) ;
#1312 = VERTEX_POINT ( 'NONE', #4026 ) ;
#1313 = LINE ( 'NONE', #3127, #730 ) ;
#1314 = DATE_AND_TIME ( #3504, #1441 ) ;
#1315 = LINE ( 'NONE', #624, #5174 ) ;
#1316 = EDGE_CURVE ( 'NONE', #355, #3063, #3926, .T. ) ;
#1317 = CARTESIAN_POINT ( 'NONE',  ( 0.006875000000000047700, 0.03787500000000004100, -0.01568833867488101500 ) ) ;
#1318 = ORIENTED_EDGE ( 'NONE', *, *, #3847, .T. ) ;
#1319 = DIRECTION ( 'NONE',  ( -9.237637493568399400E-017, 1.000000000000000000, 0.0000000000000000000 ) ) ;
#1320 = CARTESIAN_POINT ( 'NONE',  ( 0.02922911682625128900, -9.636941635185876600E-018, -0.06050000000000001900 ) ) ;
#1321 = FACE_OUTER_BOUND ( 'NONE', #3863, .T. ) ;
#1322 = APPROVAL_DATE_TIME ( #1448, #4031 ) ;
#1323 = ORIENTED_EDGE ( 'NONE', *, *, #3933, .F. ) ;
#1324 = CARTESIAN_POINT ( 'NONE',  ( 0.1294610934695942000, -0.04019648675812098600, -0.01664992997496422800 ) ) ;
#1325 = CARTESIAN_POINT ( 'NONE',  ( -0.1118749999999999900, -0.03787500000000005400, -0.01568833867488098400 ) ) ;
#1326 = ADVANCED_FACE ( 'NONE', ( #151 ), #2921, .T. ) ;
#1327 = CARTESIAN_POINT ( 'NONE',  ( -0.2036250996808306200, -0.02678166933744053500, 0.02678166933744051800 ) ) ;
#1328 = CARTESIAN_POINT ( 'NONE',  ( 0.1450860934695942000, 0.02842320836654261800, -0.02842320836654261800 ) ) ;
#1329 = CARTESIAN_POINT ( 'NONE',  ( -0.3012111931504248800, -2.416017852973737000E-017, 0.04019648675812097900 ) ) ;
#1330 = ORIENTED_EDGE ( 'NONE', *, *, #81, .T. ) ;
#1331 = CARTESIAN_POINT ( 'NONE',  ( -0.02597921650708195900, -0.06050000000000003300, -0.02505992052357224400 ) ) ;
#1332 = CARTESIAN_POINT ( 'NONE',  ( -0.1411250996808306200, -0.02678166933744053500, -0.02678166933744051400 ) ) ;
#1333 = CARTESIAN_POINT ( 'NONE',  ( -0.1236639065304058100, -0.04019648675812100700, 4.922649884530183500E-018 ) ) ;
#1334 = CARTESIAN_POINT ( 'NONE',  ( 0.1443750000000000900, -0.01568833867488100800, -0.03787500000000004100 ) ) ;
#1335 = DIRECTION ( 'NONE',  ( 0.0000000000000000000, 1.000000000000000000, 0.0000000000000000000 ) ) ;
#1336 = ADVANCED_FACE ( 'NONE', ( #724 ), #22, .F. ) ;
#1337 = CARTESIAN_POINT ( 'NONE',  ( 0.05133609346959421000, 0.04019648675812098600, 0.0000000000000000000 ) ) ;
#1338 = CARTESIAN_POINT ( 'NONE',  ( 0.1100000000000000600, 0.03787500000000004800, 0.0000000000000000000 ) ) ;
#1339 = CARTESIAN_POINT ( 'NONE',  ( -0.2618749999999999700, -0.03787500000000006800, -0.01568833867488098400 ) ) ;
#1340 = CARTESIAN_POINT ( 'NONE',  ( -0.2755000996808306100, 0.03787500000000000600, -0.01568833867488101900 ) ) ;
#1341 = DIRECTION ( 'NONE',  ( 0.0000000000000000000, 0.0000000000000000000, -1.000000000000000000 ) ) ;
#1342 = EDGE_LOOP ( 'NONE', ( #136, #2030, #3171, #3479 ) ) ;
#1343 = CARTESIAN_POINT ( 'NONE',  ( 0.05133609346959421000, 0.04019648675812098600, 0.0000000000000000000 ) ) ;
#1344 = CARTESIAN_POINT ( 'NONE',  ( -0.3299139065304058600, -0.02842320836654263800, 0.02842320836654261100 ) ) ;
#1345 = CARTESIAN_POINT ( 'NONE',  ( 0.1494999003191694600, -0.03787500000000004100, 0.01568833867488099800 ) ) ;
#1346 = B_SPLINE_CURVE_WITH_KNOTS ( 'NONE', 3,
 ( #3259, #1192, #58, #2100, #4563, #2941 ),
 .UNSPECIFIED., .F., .F.,
 ( 4, 2, 4 ),
 ( 2.275577806787290600E-007, 0.0001149862409236723000, 0.0002297449240666659500 ),
 .UNSPECIFIED. ) ;
#1347 = VERTEX_POINT ( 'NONE', #1967 ) ;
#1348 = CARTESIAN_POINT ( 'NONE',  ( -0.1392889065304058200, 0.01664992997496422800, 0.04019648675812098600 ) ) ;
#1349 = ADVANCED_FACE ( 'NONE', ( #3168 ), #5301, .T. ) ;
#1350 = CARTESIAN_POINT ( 'NONE',  ( 0.01000000000000003000, 0.03787500000000004100, 0.0000000000000000000 ) ) ;
#1351 = CARTESIAN_POINT ( 'NONE',  ( 0.06360411682625132000, -0.06050000000000001200, 0.02505992052357226500 ) ) ;
#1352 = CARTESIAN_POINT ( 'NONE',  ( 0.2100000000000000800, 4.618818746784199700E-017, 0.0000000000000000000 ) ) ;
#1353 = ORIENTED_EDGE ( 'NONE', *, *, #81, .F. ) ;
#1354 = EDGE_CURVE ( 'NONE', #3420, #3732, #2938, .T. ) ;
#1355 = CARTESIAN_POINT ( 'NONE',  ( 0.02633609346959420200, -0.04019648675812098600, 4.922649884530183500E-018 ) ) ;
#1356 = CARTESIAN_POINT ( 'NONE',  ( 0.1381250000000000500, -0.03787500000000004100, -0.01568833867488098400 ) ) ;
#1357 = VERTEX_POINT ( 'NONE', #265 ) ;
#1358 = CARTESIAN_POINT ( 'NONE',  ( 0.04902078349291805900, 0.06050000000000001900, 0.02505992052357226100 ) ) ;
#1359 = CARTESIAN_POINT ( 'NONE',  ( -0.1567500996808305900, -0.01568833867488100800, 0.03787500000000004800 ) ) ;
#1360 = DIRECTION ( 'NONE',  ( 1.000000000000000000, 8.503269937333648200E-017, 0.0000000000000000000 ) ) ;
#1361 = CARTESIAN_POINT ( 'NONE',  ( -0.03303890653040583700, -0.01664992997496424200, 0.04019648675812098600 ) ) ;
#1362 = ADVANCED_FACE ( 'NONE', ( #1109 ), #180, .F. ) ;
#1363 = CARTESIAN_POINT ( 'NONE',  ( 0.03941380684957514900, 0.04019648675812098600, 0.01664992997496423900 ) ) ;
#1364 = CARTESIAN_POINT ( 'NONE',  ( -0.3486639065304058500, 0.04019648675812095100, 0.0000000000000000000 ) ) ;
#1365 = CARTESIAN_POINT ( 'NONE',  ( 0.03699990031916942200, 0.01568833867488099800, 0.03787500000000004800 ) ) ;
#1366 = EDGE_CURVE ( 'NONE', #3722, #2833, #1276, .T. ) ;
#1367 =( BOUNDED_CURVE ( )  B_SPLINE_CURVE ( 2, ( #1948, #2414, #5248, #2009, #751, #4402, #369, #3227, #4860 ),
 .UNSPECIFIED., .F., .F. ) 
 B_SPLINE_CURVE_WITH_KNOTS ( ( 3, 2, 2, 2, 3 ),
 ( 0.6136363636363636500, 0.6250000000000000000, 0.6363636363636363500, 0.6477272727272727100, 0.6590909090909090600 ),
 .UNSPECIFIED. ) 
 CURVE ( )  GEOMETRIC_REPRESENTATION_ITEM ( )  RATIONAL_B_SPLINE_CURVE ( ( 1.000000000000000000, 0.9238795325112867400, 1.000000000000000000, 0.9238795325112867400, 1.000000000000000000, 0.9238795325112867400, 1.000000000000000000, 0.9238795325112867400, 1.000000000000000000 ) ) 
 REPRESENTATION_ITEM ( '' )  );
#1368 = CARTESIAN_POINT ( 'NONE',  ( -0.05178890653040580500, 0.04019648675812097200, -0.01664992997496427000 ) ) ;
#1369 = CARTESIAN_POINT ( 'NONE',  ( 0.1537500000000000300, 0.02678166933744052400, -0.02678166933744052400 ) ) ;
#1370 = CARTESIAN_POINT ( 'NONE',  ( 0.2100000000000000800, 0.1023000000000000200, 0.0000000000000000000 ) ) ;
#1371 = DIRECTION ( 'NONE',  ( 0.0000000000000000000, 1.000000000000000000, 0.0000000000000000000 ) ) ;
#1372 = CYLINDRICAL_SURFACE ( 'NONE', #3908, 0.05349999999999999200 ) ;
#1373 = AXIS2_PLACEMENT_3D ( 'NONE', #4308, #4244, #2653 ) ;
#1374 = CARTESIAN_POINT ( 'NONE',  ( 0.1732110934695941800, -0.04019648675812097900, 0.01664992997496424200 ) ) ;
#1375 = CARTESIAN_POINT ( 'NONE',  ( 0.06625000000000001700, 0.02678166933744052400, 0.02678166933744051400 ) ) ;
#1376 = LINE ( 'NONE', #4855, #335 ) ;
#1377 = CARTESIAN_POINT ( 'NONE',  ( 0.04277078349291808100, 0.06050000000000000500, -0.02505992052357230000 ) ) ;
#1378 = CARTESIAN_POINT ( 'NONE',  ( 0.05574990031916938300, -0.03787500000000004800, -0.01568833867488098400 ) ) ;
#1379 = CARTESIAN_POINT ( 'NONE',  ( -0.01452088317374868700, 0.04277996026178613300, -0.04277996026178614700 ) ) ;
#1380 = EDGE_LOOP ( 'NONE', ( #3637, #2085, #4688, #2867 ) ) ;
#1381 = DIRECTION ( 'NONE',  ( 0.0000000000000000000, 1.000000000000000000, 0.0000000000000000000 ) ) ;
#1382 = CARTESIAN_POINT ( 'NONE',  ( -0.1043361931504248600, 0.01664992997496422500, 0.04019648675812097900 ) ) ;
#1383 = CARTESIAN_POINT ( 'NONE',  ( -0.2361639065304058100, -1.862903216152603600E-017, 0.04019648675812098600 ) ) ;
#1384 = FACE_OUTER_BOUND ( 'NONE', #4469, .T. ) ;
#1385 = CARTESIAN_POINT ( 'NONE',  ( 0.1119999003191694700, -0.01568833867488100800, -0.03787500000000004100 ) ) ;
#1386 = VERTEX_POINT ( 'NONE', #1855 ) ;
#1387 = B_SPLINE_CURVE_WITH_KNOTS ( 'NONE', 3,
 ( #2768, #4420, #3960, #4368, #1917, #4787, #2752, #354, #3230, #3255, #2866, #796, #395 ),
 .UNSPECIFIED., .F., .F.,
 ( 4, 3, 3, 3, 4 ),
 ( 7.451699560983980000E-005, 0.0001046978584841809100, 0.0001590522546669578200, 0.0002189630888829146400, 0.0002296468795086138000 ),
 .UNSPECIFIED. ) ;
#1388 = ORIENTED_EDGE ( 'NONE', *, *, #40, .F. ) ;
#1389 = CARTESIAN_POINT ( 'NONE',  ( -0.09241390653040579300, 0.02842320836654260400, 0.02842320836654260700 ) ) ;
#1390 = EDGE_CURVE ( 'NONE', #4655, #2542, #977, .T. ) ;
#1391 = VECTOR ( 'NONE', #1667, 39.37007874015748100 ) ;
#1392 = CARTESIAN_POINT ( 'NONE',  ( 0.02562500000000001600, -0.01568833867488098700, 0.03787500000000004800 ) ) ;
#1393 = CARTESIAN_POINT ( 'NONE',  ( 0.2503791510578059500, -0.02546463007451231500, -0.03242245470008591600 ) ) ;
#1394 = CARTESIAN_POINT ( 'NONE',  ( -0.2207708831737487100, -3.089511647851999300E-017, -0.06050000000000001900 ) ) ;
#1395 = ORIENTED_EDGE ( 'NONE', *, *, #4061, .F. ) ;
#1396 = CARTESIAN_POINT ( 'NONE',  ( 0.07633609346959421800, -0.04019648675812098600, 4.922649884530183500E-018 ) ) ;
#1397 = CARTESIAN_POINT ( 'NONE',  ( 0.03187500000000005600, -0.03787500000000004800, 0.01568833867488099800 ) ) ;
#1398 = CARTESIAN_POINT ( 'NONE',  ( -0.2868749999999999400, 0.03787499999999999900, 0.01568833867488100800 ) ) ;
#1399 = CARTESIAN_POINT ( 'NONE',  ( -0.05050009968083061400, -0.03787500000000004800, 0.01568833867488099800 ) ) ;
#1400 = CARTESIAN_POINT ( 'NONE',  ( 0.2575000000000000600, 0.0000000000000000000, -0.05349999999999999200 ) ) ;
#1401 = CARTESIAN_POINT ( 'NONE',  ( -0.2861639065304058000, -2.288066713019285900E-017, 0.04019648675812098600 ) ) ;
#1402 = CARTESIAN_POINT ( 'NONE',  ( -0.05746119315042482600, 0.02842320836654260400, 0.02842320836654260400 ) ) ;
#1403 = CARTESIAN_POINT ( 'NONE',  ( 0.1865207834929180900, 0.02505992052357229300, -0.06049999999999999800 ) ) ;
#1404 = CARTESIAN_POINT ( 'NONE',  ( 0.07137490031916944600, 0.02678166933744051400, -0.02678166933744052400 ) ) ;
#1405 = CARTESIAN_POINT ( 'NONE',  ( -0.1255000996808306200, 0.03787500000000002000, -0.01568833867488101500 ) ) ;
#1406 = CARTESIAN_POINT ( 'NONE',  ( 0.2900000000000000400, 0.0000000000000000000, 0.0000000000000000000 ) ) ;
#1407 = CARTESIAN_POINT ( 'NONE',  ( -0.2900000000000000900, -0.005928823032140000500, 0.05727363104897394800 ) ) ;
#1408 = CARTESIAN_POINT ( 'NONE',  ( -0.2082708831737487000, 0.06050000000000000500, 0.0000000000000000000 ) ) ;
#1409 = EDGE_CURVE ( 'NONE', #1145, #635, #1730, .T. ) ;
#1410 = CARTESIAN_POINT ( 'NONE',  ( -0.04160421650708194500, -8.418649044475582400E-019, 0.06050000000000001900 ) ) ;
#1411 = ORIENTED_EDGE ( 'NONE', *, *, #4253, .T. ) ;
#1412 = CARTESIAN_POINT ( 'NONE',  ( -0.3192500996808306200, 0.03787500000000001300, 0.01568833867488099400 ) ) ;
#1413 = PLANE ( 'NONE',  #1931 ) ;
#1414 = CARTESIAN_POINT ( 'NONE',  ( -0.006750099680830631300, -0.01568833867488099100, 0.03787500000000004800 ) ) ;
#1415 = CARTESIAN_POINT ( 'NONE',  ( -0.2791042165070819500, -0.06050000000000004700, 7.409113134841489000E-018 ) ) ;
#1416 = CARTESIAN_POINT ( 'NONE',  ( -0.2900393700787401400, 0.04911403328065315500, 0.01978381737773645900 ) ) ;
#1417 = CARTESIAN_POINT ( 'NONE',  ( 0.2572239404676753300, -0.04164107721201507100, -0.03284448424775201400 ) ) ;
#1418 = EDGE_LOOP ( 'NONE', ( #3453, #1856, #4119, #5202 ) ) ;
#1419 = CARTESIAN_POINT ( 'NONE',  ( 0.06441380684957515000, -0.04019648675812097900, -0.01664992997496422500 ) ) ;
#1420 = CARTESIAN_POINT ( 'NONE',  ( -0.2111639065304057900, -2.634851444625299400E-017, -0.04019648675812098600 ) ) ;
#1421 = CARTESIAN_POINT ( 'NONE',  ( 0.1307499003191694200, 0.03787500000000004800, 0.01568833867488099400 ) ) ;
#1422 = CARTESIAN_POINT ( 'NONE',  ( -0.2036250996808306200, -0.02678166933744053500, 0.02678166933744051800 ) ) ;
#1423 = EDGE_CURVE ( 'NONE', #4287, #3111, #2242, .T. ) ;
#1424 = VERTEX_POINT ( 'NONE', #2222 ) ;
#1425 = CARTESIAN_POINT ( 'NONE',  ( -0.2900393700787401400, -0.03618360698734939000, -0.03317860443492207100 ) ) ;
#1426 = DIRECTION ( 'NONE',  ( -1.000000000000000000, -0.0000000000000000000, -0.0000000000000000000 ) ) ;
#1427 = CARTESIAN_POINT ( 'NONE',  ( 0.2546291238939678000, 0.1077089906166827800, 0.0000000000000000000 ) ) ;
#1428 = CARTESIAN_POINT ( 'NONE',  ( -0.3067500996808306700, -0.01568833867488101500, 0.03787500000000004800 ) ) ;
#1429 = CARTESIAN_POINT ( 'NONE',  ( -0.1462499999999999600, 0.02678166933744049700, -0.02678166933744052400 ) ) ;
#1430 = CARTESIAN_POINT ( 'NONE',  ( -0.1036250996808306000, -0.02678166933744052800, 0.02678166933744051800 ) ) ;
#1431 = CARTESIAN_POINT ( 'NONE',  ( 0.2561600569140029500, 0.009705501401410285300, 0.05025045958017909700 ) ) ;
#1432 = CARTESIAN_POINT ( 'NONE',  ( -0.04183619315042484000, -0.04019648675812097900, 0.01664992997496424200 ) ) ;
#1433 = CARTESIAN_POINT ( 'NONE',  ( 0.2244999003191693900, 0.03787500000000004800, -0.01568833867488101500 ) ) ;
#1434 = CARTESIAN_POINT ( 'NONE',  ( -0.2786250996808306000, 0.02678166933744048300, -0.02678166933744052400 ) ) ;
#1435 = LINE ( 'NONE', #4448, #2783 ) ;
#1436 = CARTESIAN_POINT ( 'NONE',  ( -0.1416042165070819400, -9.345134841781206100E-018, 0.06050000000000001900 ) ) ;
#1437 = ORIENTED_EDGE ( 'NONE', *, *, #4989, .T. ) ;
#1438 = CARTESIAN_POINT ( 'NONE',  ( 0.2575000000000000600, 0.04382463436946099800, 0.03068633934478104700 ) ) ;
#1439 = FACE_OUTER_BOUND ( 'NONE', #4871, .T. ) ;
#1440 = AXIS2_PLACEMENT_3D ( 'NONE', #1229, #4549, #2942 ) ;
#1441 = LOCAL_TIME ( 15, 52, 34.00000000000000000, #3617 ) ;
#1442 = VECTOR ( 'NONE', #4691, 39.37007874015748100 ) ;
#1443 = CARTESIAN_POINT ( 'NONE',  ( 0.2884211074272251500, 0.04820081103876825600, 0.01594778443295570900 ) ) ;
#1444 = VERTEX_POINT ( 'NONE', #2647 ) ;
#1445 = CARTESIAN_POINT ( 'NONE',  ( -0.1243749999999999900, -0.01568833867488100500, 0.03787500000000004800 ) ) ;
#1446 = CARTESIAN_POINT ( 'NONE',  ( -0.01300009968083060100, 0.01568833867488099400, 0.03787500000000004800 ) ) ;
#1447 = CARTESIAN_POINT ( 'NONE',  ( 0.2551530209608806600, 0.03654494795702636900, -0.03329080065217199900 ) ) ;
#1448 = DATE_AND_TIME ( #487, #3248 ) ;
#1449 = ORIENTED_EDGE ( 'NONE', *, *, #4039, .T. ) ;
#1450 = CARTESIAN_POINT ( 'NONE',  ( -0.01764588317374870400, 0.02505992052357227500, -0.06050000000000001200 ) ) ;
#1451 = CARTESIAN_POINT ( 'NONE',  ( 0.2575000000000000600, 0.004662832236999712000, 0.05329641634790837500 ) ) ;
#1452 = CARTESIAN_POINT ( 'NONE',  ( 0.2050388068495751800, -0.02842320836654258600, 0.02842320836654260700 ) ) ;
#1453 = CARTESIAN_POINT ( 'NONE',  ( -0.2041042165070819600, 0.06049999999999999100, 0.0000000000000000000 ) ) ;
#1454 = CARTESIAN_POINT ( 'NONE',  ( 0.2119999003191693800, -0.01568833867488099800, -0.03787500000000004100 ) ) ;
#1455 = CARTESIAN_POINT ( 'NONE',  ( -0.2005000996808306300, -0.03787500000000006100, 0.01568833867488099800 ) ) ;
#1456 = VERTEX_POINT ( 'NONE', #3070 ) ;
#1457 = EDGE_CURVE ( 'NONE', #4522, #1223, #4096, .T. ) ;
#1458 = AXIS2_PLACEMENT_3D ( 'NONE', #5208, #1104, #1159 ) ;
#1459 = CARTESIAN_POINT ( 'NONE',  ( 0.2874553266340769100, -0.03618360698734936200, 0.03317860443492202200 ) ) ;
#1460 = CARTESIAN_POINT ( 'NONE',  ( -0.1895208831737487400, -0.04277996026178615400, 0.04277996026178614000 ) ) ;
#1461 =( BOUNDED_CURVE ( )  B_SPLINE_CURVE ( 2, ( #5101, #590, #3872, #4326, #1415, #189, #4291, #1844, #1151 ),
 .UNSPECIFIED., .F., .T. ) 
 B_SPLINE_CURVE_WITH_KNOTS ( ( 3, 2, 2, 2, 3 ),
 ( 0.1166348884505290400, 0.1250000000000000000, 0.1363636363636363500, 0.1477272727272727600, 0.1590909090909091200 ),
 .UNSPECIFIED. ) 
 CURVE ( )  GEOMETRIC_REPRESENTATION_ITEM ( )  RATIONAL_B_SPLINE_CURVE ( ( 0.9704283082431011100, 0.9439654542467951200, 1.000000000000000000, 0.9238795325112867400, 1.000000000000000000, 0.9238795325112867400, 1.000000000000000000, 0.9238795325112865200, 1.000000000000000200 ) ) 
 REPRESENTATION_ITEM ( '' )  );
#1462 = CARTESIAN_POINT ( 'NONE',  ( -0.1993749999999999400, 0.01568833867488098400, -0.03787500000000004100 ) ) ;
#1463 = CARTESIAN_POINT ( 'NONE',  ( 0.1292291168262513200, -1.133671697852225200E-018, -0.06050000000000001900 ) ) ;
#1464 = CARTESIAN_POINT ( 'NONE',  ( -0.2899999999999999800, 7.409113134841490500E-018, -0.06050000000000002600 ) ) ;
#1465 = EDGE_CURVE ( 'NONE', #2927, #5270, #2721, .T. ) ;
#1466 = CARTESIAN_POINT ( 'NONE',  ( -0.1074611931504248400, 0.02842320836654260000, 0.02842320836654260400 ) ) ;
#1467 = CARTESIAN_POINT ( 'NONE',  ( -0.1736639065304058100, -0.04019648675812100700, 4.922649884530183500E-018 ) ) ;
#1468 = CARTESIAN_POINT ( 'NONE',  ( 0.1956638068495751600, 0.01664992997496425300, 0.04019648675812097900 ) ) ;
#1469 = DIRECTION ( 'NONE',  ( -1.131284318818211800E-032, 1.224646799147353200E-016, 1.000000000000000000 ) ) ;
#1470 = CARTESIAN_POINT ( 'NONE',  ( -0.2387111931504248600, -0.04019648675812099300, 4.922649884530182800E-018 ) ) ;
#1471 = CARTESIAN_POINT ( 'NONE',  ( -0.1098750996808306000, -8.032504080848542800E-018, 0.03787500000000004100 ) ) ;
#1472 = APPROVAL_STATUS ( 'not_yet_approved' ) ;
#1473 = ORIENTED_EDGE ( 'NONE', *, *, #4546, .F. ) ;
#1474 = B_SPLINE_CURVE_WITH_KNOTS ( 'NONE', 3,
 ( #1969, #2834, #4029, #4917, #405, #3287 ),
 .UNSPECIFIED., .F., .F.,
 ( 4, 2, 4 ),
 ( 2.962749920386946300E-007, 0.0001150554073138042800, 0.0002298145396355698500 ),
 .UNSPECIFIED. ) ;
#1475 = CARTESIAN_POINT ( 'NONE',  ( -0.2899999999999999200, 0.0000000000000000000, 0.0000000000000000000 ) ) ;
#1476 = ORIENTED_EDGE ( 'NONE', *, *, #2371, .T. ) ;
#1477 = CARTESIAN_POINT ( 'NONE',  ( -0.1863958831737487200, -0.06050000000000003300, 0.02505992052357226500 ) ) ;
#1478 = ORIENTED_EDGE ( 'NONE', *, *, #1506, .F. ) ;
#1479 = CARTESIAN_POINT ( 'NONE',  ( -0.08062499999999997400, 0.01568833867488098700, 0.03787500000000004800 ) ) ;
#1480 = CARTESIAN_POINT ( 'NONE',  ( 0.09012490031916940700, 8.974035793818754300E-018, 0.03787500000000004100 ) ) ;
#1481 = DIRECTION ( 'NONE',  ( 0.0000000000000000000, 0.0000000000000000000, 1.000000000000000000 ) ) ;
#1482 = CARTESIAN_POINT ( 'NONE',  ( -0.1980861931504248900, -0.01664992997496424900, 0.04019648675812097900 ) ) ;
#1483 = CARTESIAN_POINT ( 'NONE',  ( -0.1142889065304058400, -0.01664992997496427000, -0.04019648675812097900 ) ) ;
#1484 = CARTESIAN_POINT ( 'NONE',  ( 0.08003880684957520600, 0.02842320836654260700, -0.02842320836654261100 ) ) ;
#1485 = CARTESIAN_POINT ( 'NONE',  ( 0.05839578349291808100, 7.661405032886089400E-018, 0.06050000000000001900 ) ) ;
#1486 = CARTESIAN_POINT ( 'NONE',  ( 0.1744999003191694500, 0.03787500000000004800, -0.01568833867488101500 ) ) ;
#1487 = ORIENTED_EDGE ( 'NONE', *, *, #181, .T. ) ;
#1488 = CARTESIAN_POINT ( 'NONE',  ( 0.08074990031916939900, 0.03787500000000004800, 0.01568833867488099400 ) ) ;
#1489 = EDGE_CURVE ( 'NONE', #2903, #799, #260, .T. ) ;
#1490 = APPROVAL_ROLE ( '' ) ;
#1491 = CC_DESIGN_APPROVAL ( #4031, ( #2558 ) ) ;
#1492 = CARTESIAN_POINT ( 'NONE',  ( 0.2900000000000000400, 9.715098770946713200E-018, 0.0000000000000000000 ) ) ;
#1493 = CARTESIAN_POINT ( 'NONE',  ( 0.1208957834929181000, -0.06050000000000001200, 7.409113134841489000E-018 ) ) ;
#1494 = CARTESIAN_POINT ( 'NONE',  ( -0.2899999999999999800, 0.0000000000000000000, 0.0000000000000000000 ) ) ;
#1495 = LINE ( 'NONE', #3995, #4254 ) ;
#1496 = CARTESIAN_POINT ( 'NONE',  ( -0.06812499999999997700, -0.03787500000000004800, 0.01568833867488099800 ) ) ;
#1497 = CARTESIAN_POINT ( 'NONE',  ( 0.1276249003191694300, 0.03787500000000004800, 0.0000000000000000000 ) ) ;
#1498 = DIRECTION ( 'NONE',  ( 1.000000000000000000, 8.503269937333648200E-017, 0.0000000000000000000 ) ) ;
#1499 = CARTESIAN_POINT ( 'NONE',  ( -0.07991390653040579600, -0.02842320836654261800, 0.02842320836654261100 ) ) ;
#1500 = CARTESIAN_POINT ( 'NONE',  ( 0.1925388068495751700, 0.02842320836654262500, 0.02842320836654260400 ) ) ;
#1501 = CARTESIAN_POINT ( 'NONE',  ( -0.2900393700787401400, 0.04242653328065313500, -0.01978381737773645900 ) ) ;
#1502 = CARTESIAN_POINT ( 'NONE',  ( 0.1776249003191694400, 0.03787500000000005400, 0.0000000000000000000 ) ) ;
#1503 = CARTESIAN_POINT ( 'NONE',  ( -0.03800009968083061000, -0.01568833867488101900, -0.03787500000000004100 ) ) ;
#1504 = FACE_OUTER_BOUND ( 'NONE', #4662, .T. ) ;
#1505 = ORIENTED_EDGE ( 'NONE', *, *, #2007, .F. ) ;
#1506 = EDGE_CURVE ( 'NONE', #1278, #3509, #537, .T. ) ;
#1507 = CIRCLE ( 'NONE', #792, 0.03995833333333329700 ) ;
#1508 = EDGE_LOOP ( 'NONE', ( #3277, #4109, #3470, #4385 ) ) ;
#1509 = CARTESIAN_POINT ( 'NONE',  ( 0.2876519880227247400, 0.01055870185944514000, -0.04829231366736929500 ) ) ;
#1510 = ORIENTED_EDGE ( 'NONE', *, *, #295, .F. ) ;
#1511 = CYLINDRICAL_SURFACE ( 'NONE', #2029, 0.06050000000000002600 ) ;
#1512 = EDGE_LOOP ( 'NONE', ( #1292, #3853, #4497, #2509 ) ) ;
#1513 = CARTESIAN_POINT ( 'NONE',  ( 0.006875000000000048600, 0.03787500000000003400, -0.01568833867488101900 ) ) ;
#1514 = CARTESIAN_POINT ( 'NONE',  ( 0.1229791168262512800, -0.04277996026178614000, -0.04277996026178614000 ) ) ;
#1515 = DIRECTION ( 'NONE',  ( 0.0000000000000000000, 0.0000000000000000000, 1.000000000000000000 ) ) ;
#1516 = CARTESIAN_POINT ( 'NONE',  ( -0.2205389065304058100, -0.04019648675812102100, -0.01664992997496422800 ) ) ;
#1517 = CARTESIAN_POINT ( 'NONE',  ( 0.1550388068495751600, -0.02842320836654259000, 0.02842320836654260700 ) ) ;
#1518 = DIRECTION ( 'NONE',  ( 0.0000000000000000000, 0.0000000000000000000, 1.000000000000000000 ) ) ;
#1519 = CARTESIAN_POINT ( 'NONE',  ( -0.1762111931504248300, -2.337639087713067200E-017, -0.04019648675812097900 ) ) ;
#1520 = CARTESIAN_POINT ( 'NONE',  ( 0.1057499003191694100, -0.03787500000000004800, -0.01568833867488098400 ) ) ;
#1521 = CARTESIAN_POINT ( 'NONE',  ( -0.3150000000000000000, -0.03787500000000006800, 4.638349751770605400E-018 ) ) ;
#1522 = CARTESIAN_POINT ( 'NONE',  ( -0.09264588317374872200, -0.02505992052357226500, 0.06050000000000001900 ) ) ;
#1523 = CARTESIAN_POINT ( 'NONE',  ( 0.2572433235420151200, 0.04911403328065386300, 0.02006887121585411800 ) ) ;
#1524 =( BOUNDED_CURVE ( )  B_SPLINE_CURVE ( 2, ( #1194, #2850, #5274, #1585, #3630, #381, #333, #3261, #2875 ),
 .UNSPECIFIED., .F., .T. ) 
 B_SPLINE_CURVE_WITH_KNOTS ( ( 3, 2, 2, 2, 3 ),
 ( 0.3409090909090909400, 0.3522727272727273500, 0.3636363636363636500, 0.3750000000000000000, 0.3863636363636363500 ),
 .UNSPECIFIED. ) 
 CURVE ( )  GEOMETRIC_REPRESENTATION_ITEM ( )  RATIONAL_B_SPLINE_CURVE ( ( 0.9999999999999996700, 0.9238795325112870700, 1.000000000000000000, 0.9238795325112867400, 1.000000000000000000, 0.9238795325112867400, 1.000000000000000000, 0.9238795325112867400, 1.000000000000000000 ) ) 
 REPRESENTATION_ITEM ( '' )  );
#1525 = DIRECTION ( 'NONE',  ( -1.000000000000000000, -0.0000000000000000000, -0.0000000000000000000 ) ) ;
#1526 = CARTESIAN_POINT ( 'NONE',  ( 0.08187500000000005900, -0.03787500000000004100, 0.01568833867488099800 ) ) ;
#1527 = CARTESIAN_POINT ( 'NONE',  ( -0.1134792165070819500, 0.02505992052357226500, -0.06050000000000001200 ) ) ;
#1528 = EDGE_CURVE ( 'NONE', #2297, #4886, #1495, .T. ) ;
#1529 = CARTESIAN_POINT ( 'NONE',  ( -0.07366390653040579000, -0.04019648675812099300, 4.922649884530183500E-018 ) ) ;
#1530 = ORIENTED_EDGE ( 'NONE', *, *, #4857, .F. ) ;
#1531 = CARTESIAN_POINT ( 'NONE',  ( -0.2520208831737487100, 0.04277996026178611900, 0.04277996026178614000 ) ) ;
#1532 = CARTESIAN_POINT ( 'NONE',  ( -0.3416042165070819500, -2.635167471644849900E-017, 0.06050000000000001200 ) ) ;
#1533 = CARTESIAN_POINT ( 'NONE',  ( -0.1137111931504248400, 0.04019648675812097200, 0.0000000000000000000 ) ) ;
#1534 = CARTESIAN_POINT ( 'NONE',  ( 0.05574990031916939000, -0.03787500000000004800, -0.01568833867488098400 ) ) ;
#1535 = CARTESIAN_POINT ( 'NONE',  ( -0.1322292165070819400, -0.06050000000000003300, 0.02505992052357226500 ) ) ;
#1536 = DIRECTION ( 'NONE',  ( 1.000000000000000000, 9.237637493568399400E-017, -0.0000000000000000000 ) ) ;
#1537 = CARTESIAN_POINT ( 'NONE',  ( 0.1800388068495751600, 0.02842320836654261800, -0.02842320836654261100 ) ) ;
#1538 = ORIENTED_EDGE ( 'NONE', *, *, #2233, .T. ) ;
#1539 = EDGE_LOOP ( 'NONE', ( #1182, #1437, #2304, #4813 ) ) ;
#1540 = CARTESIAN_POINT ( 'NONE',  ( 0.1956000000000001100, -0.05435833333333325200, 6.656975892365149800E-018 ) ) ;
#1541 = CARTESIAN_POINT ( 'NONE',  ( -0.2212500000000000000, -0.02678166933744053500, 0.02678166933744051800 ) ) ;
#1542 = CARTESIAN_POINT ( 'NONE',  ( -0.01812499999999996100, -0.03787500000000004800, 0.01568833867488099800 ) ) ;
#1543 = CARTESIAN_POINT ( 'NONE',  ( 0.02610411682625130400, -0.02505992052357230000, -0.06049999999999999800 ) ) ;
#1544 = CARTESIAN_POINT ( 'NONE',  ( -0.2900393700787401400, -0.04848746660646086800, 0.02261007700312737600 ) ) ;
#1545 = CARTESIAN_POINT ( 'NONE',  ( 0.06696109346959419600, -0.01664992997496423200, 0.04019648675812098600 ) ) ;
#1546 = CARTESIAN_POINT ( 'NONE',  ( -0.1426458831737486800, -0.02505992052357227200, 0.06050000000000001900 ) ) ;
#1547 = CARTESIAN_POINT ( 'NONE',  ( -0.1082708831737487100, 0.06050000000000001200, 0.0000000000000000000 ) ) ;
#1548 = CARTESIAN_POINT ( 'NONE',  ( -0.1324611931504248400, -0.02842320836654262100, -0.02842320836654260400 ) ) ;
#1549 = CARTESIAN_POINT ( 'NONE',  ( -0.04112509968083059200, -0.02678166933744052800, -0.02678166933744051400 ) ) ;
#1550 = EDGE_CURVE ( 'NONE', #4752, #2833, #2857, .T. ) ;
#1551 = APPROVAL ( #1472, 'UNSPECIFIED' ) ;
#1552 = DIRECTION ( 'NONE',  ( 0.0000000000000000000, 1.000000000000000000, 0.0000000000000000000 ) ) ;
#1553 = CARTESIAN_POINT ( 'NONE',  ( 0.1583109099712979300, -0.03907784763859090800, 0.02134507456472127900 ) ) ;
#1554 = CARTESIAN_POINT ( 'NONE',  ( 0.1956638068495751600, 0.01664992997496425300, 0.04019648675812097900 ) ) ;
#1555 = CARTESIAN_POINT ( 'NONE',  ( 0.2822735273518778800, -0.01754819639298017800, -0.03619497170255221000 ) ) ;
#1556 = VECTOR ( 'NONE', #4274, 39.37007874015748100 ) ;
#1557 = CARTESIAN_POINT ( 'NONE',  ( 0.2522999931545458200, 0.04319767567251604800, 0.01088964903967764600 ) ) ;
#1558 = ORIENTED_EDGE ( 'NONE', *, *, #1423, .F. ) ;
#1559 = CARTESIAN_POINT ( 'NONE',  ( -0.2056249999999999700, -0.01568833867488103600, -0.03787500000000004100 ) ) ;
#1560 = CARTESIAN_POINT ( 'NONE',  ( 0.07562500000000005300, -0.01568833867488098400, 0.03787500000000004800 ) ) ;
#1561 = CARTESIAN_POINT ( 'NONE',  ( 0.004229116826251284200, 3.055467150163691900E-018, 0.06050000000000001900 ) ) ;
#1562 = FACE_OUTER_BOUND ( 'NONE', #5161, .T. ) ;
#1563 = CALENDAR_DATE ( 2025, 29, 1 ) ;
#1564 = ORIENTED_EDGE ( 'NONE', *, *, #4966, .F. ) ;
#1565 = CARTESIAN_POINT ( 'NONE',  ( 0.03883609346959420600, -5.090339602918872600E-018, -0.04019648675812098600 ) ) ;
#1566 = CARTESIAN_POINT ( 'NONE',  ( -0.1457708831737487300, -9.699437755836779400E-018, 0.06050000000000001900 ) ) ;
#1567 = ORIENTED_EDGE ( 'NONE', *, *, #1316, .T. ) ;
#1568 = DIRECTION ( 'NONE',  ( 0.0000000000000000000, 0.0000000000000000000, 1.000000000000000000 ) ) ;
#1569 = CARTESIAN_POINT ( 'NONE',  ( -0.2668361931504248400, 0.04019648675812095100, -0.01664992997496426300 ) ) ;
#1570 = CARTESIAN_POINT ( 'NONE',  ( -0.05433619315042484400, 0.01664992997496423200, 0.04019648675812097900 ) ) ;
#1571 = CARTESIAN_POINT ( 'NONE',  ( 0.1776249003191694400, 0.03787500000000005400, 0.0000000000000000000 ) ) ;
#1572 = APPROVAL_PERSON_ORGANIZATION ( #3174, #4031, #2684 ) ;
#1573 = CIRCLE ( 'NONE', #3674, 0.06050000000000000500 ) ;
#1574 = CARTESIAN_POINT ( 'NONE',  ( -0.07597921650708194800, -0.06050000000000004700, -0.02505992052357225100 ) ) ;
#1575 = CARTESIAN_POINT ( 'NONE',  ( 0.1548192421751176100, -0.01100016274986548700, 0.05642263759880030600 ) ) ;
#1576 = CARTESIAN_POINT ( 'NONE',  ( 0.2175388068495751600, -0.02842320836654259000, -0.02842320836654260400 ) ) ;
#1577 = ORIENTED_EDGE ( 'NONE', *, *, #5108, .T. ) ;
#1578 = CARTESIAN_POINT ( 'NONE',  ( -0.1666042165070819600, -2.628917859579758800E-017, -0.06050000000000001200 ) ) ;
#1579 = CARTESIAN_POINT ( 'NONE',  ( 0.2522906321921832300, 0.03100866860348559400, 0.03196360768579151200 ) ) ;
#1580 = VERTEX_POINT ( 'NONE', #2737 ) ;
#1581 = DIRECTION ( 'NONE',  ( 0.0000000000000000000, 0.0000000000000000000, 1.000000000000000000 ) ) ;
#1582 = CARTESIAN_POINT ( 'NONE',  ( -0.1993749999999999700, 0.01568833867488098400, -0.03787500000000004100 ) ) ;
#1583 = CARTESIAN_POINT ( 'NONE',  ( -0.04937499999999996800, 0.01568833867488099800, -0.03787500000000004100 ) ) ;
#1584 = CARTESIAN_POINT ( 'NONE',  ( 0.08547911682625133900, 0.04277996026178614000, -0.04277996026178614700 ) ) ;
#1585 = CARTESIAN_POINT ( 'NONE',  ( -0.1572292165070819400, 0.06049999999999998400, -0.02505992052357230000 ) ) ;
#1586 = EDGE_CURVE ( 'NONE', #3668, #646, #148, .T. ) ;
#1587 = CARTESIAN_POINT ( 'NONE',  ( 0.1357110934695942600, -0.01664992997496424900, -0.04019648675812097900 ) ) ;
#1588 = CARTESIAN_POINT ( 'NONE',  ( -0.2113958831737487200, 0.06049999999999998400, -0.02505992052357230000 ) ) ;
#1589 = CARTESIAN_POINT ( 'NONE',  ( -0.2043361931504248400, 0.01664992997496421800, 0.04019648675812097900 ) ) ;
#1590 = CARTESIAN_POINT ( 'NONE',  ( 0.001913806849575135800, -0.01664992997496423500, 0.04019648675812097900 ) ) ;
#1591 = CARTESIAN_POINT ( 'NONE',  ( 0.2119999003191693800, -0.01568833867488099800, -0.03787500000000004100 ) ) ;
#1592 = DIRECTION ( 'NONE',  ( -1.000000000000000000, -0.0000000000000000000, -0.0000000000000000000 ) ) ;
#1593 = CARTESIAN_POINT ( 'NONE',  ( 0.1560593903618836500, -0.02520870010256201200, 0.04648344225364337700 ) ) ;
#1594 = CARTESIAN_POINT ( 'NONE',  ( 0.2571818314473375300, 0.04911403328074219500, 0.01978381737771077800 ) ) ;
#1595 = CARTESIAN_POINT ( 'NONE',  ( -0.1853542165070819500, -0.04277996026178614700, 0.04277996026178614000 ) ) ;
#1596 = CARTESIAN_POINT ( 'NONE',  ( 0.2497779401495889300, -0.04012500000000030600, 0.002929816085293416900 ) ) ;
#1597 = CARTESIAN_POINT ( 'NONE',  ( 0.2497824044682833400, 0.01749366582235790300, 0.03623838717165086400 ) ) ;
#1598 = ORIENTED_EDGE ( 'NONE', *, *, #858, .F. ) ;
#1599 = DIRECTION ( 'NONE',  ( 1.000000000000000000, 8.503269937333648200E-017, 0.0000000000000000000 ) ) ;
#1600 = CARTESIAN_POINT ( 'NONE',  ( -0.2462500000000000000, 0.02678166933744049000, -0.02678166933744052400 ) ) ;
#1601 = ORIENTED_EDGE ( 'NONE', *, *, #2876, .T. ) ;
#1602 = CARTESIAN_POINT ( 'NONE',  ( -0.2613958831737487300, 0.06049999999999997000, -0.02505992052357230000 ) ) ;
#1603 = CARTESIAN_POINT ( 'NONE',  ( 0.03547911682625132900, 0.04277996026178613300, -0.04277996026178614700 ) ) ;
#1604 = CARTESIAN_POINT ( 'NONE',  ( 0.2566835177040812100, -0.008896864964899053900, -0.05132372430798821900 ) ) ;
#1605 = AXIS2_PLACEMENT_3D ( 'NONE', #1352, #2207, #1773 ) ;
#1606 = CARTESIAN_POINT ( 'NONE',  ( -0.05803890653040580400, 0.01664992997496424200, -0.04019648675812097900 ) ) ;
#1607 = CARTESIAN_POINT ( 'NONE',  ( -0.1145208831737487100, 0.04277996026178611900, -0.04277996026178614700 ) ) ;
#1608 = CARTESIAN_POINT ( 'NONE',  ( -0.3134792165070819900, 0.02505992052357224400, -0.06049999999999999800 ) ) ;
#1609 = CARTESIAN_POINT ( 'NONE',  ( -0.2512111931504248400, -1.990854356107054300E-017, 0.04019648675812097900 ) ) ;
#1610 = CARTESIAN_POINT ( 'NONE',  ( 0.02378880684957515900, -6.369851002463380300E-018, -0.04019648675812097900 ) ) ;
#1611 = EDGE_LOOP ( 'NONE', ( #3567, #929, #943, #4041, #4208 ) ) ;
#1612 = CARTESIAN_POINT ( 'NONE',  ( 0.1338749003191693800, 0.02678166933744052800, 0.02678166933744051400 ) ) ;
#1613 = CARTESIAN_POINT ( 'NONE',  ( 0.1539376495212457000, 0.03196676493737805900, 0.05136512376543469300 ) ) ;
#1614 = CARTESIAN_POINT ( 'NONE',  ( -0.2738958831737487400, -0.02505992052357231700, -0.06050000000000000500 ) ) ;
#1615 = ORIENTED_EDGE ( 'NONE', *, *, #4204, .T. ) ;
#1616 = CARTESIAN_POINT ( 'NONE',  ( 0.07066380684957519800, -0.01664992997496425300, -0.04019648675812097200 ) ) ;
#1617 = CARTESIAN_POINT ( 'NONE',  ( -0.07285421650708191800, -0.04277996026178614700, -0.04277996026178613300 ) ) ;
#1618 = CARTESIAN_POINT ( 'NONE',  ( -0.2973750996808306500, -0.03787500000000006800, 4.638349751770605400E-018 ) ) ;
#1619 = CARTESIAN_POINT ( 'NONE',  ( 0.2575000000000000600, -0.004662832236999823800, 0.05329641634790838200 ) ) ;
#1620 = CARTESIAN_POINT ( 'NONE',  ( 0.2522999962754334800, 0.03102956034204167400, -0.03196545875886255800 ) ) ;
#1621 = ADVANCED_FACE ( 'NONE', ( #4516 ), #3550, .F. ) ;
#1622 = CARTESIAN_POINT ( 'NONE',  ( -0.2993750000000000000, 0.01568833867488098100, -0.03787500000000004100 ) ) ;
#1623 = DIRECTION ( 'NONE',  ( 1.000000000000000000, 8.503269937333648200E-017, 0.0000000000000000000 ) ) ;
#1624 = CARTESIAN_POINT ( 'NONE',  ( 0.01047911682625131900, -0.04277996026178614000, 0.04277996026178614000 ) ) ;
#1625 = CARTESIAN_POINT ( 'NONE',  ( -0.03616390653040581200, -1.622492286858743400E-018, 0.04019648675812098600 ) ) ;
#1626 = CARTESIAN_POINT ( 'NONE',  ( 0.05191380684957516000, -0.01664992997496422800, 0.04019648675812097900 ) ) ;
#1627 =( BOUNDED_CURVE ( )  B_SPLINE_CURVE ( 2, ( #3297, #4529, #2403, #1602, #2825, #1211, #4491, #2067, #359 ),
 .UNSPECIFIED., .F., .T. ) 
 B_SPLINE_CURVE_WITH_KNOTS ( ( 3, 2, 2, 2, 3 ),
 ( 0.06818181818181817700, 0.07954545454545454400, 0.09090909090909091200, 0.1022727272727272900, 0.1136363636363636500 ),
 .UNSPECIFIED. ) 
 CURVE ( )  GEOMETRIC_REPRESENTATION_ITEM ( )  RATIONAL_B_SPLINE_CURVE ( ( 1.000000000000000000, 0.9238795325112867400, 1.000000000000000000, 0.9238795325112867400, 1.000000000000000000, 0.9238795325112867400, 1.000000000000000000, 0.9238795325112866300, 1.000000000000000000 ) ) 
 REPRESENTATION_ITEM ( '' )  );
#1628 = CARTESIAN_POINT ( 'NONE',  ( -0.07308619315042484700, 0.01664992997496424200, -0.04019648675812097200 ) ) ;
#1629 = CARTESIAN_POINT ( 'NONE',  ( 0.09253880684957514800, 0.02842320836654261800, 0.02842320836654260400 ) ) ;
#1630 = VECTOR ( 'NONE', #4369, 39.37007874015748100 ) ;
#1631 = CARTESIAN_POINT ( 'NONE',  ( 0.2883570447436879500, -0.04803858548262636400, 0.01607500782055376300 ) ) ;
#1632 = CARTESIAN_POINT ( 'NONE',  ( 0.1677751058491021300, 4.228760481413908200E-017, 0.0000000000000000000 ) ) ;
#1633 = CARTESIAN_POINT ( 'NONE',  ( -0.2134792165070819600, 0.02505992052357225100, -0.06049999999999999800 ) ) ;
#1634 = CARTESIAN_POINT ( 'NONE',  ( 0.2522956935440066600, -0.04319218903056404300, 0.01088093730749115400 ) ) ;
#1635 = EDGE_LOOP ( 'NONE', ( #4805, #1330, #3880, #2211 ) ) ;
#1636 = LINE ( 'NONE', #569, #4719 ) ;
#1637 = CYLINDRICAL_SURFACE ( 'NONE', #2104, 0.006687500000000015500 ) ;
#1638 = ORIENTED_EDGE ( 'NONE', *, *, #3348, .F. ) ;
#1639 = EDGE_CURVE ( 'NONE', #5304, #1386, #3681, .T. ) ;
#1640 = CARTESIAN_POINT ( 'NONE',  ( -0.05874999999999995500, -0.02678166933744052800, -0.02678166933744051400 ) ) ;
#1641 = ORIENTED_EDGE ( 'NONE', *, *, #1103, .F. ) ;
#1642 = CARTESIAN_POINT ( 'NONE',  ( -0.1457708831737487300, -9.699437755836779400E-018, 0.06050000000000001900 ) ) ;
#1643 = CARTESIAN_POINT ( 'NONE',  ( -0.09160421650708192000, -5.093499873114378800E-018, 0.06050000000000001900 ) ) ;
#1644 = VECTOR ( 'NONE', #3232, 39.37007874015748100 ) ;
#1645 = CARTESIAN_POINT ( 'NONE',  ( -0.008038906530405827100, 0.01664992997496424600, -0.04019648675812097900 ) ) ;
#1646 = CARTESIAN_POINT ( 'NONE',  ( 0.005038806849575187800, -0.02842320836654260400, 0.02842320836654260700 ) ) ;
#1647 = CARTESIAN_POINT ( 'NONE',  ( 0.08003880684957520600, 0.02842320836654260700, -0.02842320836654261100 ) ) ;
#1648 = CARTESIAN_POINT ( 'NONE',  ( -0.1431249999999999500, 0.03787500000000002000, -0.01568833867488101500 ) ) ;
#1649 = VERTEX_POINT ( 'NONE', #5251 ) ;
#1650 = CARTESIAN_POINT ( 'NONE',  ( 0.2575000000000000600, 0.004662832236999712000, 0.05329641634790837500 ) ) ;
#1651 = CARTESIAN_POINT ( 'NONE',  ( 0.2822779401495890100, 0.04012500000000028500, 0.002929816085293425600 ) ) ;
#1652 = CARTESIAN_POINT ( 'NONE',  ( 0.2881686269650091700, -0.04784122098265634900, -0.01563376867153762300 ) ) ;
#1653 = CARTESIAN_POINT ( 'NONE',  ( 0.1050388068495751400, -0.02842320836654259300, 0.02842320836654260700 ) ) ;
#1654 = CARTESIAN_POINT ( 'NONE',  ( -0.05410421650708194900, 0.06050000000000000500, 0.0000000000000000000 ) ) ;
#1655 = CARTESIAN_POINT ( 'NONE',  ( 0.2876519880227246300, -0.01055870185944517100, 0.04829231366736912900 ) ) ;
#1656 = B_SPLINE_CURVE_WITH_KNOTS ( 'NONE', 3,
 ( #5284, #349, #2837, #772, #1180, #1933, #3748, #4501, #1237, #12, #2452, #3289, #2897, #4554, #3324, #3714 ),
 .UNSPECIFIED., .F., .F.,
 ( 4, 3, 3, 3, 3, 4 ),
 ( 2.404319532543307800E-007, 5.241855475977026500E-005, 0.0001046956256743458800, 0.0001590479264350793600, 0.0002189556437188171400, 0.0002296698373886056700 ),
 .UNSPECIFIED. ) ;
#1657 = CARTESIAN_POINT ( 'NONE',  ( -0.2392889065304058500, 0.01664992997496422100, 0.04019648675812098600 ) ) ;
#1658 = CARTESIAN_POINT ( 'NONE',  ( -0.1618749999999999600, -0.03787500000000006100, -0.01568833867488098400 ) ) ;
#1659 = CARTESIAN_POINT ( 'NONE',  ( -0.04889588317374871100, 0.02505992052357225800, 0.06050000000000001900 ) ) ;
#1660 = CARTESIAN_POINT ( 'NONE',  ( 0.2822735273518778800, 0.01754819639298014300, 0.03619497170255221000 ) ) ;
#1661 = CARTESIAN_POINT ( 'NONE',  ( 0.2292291168262513600, 7.369598239481423600E-018, -0.06050000000000001900 ) ) ;
#1662 = CARTESIAN_POINT ( 'NONE',  ( -0.2899999999999999800, 0.0000000000000000000, 0.0000000000000000000 ) ) ;
#1663 = EDGE_CURVE ( 'NONE', #5179, #1706, #1243, .T. ) ;
#1664 = CARTESIAN_POINT ( 'NONE',  ( -0.1080389065304058200, 0.01664992997496424200, -0.04019648675812097900 ) ) ;
#1665 = CARTESIAN_POINT ( 'NONE',  ( -0.08687499999999998000, 0.03787500000000004100, 0.01568833867488099400 ) ) ;
#1666 = CARTESIAN_POINT ( 'NONE',  ( 0.2860717364473358600, 0.04485476820016082200, 0.01302581767708134100 ) ) ;
#1667 = DIRECTION ( 'NONE',  ( 1.000000000000000000, 8.503269937333648200E-017, 0.0000000000000000000 ) ) ;
#1668 = VERTEX_POINT ( 'NONE', #308 ) ;
#1669 = CARTESIAN_POINT ( 'NONE',  ( 0.2900000000000000400, -0.04382463436946108100, 0.03068633934478099200 ) ) ;
#1670 = CARTESIAN_POINT ( 'NONE',  ( 0.06464578349291805200, -0.04277996026178613300, 0.04277996026178614000 ) ) ;
#1671 = CARTESIAN_POINT ( 'NONE',  ( -0.1755000996808305800, 0.03787500000000001300, -0.01568833867488101500 ) ) ;
#1672 = ORIENTED_EDGE ( 'NONE', *, *, #2944, .F. ) ;
#1673 = CARTESIAN_POINT ( 'NONE',  ( 0.2498769853744550200, -0.1094999999999999000, 1.340988245066351300E-017 ) ) ;
#1674 = CARTESIAN_POINT ( 'NONE',  ( -0.1056249999999999800, -0.01568833867488102600, -0.03787500000000004100 ) ) ;
#1675 = CARTESIAN_POINT ( 'NONE',  ( 0.1506250000000000400, 0.01568833867488101500, -0.03787500000000004100 ) ) ;
#1676 = CARTESIAN_POINT ( 'NONE',  ( 0.1600000000000000600, 0.0000000000000000000, 0.0000000000000000000 ) ) ;
#1677 = EDGE_LOOP ( 'NONE', ( #129, #1902, #1870, #1564 ) ) ;
#1678 = AXIS2_PLACEMENT_3D ( 'NONE', #1305, #3787, #3006 ) ;
#1679 = CARTESIAN_POINT ( 'NONE',  ( -0.09241390653040579300, 0.02842320836654260400, 0.02842320836654260700 ) ) ;
#1680 = CARTESIAN_POINT ( 'NONE',  ( -0.1962499999999999800, 0.02678166933744049300, -0.02678166933744052400 ) ) ;
#1681 = CARTESIAN_POINT ( 'NONE',  ( 0.2897239404676752500, 0.04164107721201493900, -0.03284448424775206200 ) ) ;
#1682 = CARTESIAN_POINT ( 'NONE',  ( 0.2900000000000000400, 0.004662832236999739700, 0.05329641634790842400 ) ) ;
#1683 = ADVANCED_FACE ( 'NONE', ( #4370 ), #1372, .F. ) ;
#1684 = CARTESIAN_POINT ( 'NONE',  ( -0.1637111931504248400, 0.04019648675812095800, 0.0000000000000000000 ) ) ;
#1685 = CARTESIAN_POINT ( 'NONE',  ( -0.004104216507081937100, 0.06050000000000000500, 0.0000000000000000000 ) ) ;
#1686 = CARTESIAN_POINT ( 'NONE',  ( -0.1880000996808306200, -0.01568833867488103600, -0.03787500000000004100 ) ) ;
#1687 = B_SPLINE_CURVE_WITH_KNOTS ( 'NONE', 3,
 ( #3458, #1816, #3510, #993, #5111, #1045, #3068, #4735, #598, #1459 ),
 .UNSPECIFIED., .F., .F.,
 ( 4, 2, 2, 2, 4 ),
 ( 2.278217223068292000E-007, 0.0002232015456122425300, 0.0004461752695021779400, 0.0006691489933921134100, 0.0008921227172820488300 ),
 .UNSPECIFIED. ) ;
#1688 = CARTESIAN_POINT ( 'NONE',  ( -0.2017889065304058200, 0.04019648675812095100, -0.01664992997496427000 ) ) ;
#1689 = EDGE_CURVE ( 'NONE', #2931, #550, #4557, .T. ) ;
#1690 = CARTESIAN_POINT ( 'NONE',  ( -0.1649999999999999800, -0.03787500000000005400, 4.638349751770605400E-018 ) ) ;
#1691 = CARTESIAN_POINT ( 'NONE',  ( -0.05827088317374869800, 0.06050000000000001200, 0.0000000000000000000 ) ) ;
#1692 = APPLICATION_PROTOCOL_DEFINITION ( 'international standard', 'config_control_design', 1994, #873 ) ;
#1693 = CARTESIAN_POINT ( 'NONE',  ( 0.2323541168262513400, 0.02505992052357230000, -0.06050000000000000500 ) ) ;
#1694 =( BOUNDED_CURVE ( )  B_SPLINE_CURVE ( 2, ( #252, #204, #3077, #3905, #1453, #655, #3482, #4695, #2681 ),
 .UNSPECIFIED., .F., .F. ) 
 B_SPLINE_CURVE_WITH_KNOTS ( ( 3, 2, 2, 2, 3 ),
 ( 0.2500000000000000600, 0.2613636363636364100, 0.2727272727272727100, 0.2840909090909091200, 0.2954545454545454700 ),
 .UNSPECIFIED. ) 
 CURVE ( )  GEOMETRIC_REPRESENTATION_ITEM ( )  RATIONAL_B_SPLINE_CURVE ( ( 0.9999999999999996700, 0.9238795325112870700, 1.000000000000000000, 0.9238795325112867400, 1.000000000000000000, 0.9238795325112867400, 1.000000000000000000, 0.9238795325112867400, 1.000000000000000000 ) ) 
 REPRESENTATION_ITEM ( '' )  );
#1695 = CARTESIAN_POINT ( 'NONE',  ( 0.1600000000000000300, 0.02852606231892955400, -0.02588247053860008200 ) ) ;
#1696 = VECTOR ( 'NONE', #3815, 39.37007874015748100 ) ;
#1697 = CARTESIAN_POINT ( 'NONE',  ( -0.1517889065304057800, 0.04019648675812096500, -0.01664992997496426600 ) ) ;
#1698 = ORIENTED_EDGE ( 'NONE', *, *, #965, .T. ) ;
#1699 = CARTESIAN_POINT ( 'NONE',  ( -0.04937499999999996800, 0.01568833867488099800, -0.03787500000000004100 ) ) ;
#1700 = CYLINDRICAL_SURFACE ( 'NONE', #64, 0.05349999999999999200 ) ;
#1701 = ADVANCED_FACE ( 'NONE', ( #1106 ), #988, .T. ) ;
#1702 = LINE ( 'NONE', #3951, #663 ) ;
#1703 = CARTESIAN_POINT ( 'NONE',  ( 0.2899999999999999800, 0.04294620829319619600, -0.03194086179466893600 ) ) ;
#1704 = CARTESIAN_POINT ( 'NONE',  ( -0.2817500996808305900, 0.01568833867488098400, -0.03787500000000004100 ) ) ;
#1705 = PLANE ( 'NONE',  #4154 ) ;
#1706 = VERTEX_POINT ( 'NONE', #1886 ) ;
#1707 = CARTESIAN_POINT ( 'NONE',  ( -0.2524999999999999500, -2.943698385638176800E-017, -0.03787500000000004100 ) ) ;
#1708 = CARTESIAN_POINT ( 'NONE',  ( 0.07008609346959418500, -0.02842320836654260400, 0.02842320836654261100 ) ) ;
#1709 = CARTESIAN_POINT ( 'NONE',  ( -0.1887111931504248400, -0.04019648675812099300, 4.922649884530182800E-018 ) ) ;
#1710 = CARTESIAN_POINT ( 'NONE',  ( 0.1427707834929181100, 0.06049999999999999800, -0.02505992052357230000 ) ) ;
#1711 = CARTESIAN_POINT ( 'NONE',  ( -0.04425009968083060800, -0.03787500000000004800, -0.01568833867488098400 ) ) ;
#1712 = VECTOR ( 'NONE', #11, 39.37007874015748100 ) ;
#1713 = CARTESIAN_POINT ( 'NONE',  ( -0.1457708831737487300, -9.699437755836779400E-018, 0.06050000000000001900 ) ) ;
#1714 = AXIS2_PLACEMENT_3D ( 'NONE', #1213, #4060, #3667 ) ;
#1715 = CARTESIAN_POINT ( 'NONE',  ( 0.003750000000000062300, 0.02678166933744051100, -0.02678166933744052400 ) ) ;
#1716 = CARTESIAN_POINT ( 'NONE',  ( -0.1270208831737487100, -0.04277996026178615400, -0.04277996026178614000 ) ) ;
#1717 = CARTESIAN_POINT ( 'NONE',  ( 0.2898410074907131800, 0.04905870649917298800, -0.02064226635673803800 ) ) ;
#1718 = ADVANCED_FACE ( 'NONE', ( #4649 ), #2318, .F. ) ;
#1719 = ORIENTED_EDGE ( 'NONE', *, *, #4307, .T. ) ;
#1720 = CARTESIAN_POINT ( 'NONE',  ( -0.1736639065304058100, -0.04019648675812100700, 4.922649884530183500E-018 ) ) ;
#1721 = CARTESIAN_POINT ( 'NONE',  ( -0.08999999999999996900, 0.03787500000000003400, 0.0000000000000000000 ) ) ;
#1722 = DIRECTION ( 'NONE',  ( 1.000000000000000000, 9.237637493568399400E-017, -0.0000000000000000000 ) ) ;
#1723 = CARTESIAN_POINT ( 'NONE',  ( -0.2067500996808306100, -0.01568833867488101200, 0.03787500000000004800 ) ) ;
#1724 = CARTESIAN_POINT ( 'NONE',  ( 0.08964578349291804600, 0.04277996026178613300, -0.04277996026178614700 ) ) ;
#1725 = CARTESIAN_POINT ( 'NONE',  ( -0.2556250000000000500, -0.01568833867488103600, -0.03787500000000004100 ) ) ;
#1726 = CARTESIAN_POINT ( 'NONE',  ( -0.004913906530405773100, 0.02842320836654260400, -0.02842320836654261800 ) ) ;
#1727 = CARTESIAN_POINT ( 'NONE',  ( -0.2543361931504248800, 0.01664992997496421400, 0.04019648675812097900 ) ) ;
#1728 = CARTESIAN_POINT ( 'NONE',  ( -0.01347921650708195700, 0.02505992052357227200, -0.06049999999999999800 ) ) ;
#1729 = CARTESIAN_POINT ( 'NONE',  ( -0.2255000996808306200, 0.03787500000000001300, -0.01568833867488101500 ) ) ;
#1730 = B_SPLINE_CURVE_WITH_KNOTS ( 'NONE', 3,
 ( #3099, #1443, #634, #3490 ),
 .UNSPECIFIED., .F., .F.,
 ( 4, 4 ),
 ( 2.962749920400478700E-007, 0.0001556756587220931800 ),
 .UNSPECIFIED. ) ;
#1731 = CARTESIAN_POINT ( 'NONE',  ( -0.2899999999999999200, 0.01855794606289990600, 0.03565613811985662200 ) ) ;
#1732 = CARTESIAN_POINT ( 'NONE',  ( 0.05062500000000002400, 0.01568833867488100800, -0.03787500000000004100 ) ) ;
#1733 = ORIENTED_EDGE ( 'NONE', *, *, #1951, .T. ) ;
#1734 = CARTESIAN_POINT ( 'NONE',  ( 0.1599999999999999800, -0.01675337380774295100, -0.03414710801278196500 ) ) ;
#1735 = EDGE_CURVE ( 'NONE', #5267, #1920, #3431, .T. ) ;
#1736 = CARTESIAN_POINT ( 'NONE',  ( 0.1075860934695941900, 0.02842320836654262100, 0.02842320836654260700 ) ) ;
#1737 = EDGE_LOOP ( 'NONE', ( #3531, #1698, #338, #707 ) ) ;
#1738 = CARTESIAN_POINT ( 'NONE',  ( 0.1693750000000000300, 0.01568833867488100800, 0.03787500000000004800 ) ) ;
#1739 = CARTESIAN_POINT ( 'NONE',  ( 0.2898411537418954000, 0.04240683634739311800, 0.03216437532295981400 ) ) ;
#1740 = CARTESIAN_POINT ( 'NONE',  ( -0.2630000996808306600, 0.01568833867488097400, 0.03787500000000004800 ) ) ;
#1741 = CARTESIAN_POINT ( 'NONE',  ( 0.2899999999999999800, 0.04890561444711166000, 0.02171335606505547500 ) ) ;
#1742 = CARTESIAN_POINT ( 'NONE',  ( 0.1513360934695942300, 0.04019648675812099300, 0.0000000000000000000 ) ) ;
#1743 = ORIENTED_EDGE ( 'NONE', *, *, #1769, .F. ) ;
#1744 = ADVANCED_FACE ( 'NONE', ( #17 ), #2196, .T. ) ;
#1745 = CARTESIAN_POINT ( 'NONE',  ( -0.2074611931504248600, 0.02842320836654259000, 0.02842320836654260400 ) ) ;
#1746 = CARTESIAN_POINT ( 'NONE',  ( 0.1052707834929181200, 0.02505992052357227200, 0.06050000000000000500 ) ) ;
#1747 = CARTESIAN_POINT ( 'NONE',  ( -0.2223750996808306100, 0.03787500000000002000, 0.0000000000000000000 ) ) ;
#1748 = EDGE_CURVE ( 'NONE', #1920, #3509, #2071, .T. ) ;
#1749 = CARTESIAN_POINT ( 'NONE',  ( -0.1111639065304058000, -1.784524450891934400E-017, -0.04019648675812098600 ) ) ;
#1750 = ORIENTED_EDGE ( 'NONE', *, *, #248, .T. ) ;
#1751 = CARTESIAN_POINT ( 'NONE',  ( 0.04437500000000005300, -0.01568833867488101200, -0.03787500000000004100 ) ) ;
#1752 = ORIENTED_EDGE ( 'NONE', *, *, #2202, .F. ) ;
#1753 = CARTESIAN_POINT ( 'NONE',  ( 0.02402078349291805400, -0.06050000000000003300, -0.02505992052357225100 ) ) ;
#1754 = DIRECTION ( 'NONE',  ( 1.000000000000000000, 9.237637493568399400E-017, -0.0000000000000000000 ) ) ;
#1755 = CARTESIAN_POINT ( 'NONE',  ( 0.1107110934695942400, 0.01664992997496424900, 0.04019648675812098600 ) ) ;
#1756 = CARTESIAN_POINT ( 'NONE',  ( 0.01937500000000004800, 0.01568833867488099800, 0.03787500000000004800 ) ) ;
#1757 = ADVANCED_FACE ( 'NONE', ( #3160 ), #2458, .T. ) ;
#1758 = CARTESIAN_POINT ( 'NONE',  ( -0.2899999999999999800, -0.1094999999999999600, 1.340988245066351300E-017 ) ) ;
#1759 = CARTESIAN_POINT ( 'NONE',  ( 0.1083957834929180900, 1.191304000155291800E-017, 0.06050000000000001900 ) ) ;
#1760 = CARTESIAN_POINT ( 'NONE',  ( 0.2900000000000000400, 9.715098770946713200E-018, 0.0000000000000000000 ) ) ;
#1761 = CARTESIAN_POINT ( 'NONE',  ( 0.08571109346959422700, -0.01664992997496425300, -0.04019648675812097900 ) ) ;
#1762 = CARTESIAN_POINT ( 'NONE',  ( -0.2637111931504248500, 0.04019648675812095100, 0.0000000000000000000 ) ) ;
#1763 = CARTESIAN_POINT ( 'NONE',  ( -0.2799139065304058200, -0.02842320836654263100, 0.02842320836654261100 ) ) ;
#1764 = CARTESIAN_POINT ( 'NONE',  ( 0.1557499003191694400, -0.03787500000000004100, -0.01568833867488098400 ) ) ;
#1765 = B_SPLINE_CURVE_WITH_KNOTS ( 'NONE', 3,
 ( #3646, #4509, #1248, #361, #2445, #4473, #3238, #1604, #2892, #2425, #1979, #823, #4082, #4849, #2382, #2463 ),
 .UNSPECIFIED., .F., .F.,
 ( 4, 3, 3, 3, 3, 4 ),
 ( 1.977867938116332300E-007, 5.242069397351376200E-005, 0.0001046997757471129400, 0.0001590559708598038300, 0.0002189694805741663000, 0.0002296270970484432700 ),
 .UNSPECIFIED. ) ;
#1766 =( BOUNDED_CURVE ( )  B_SPLINE_CURVE ( 2, ( #3478, #1891, #2674, #1021, #2246, #3888, #2708, #651, #2693 ),
 .UNSPECIFIED., .F., .T. ) 
 B_SPLINE_CURVE_WITH_KNOTS ( ( 3, 2, 2, 2, 3 ),
 ( 0.2954545454545454700, 0.3068181818181818200, 0.3181818181818182300, 0.3295454545454545900, 0.3409090909090909400 ),
 .UNSPECIFIED. ) 
 CURVE ( )  GEOMETRIC_REPRESENTATION_ITEM ( )  RATIONAL_B_SPLINE_CURVE ( ( 1.000000000000000000, 0.9238795325112867400, 1.000000000000000000, 0.9238795325112867400, 1.000000000000000000, 0.9238795325112867400, 1.000000000000000000, 0.9238795325112864100, 1.000000000000000400 ) ) 
 REPRESENTATION_ITEM ( '' )  );
#1767 = CARTESIAN_POINT ( 'NONE',  ( -0.09553890653040580900, 0.04019648675812097900, 0.01664992997496424200 ) ) ;
#1768 = LINE ( 'NONE', #312, #2020 ) ;
#1769 = EDGE_CURVE ( 'NONE', #5270, #4586, #2972, .T. ) ;
#1770 = CARTESIAN_POINT ( 'NONE',  ( 0.08187500000000007300, -0.03787500000000004100, 0.01568833867488099800 ) ) ;
#1771 = EDGE_LOOP ( 'NONE', ( #2235, #56, #3944, #4709, #185, #1388, #1323, #414, #735, #2528, #3513, #2117, #994, #4777, #3313, #2498, #3064, #2239, #2995, #3155, #4198, #4556 ) ) ;
#1772 = DIRECTION ( 'NONE',  ( 1.000000000000000000, 9.237637493568399400E-017, -0.0000000000000000000 ) ) ;
#1773 = DIRECTION ( 'NONE',  ( 0.0000000000000000000, 1.000000000000000000, 0.0000000000000000000 ) ) ;
#1774 = VECTOR ( 'NONE', #4708, 39.37007874015748100 ) ;
#1775 = EDGE_LOOP ( 'NONE', ( #419, #846, #2794, #2643, #914, #4260, #728, #4842, #1994, #1638, #3345, #3978, #2968, #2398, #195, #1949 ) ) ;
#1776 = CARTESIAN_POINT ( 'NONE',  ( 0.1388360934695942200, 3.412930334414772100E-018, -0.04019648675812098600 ) ) ;
#1777 = CARTESIAN_POINT ( 'NONE',  ( 0.1443750000000000900, -0.01568833867488100800, -0.03787500000000004100 ) ) ;
#1778 = DIRECTION ( 'NONE',  ( 1.000000000000000000, 9.237637493568399400E-017, -0.0000000000000000000 ) ) ;
#1779 = CARTESIAN_POINT ( 'NONE',  ( -0.1880000996808306200, -0.01568833867488103600, -0.03787500000000003400 ) ) ;
#1780 = CYLINDRICAL_SURFACE ( 'NONE', #4221, 0.1094999999999999600 ) ;
#1781 = DIRECTION ( 'NONE',  ( 1.000000000000000000, 8.503269937333647000E-017, -0.0000000000000000000 ) ) ;
#1782 = CARTESIAN_POINT ( 'NONE',  ( 0.1200860934695941900, -0.02842320836654260000, 0.02842320836654261100 ) ) ;
#1783 = CARTESIAN_POINT ( 'NONE',  ( -0.007461193150424849300, 0.02842320836654260700, 0.02842320836654260400 ) ) ;
#1784 = VERTEX_POINT ( 'NONE', #2049 ) ;
#1785 = CARTESIAN_POINT ( 'NONE',  ( -0.2330389065304057900, -0.01664992997496425600, 0.04019648675812098600 ) ) ;
#1786 = CARTESIAN_POINT ( 'NONE',  ( 0.02137490031916942600, 0.02678166933744051100, -0.02678166933744052400 ) ) ;
#1787 = CARTESIAN_POINT ( 'NONE',  ( -0.1642889065304057900, -0.01664992997496427700, -0.04019648675812097900 ) ) ;
#1788 = AXIS2_PLACEMENT_3D ( 'NONE', #259, #2291, #2322 ) ;
#1789 = CARTESIAN_POINT ( 'NONE',  ( 0.04125000000000007100, -0.02678166933744051800, -0.02678166933744051400 ) ) ;
#1790 = CARTESIAN_POINT ( 'NONE',  ( 0.2874553266340769100, 0.01064171080908285100, 0.04792522506905769200 ) ) ;
#1791 = CARTESIAN_POINT ( 'NONE',  ( 0.2572239404676753300, 0.04164107721201498700, 0.03284448424775204800 ) ) ;
#1792 = EDGE_CURVE ( 'NONE', #4752, #2016, #3344, .T. ) ;
#1793 = CARTESIAN_POINT ( 'NONE',  ( 0.1232110934695942600, -0.04019648675812097900, 0.01664992997496424200 ) ) ;
#1794 = CARTESIAN_POINT ( 'NONE',  ( 0.01625000000000006600, 0.02678166933744051800, 0.02678166933744051400 ) ) ;
#1795 = CARTESIAN_POINT ( 'NONE',  ( -0.1380000996808306000, -0.01568833867488102900, -0.03787500000000003400 ) ) ;
#1796 = DIRECTION ( 'NONE',  ( 0.0000000000000000000, 0.0000000000000000000, 1.000000000000000000 ) ) ;
#1797 = CARTESIAN_POINT ( 'NONE',  ( -0.3361639065304058400, -2.713230209885968600E-017, 0.04019648675812098600 ) ) ;
#1798 = CARTESIAN_POINT ( 'NONE',  ( -0.004336193150424832700, 0.01664992997496423900, 0.04019648675812097900 ) ) ;
#1799 = CARTESIAN_POINT ( 'NONE',  ( -0.2611639065304058300, -3.060014941491981700E-017, -0.04019648675812098600 ) ) ;
#1800 = CARTESIAN_POINT ( 'NONE',  ( 0.06824990031916940100, 0.01568833867488100800, -0.03787500000000004100 ) ) ;
#1801 = B_SPLINE_CURVE_WITH_KNOTS ( 'NONE', 3,
 ( #223, #3546, #3520, #3893, #3921, #4332, #1897, #4296, #2230, #4744, #1847, #1088, #5129 ),
 .UNSPECIFIED., .F., .F.,
 ( 4, 3, 3, 3, 4 ),
 ( 7.451699560984064000E-005, 0.0001046978584841809100, 0.0001590522546669579500, 0.0002189630888829142100, 0.0002296468795086137100 ),
 .UNSPECIFIED. ) ;
#1802 = EDGE_LOOP ( 'NONE', ( #4171, #2328, #4528, #4718 ) ) ;
#1803 = CARTESIAN_POINT ( 'NONE',  ( 0.09750000000000005900, 3.244609242860029600E-019, -0.03787500000000004100 ) ) ;
#1804 = ORIENTED_EDGE ( 'NONE', *, *, #1366, .F. ) ;
#1805 = CARTESIAN_POINT ( 'NONE',  ( 0.2874553266340769100, 0.01064171080908288800, -0.04792522506905766400 ) ) ;
#1806 = CARTESIAN_POINT ( 'NONE',  ( 0.1475000000000000800, 4.576095892952823400E-018, -0.03787500000000004100 ) ) ;
#1807 = CARTESIAN_POINT ( 'NONE',  ( -0.2306249999999999700, 0.01568833867488097700, 0.03787500000000004800 ) ) ;
#1808 = EDGE_LOOP ( 'NONE', ( #24, #4602, #191, #1449, #4682 ) ) ;
#1809 = CARTESIAN_POINT ( 'NONE',  ( -0.04737509968083059000, -0.03787500000000004800, 4.638349751770605400E-018 ) ) ;
#1810 = CARTESIAN_POINT ( 'NONE',  ( -0.2767889065304058900, -0.04019648675812101400, 0.01664992997496424200 ) ) ;
#1811 = CARTESIAN_POINT ( 'NONE',  ( 0.02691380684957514100, 0.01664992997496424600, -0.04019648675812097200 ) ) ;
#1812 = CARTESIAN_POINT ( 'NONE',  ( 0.1958957834929181100, 0.06050000000000001900, 0.0000000000000000000 ) ) ;
#1813 = CARTESIAN_POINT ( 'NONE',  ( 0.08387490031916937400, 0.02678166933744052400, 0.02678166933744051400 ) ) ;
#1814 = CARTESIAN_POINT ( 'NONE',  ( -0.2192500996808306700, 0.03787500000000002000, 0.01568833867488099400 ) ) ;
#1815 = EDGE_CURVE ( 'NONE', #3974, #2532, #660, .T. ) ;
#1816 = CARTESIAN_POINT ( 'NONE',  ( 0.2860707919458984100, -0.01114703981184367700, 0.04535652526591951000 ) ) ;
#1817 = CARTESIAN_POINT ( 'NONE',  ( -0.2900000000000055900, 0.01119250224161107700, 0.04696446775160439300 ) ) ;
#1818 = AXIS2_PLACEMENT_3D ( 'NONE', #1273, #3678, #3305 ) ;
#1819 = CARTESIAN_POINT ( 'NONE',  ( -0.3223750996808306100, 0.03787500000000001300, 0.0000000000000000000 ) ) ;
#1820 = CYLINDRICAL_SURFACE ( 'NONE', #3262, 0.01957795784253701600 ) ;
#1821 = CARTESIAN_POINT ( 'NONE',  ( -0.2806250000000000100, 0.01568833867488097000, 0.03787500000000004800 ) ) ;
#1822 = CARTESIAN_POINT ( 'NONE',  ( 0.01199990031916940700, -0.01568833867488101500, -0.03787500000000003400 ) ) ;
#1823 = DIRECTION ( 'NONE',  ( 1.000000000000000000, 8.503269937333647000E-017, 0.0000000000000000000 ) ) ;
#1824 = ORIENTED_EDGE ( 'NONE', *, *, #4169, .T. ) ;
#1825 = CARTESIAN_POINT ( 'NONE',  ( 0.2568857405672951300, 0.008371138797400029900, 0.05176355498527915300 ) ) ;
#1826 = CARTESIAN_POINT ( 'NONE',  ( -0.1293361931504248300, -0.01664992997496426600, -0.04019648675812097200 ) ) ;
#1827 = CARTESIAN_POINT ( 'NONE',  ( -0.3017889065304058500, 0.04019648675812093800, -0.01664992997496426600 ) ) ;
#1828 = CARTESIAN_POINT ( 'NONE',  ( 0.1369999003191694500, 0.01568833867488100800, 0.03787500000000004800 ) ) ;
#1829 = CARTESIAN_POINT ( 'NONE',  ( -0.1848750996808306000, -2.368665603738998700E-017, -0.03787500000000004100 ) ) ;
#1830 = COORDINATED_UNIVERSAL_TIME_OFFSET ( 6, 0, .BEHIND. ) ;
#1831 = FACE_OUTER_BOUND ( 'NONE', #1677, .T. ) ;
#1832 = ORIENTED_EDGE ( 'NONE', *, *, #3896, .F. ) ;
#1833 = EDGE_CURVE ( 'NONE', #1424, #4490, #2335, .T. ) ;
#1834 = CC_DESIGN_PERSON_AND_ORGANIZATION_ASSIGNMENT ( #4140, #2234, ( #5076 ) ) ;
#1835 = CYLINDRICAL_SURFACE ( 'NONE', #2470, 0.006687500000000015500 ) ;
#1836 = VECTOR ( 'NONE', #818, 39.37007874015748100 ) ;
#1837 = CARTESIAN_POINT ( 'NONE',  ( 0.2068750000000000300, 0.03787500000000004800, -0.01568833867488101500 ) ) ;
#1838 = CARTESIAN_POINT ( 'NONE',  ( -0.2900000000000055900, 0.003129419095646493800, 0.05288264602874530300 ) ) ;
#1839 = CARTESIAN_POINT ( 'NONE',  ( 0.1354791168262512700, 0.04277996026178614000, -0.04277996026178614700 ) ) ;
#1840 = CARTESIAN_POINT ( 'NONE',  ( 0.2100000000000000800, 0.03787500000000005400, 0.0000000000000000000 ) ) ;
#1841 = ORIENTED_EDGE ( 'NONE', *, *, #1283, .T. ) ;
#1842 = CARTESIAN_POINT ( 'NONE',  ( -0.09312499999999999900, 0.03787500000000002700, -0.01568833867488101900 ) ) ;
#1843 = CARTESIAN_POINT ( 'NONE',  ( -0.04112509968083059200, -0.02678166933744052800, -0.02678166933744051400 ) ) ;
#1844 = CARTESIAN_POINT ( 'NONE',  ( -0.2697292165070819800, -0.02505992052357227200, -0.06050000000000005400 ) ) ;
#1845 = EDGE_CURVE ( 'NONE', #1649, #1278, #166, .T. ) ;
#1846 = CARTESIAN_POINT ( 'NONE',  ( -0.07308619315042484700, 0.01664992997496424200, -0.04019648675812097200 ) ) ;
#1847 = CARTESIAN_POINT ( 'NONE',  ( 0.2875874181506269900, 0.04701222515261522400, -0.01491452697009713900 ) ) ;
#1848 = CARTESIAN_POINT ( 'NONE',  ( 0.1682499003191694500, 0.01568833867488101500, -0.03787500000000004100 ) ) ;
#1849 = CARTESIAN_POINT ( 'NONE',  ( -0.2630000996808306000, 0.01568833867488097400, 0.03787500000000004800 ) ) ;
#1850 = AXIS2_PLACEMENT_3D ( 'NONE', #1146, #1525, #2343 ) ;
#1851 = DIRECTION ( 'NONE',  ( 0.0000000000000000000, 0.0000000000000000000, 1.000000000000000000 ) ) ;
#1852 = CARTESIAN_POINT ( 'NONE',  ( 0.2575000000000000600, 0.04890561444711166000, -0.02171335606505549500 ) ) ;
#1853 = CARTESIAN_POINT ( 'NONE',  ( -0.2899999999999999800, 7.409113134841490500E-018, -0.06050000000000002600 ) ) ;
#1854 = EDGE_CURVE ( 'NONE', #4141, #1028, #37, .T. ) ;
#1855 = CARTESIAN_POINT ( 'NONE',  ( 0.2900000000000000400, -0.04382463436946108100, 0.03068633934478099200 ) ) ;
#1856 = ORIENTED_EDGE ( 'NONE', *, *, #3025, .T. ) ;
#1857 = CARTESIAN_POINT ( 'NONE',  ( -0.1743749999999999700, -0.01568833867488101200, 0.03787500000000004800 ) ) ;
#1858 = CARTESIAN_POINT ( 'NONE',  ( -0.01925009968083060000, 0.03787500000000004100, 0.01568833867488099400 ) ) ;
#1859 = CARTESIAN_POINT ( 'NONE',  ( -0.1666042165070819600, -2.628917859579758800E-017, -0.06050000000000001900 ) ) ;
#1860 = CARTESIAN_POINT ( 'NONE',  ( -0.3080389065304058300, 0.01664992997496422100, -0.04019648675812097900 ) ) ;
#1861 = EDGE_LOOP ( 'NONE', ( #77, #2023, #1733, #3585 ) ) ;
#1862 = CARTESIAN_POINT ( 'NONE',  ( -0.3020208831737487000, 0.04277996026178611200, 0.04277996026178614000 ) ) ;
#1863 = DIRECTION ( 'NONE',  ( 0.0000000000000000000, -1.000000000000000000, 1.224646799147353200E-016 ) ) ;
#1864 = CARTESIAN_POINT ( 'NONE',  ( -0.2230861931504248600, 0.01664992997496422500, -0.04019648675812097200 ) ) ;
#1865 = CARTESIAN_POINT ( 'NONE',  ( -0.1723750996808306200, 0.03787500000000002700, 0.0000000000000000000 ) ) ;
#1866 = EDGE_CURVE ( 'NONE', #3497, #2927, #2200, .T. ) ;
#1867 = ORIENTED_EDGE ( 'NONE', *, *, #870, .F. ) ;
#1868 = CARTESIAN_POINT ( 'NONE',  ( -0.2899999999999999800, 0.0000000000000000000, 0.06050000000000002600 ) ) ;
#1869 = CARTESIAN_POINT ( 'NONE',  ( -0.2899999999999999800, 0.0000000000000000000, 0.0000000000000000000 ) ) ;
#1870 = ORIENTED_EDGE ( 'NONE', *, *, #992, .T. ) ;
#1871 = CARTESIAN_POINT ( 'NONE',  ( -0.04785421650708195100, 0.04277996026178613300, 0.04277996026178614000 ) ) ;
#1872 = CARTESIAN_POINT ( 'NONE',  ( -0.1431249999999999700, 0.03787500000000002000, -0.01568833867488101900 ) ) ;
#1873 = CARTESIAN_POINT ( 'NONE',  ( 0.2575000000000000600, 0.0000000000000000000, 0.0000000000000000000 ) ) ;
#1874 = CARTESIAN_POINT ( 'NONE',  ( -0.2730861931504248700, 0.01664992997496422100, -0.04019648675812097200 ) ) ;
#1875 = CARTESIAN_POINT ( 'NONE',  ( -0.1392889065304058200, 0.01664992997496422800, 0.04019648675812098600 ) ) ;
#1876 = CARTESIAN_POINT ( 'NONE',  ( -0.2957708831737487200, -2.245434266183725000E-017, 0.06050000000000001900 ) ) ;
#1877 = CARTESIAN_POINT ( 'NONE',  ( 0.07402078349291806000, -0.06050000000000003300, -0.02505992052357225100 ) ) ;
#1878 = CARTESIAN_POINT ( 'NONE',  ( -0.3074611931504248600, 0.02842320836654258300, 0.02842320836654260400 ) ) ;
#1879 = CARTESIAN_POINT ( 'NONE',  ( -0.02237509968083062000, 0.03787500000000003400, 0.0000000000000000000 ) ) ;
#1880 = CIRCLE ( 'NONE', #782, 0.05349999999999999200 ) ;
#1881 = DIRECTION ( 'NONE',  ( 0.0000000000000000000, 1.000000000000000000, 0.0000000000000000000 ) ) ;
#1882 = EDGE_LOOP ( 'NONE', ( #2308, #1318, #1091, #2974, #1111, #4241, #5238, #4750, #4269, #2081, #3233, #274, #817, #4996, #3442, #2872, #607 ) ) ;
#1883 = DIRECTION ( 'NONE',  ( 0.0000000000000000000, 0.0000000000000000000, 1.000000000000000000 ) ) ;
#1884 = AXIS2_PLACEMENT_3D ( 'NONE', #3131, #2664, #3525 ) ;
#1885 = EDGE_LOOP ( 'NONE', ( #513, #2805, #2251, #1116 ) ) ;
#1886 = CARTESIAN_POINT ( 'NONE',  ( 0.05422911682625129700, 7.307102118830516200E-018, 0.06050000000000001900 ) ) ;
#1887 = ORIENTED_EDGE ( 'NONE', *, *, #4300, .F. ) ;
#1888 = CARTESIAN_POINT ( 'NONE',  ( -0.07749999999999995800, -5.279561962506669200E-018, 0.03787500000000004100 ) ) ;
#1889 = CARTESIAN_POINT ( 'NONE',  ( 0.08387490031916937400, 0.02678166933744052400, 0.02678166933744051400 ) ) ;
#1890 = FACE_OUTER_BOUND ( 'NONE', #3622, .T. ) ;
#1891 = CARTESIAN_POINT ( 'NONE',  ( -0.1884792165070819400, -0.02505992052357227500, 0.06050000000000001900 ) ) ;
#1892 = CYLINDRICAL_SURFACE ( 'NONE', #1013, 0.06050000000000002600 ) ;
#1893 = VERTEX_POINT ( 'NONE', #4887 ) ;
#1894 = CARTESIAN_POINT ( 'NONE',  ( -0.1480861931504248400, -0.01664992997496424600, 0.04019648675812097900 ) ) ;
#1895 = CARTESIAN_POINT ( 'NONE',  ( -0.1017889065304058100, 0.04019648675812096500, -0.01664992997496426600 ) ) ;
#1896 = CARTESIAN_POINT ( 'NONE',  ( -0.2926458831737487300, -0.02505992052357228600, 0.06050000000000001900 ) ) ;
#1897 = CARTESIAN_POINT ( 'NONE',  ( 0.2886604172432358200, 0.04837132048071848100, -0.01672078597144300400 ) ) ;
#1898 = CARTESIAN_POINT ( 'NONE',  ( -0.2887111931504248700, -0.04019648675812100700, 4.922649884530182800E-018 ) ) ;
#1899 = CARTESIAN_POINT ( 'NONE',  ( -0.07550009968083061500, 0.03787500000000002700, -0.01568833867488101500 ) ) ;
#1900 = LINE ( 'NONE', #4908, #1836 ) ;
#1901 = CARTESIAN_POINT ( 'NONE',  ( 0.2564358027464196400, -0.04867335970646573300, -0.01730698920770449100 ) ) ;
#1902 = ORIENTED_EDGE ( 'NONE', *, *, #1135, .T. ) ;
#1903 = DIRECTION ( 'NONE',  ( -1.000000000000000000, -0.0000000000000000000, -0.0000000000000000000 ) ) ;
#1904 = CARTESIAN_POINT ( 'NONE',  ( 0.01360411682625130300, -0.06050000000000001900, 0.02505992052357226500 ) ) ;
#1905 = CARTESIAN_POINT ( 'NONE',  ( -0.2899999999999999800, 7.409113134841490500E-018, -0.06050000000000002600 ) ) ;
#1906 = CARTESIAN_POINT ( 'NONE',  ( -0.08374999999999996300, 0.02678166933744051100, 0.02678166933744051400 ) ) ;
#1907 = CARTESIAN_POINT ( 'NONE',  ( 0.1432499003191694000, -0.01568833867488098400, 0.03787500000000004800 ) ) ;
#1908 = DIRECTION ( 'NONE',  ( 1.000000000000000000, 8.503269937333648200E-017, 0.0000000000000000000 ) ) ;
#1909 = EDGE_CURVE ( 'NONE', #276, #2542, #1900, .T. ) ;
#1910 = CARTESIAN_POINT ( 'NONE',  ( -0.2580389065304058400, 0.01664992997496422500, -0.04019648675812097900 ) ) ;
#1911 = CARTESIAN_POINT ( 'NONE',  ( 0.2175388068495751600, -0.02842320836654259000, -0.02842320836654260400 ) ) ;
#1912 = CARTESIAN_POINT ( 'NONE',  ( -0.1145208831737487100, 0.04277996026178611900, -0.04277996026178614700 ) ) ;
#1913 = CARTESIAN_POINT ( 'NONE',  ( 0.2276249003191694600, 0.03787500000000005400, 0.0000000000000000000 ) ) ;
#1914 = CARTESIAN_POINT ( 'NONE',  ( -0.05362509968083059600, -0.02678166933744052400, 0.02678166933744051800 ) ) ;
#1915 = CARTESIAN_POINT ( 'NONE',  ( 0.2549553266340769400, -0.04682531779643221700, -0.01474662063413560900 ) ) ;
#1916 = AXIS2_PLACEMENT_3D ( 'NONE', #1869, #5181, #2644 ) ;
#1917 = CARTESIAN_POINT ( 'NONE',  ( 0.2566838032805313600, 0.04889630993750218600, 0.01795776481650295700 ) ) ;
#1918 = ORIENTED_EDGE ( 'NONE', *, *, #382, .F. ) ;
#1919 =( BOUNDED_CURVE ( )  B_SPLINE_CURVE ( 2, ( #546, #147, #619, #3489, #2238, #2665, #4722, #4302, #197 ),
 .UNSPECIFIED., .F., .T. ) 
 B_SPLINE_CURVE_WITH_KNOTS ( ( 3, 2, 2, 2, 3 ),
 ( 0.5681818181818182300, 0.5795454545454545900, 0.5909090909090909400, 0.6022727272727272900, 0.6136363636363636500 ),
 .UNSPECIFIED. ) 
 CURVE ( )  GEOMETRIC_REPRESENTATION_ITEM ( )  RATIONAL_B_SPLINE_CURVE ( ( 1.000000000000000000, 0.9238795325112867400, 1.000000000000000000, 0.9238795325112867400, 1.000000000000000000, 0.9238795325112867400, 1.000000000000000000, 0.9238795325112867400, 1.000000000000000000 ) ) 
 REPRESENTATION_ITEM ( '' )  );
#1920 = VERTEX_POINT ( 'NONE', #4422 ) ;
#1921 = CARTESIAN_POINT ( 'NONE',  ( 0.06312500000000004200, 0.03787500000000004800, 0.01568833867488099400 ) ) ;
#1922 = CARTESIAN_POINT ( 'NONE',  ( 0.1057499003191693800, -0.03787500000000004800, -0.01568833867488098400 ) ) ;
#1923 = CARTESIAN_POINT ( 'NONE',  ( -0.2899999999999999800, 0.0000000000000000000, 0.0000000000000000000 ) ) ;
#1924 = CARTESIAN_POINT ( 'NONE',  ( -0.2017889065304057900, 0.04019648675812095800, -0.01664992997496426600 ) ) ;
#1925 = CARTESIAN_POINT ( 'NONE',  ( 0.2331638068495751600, 0.04019648675812098600, -0.01664992997496426300 ) ) ;
#1926 = CARTESIAN_POINT ( 'NONE',  ( -0.3447292165070819900, 0.02505992052357224100, 0.06050000000000000500 ) ) ;
#1927 = CARTESIAN_POINT ( 'NONE',  ( -0.1293361931504248300, -0.01664992997496426600, -0.04019648675812097200 ) ) ;
#1928 = ORIENTED_EDGE ( 'NONE', *, *, #3712, .F. ) ;
#1929 = CARTESIAN_POINT ( 'NONE',  ( 0.1088749003191693800, -0.02678166933744051400, -0.02678166933744051400 ) ) ;
#1930 = EDGE_CURVE ( 'NONE', #5267, #4417, #2090, .T. ) ;
#1931 = AXIS2_PLACEMENT_3D ( 'NONE', #3035, #2161, #554 ) ;
#1932 = CARTESIAN_POINT ( 'NONE',  ( 0.2573410074907133100, -0.04905870649917301600, -0.02064226635673802400 ) ) ;
#1933 = CARTESIAN_POINT ( 'NONE',  ( 0.2895805576635434000, -0.04126336399308445900, -0.03290438226889184900 ) ) ;
#1934 = CARTESIAN_POINT ( 'NONE',  ( 0.2081638068495751400, -0.04019648675812096500, 0.01664992997496424200 ) ) ;
#1935 = CARTESIAN_POINT ( 'NONE',  ( -0.2900393700787401400, -0.02985147892126860000, 0.05170427817270843000 ) ) ;
#1936 = CARTESIAN_POINT ( 'NONE',  ( -0.03014588317374870800, -0.06050000000000003300, -0.02505992052357225100 ) ) ;
#1937 = DIRECTION ( 'NONE',  ( 0.0000000000000000000, 1.000000000000000000, 0.0000000000000000000 ) ) ;
#1938 = CARTESIAN_POINT ( 'NONE',  ( 0.1521457834929180700, 0.04277996026178614700, 0.04277996026178614000 ) ) ;
#1939 = CARTESIAN_POINT ( 'NONE',  ( 0.02250000000000003400, 3.223707974826975500E-018, 0.03787500000000004100 ) ) ;
#1940 = CARTESIAN_POINT ( 'NONE',  ( -0.2899999999999999800, 0.0000000000000000000, 0.0000000000000000000 ) ) ;
#1941 = DIRECTION ( 'NONE',  ( -1.000000000000000000, -0.0000000000000000000, -0.0000000000000000000 ) ) ;
#1942 = CARTESIAN_POINT ( 'NONE',  ( -0.06741390653040578400, -0.02842320836654262100, -0.02842320836654260700 ) ) ;
#1943 = CARTESIAN_POINT ( 'NONE',  ( -0.2738958831737487400, -0.02505992052357231700, -0.06049999999999999800 ) ) ;
#1944 = CARTESIAN_POINT ( 'NONE',  ( -0.3166042165070819300, -3.904408350179806200E-017, -0.06050000000000001200 ) ) ;
#1945 = CARTESIAN_POINT ( 'NONE',  ( -0.1230861931504248100, 0.01664992997496423500, -0.04019648675812097200 ) ) ;
#1946 = CARTESIAN_POINT ( 'NONE',  ( 0.005749900319169372000, -0.03787500000000004800, -0.01568833867488098400 ) ) ;
#1947 = CARTESIAN_POINT ( 'NONE',  ( -0.1416042165070819400, -9.345134841781206100E-018, 0.06050000000000001900 ) ) ;
#1948 = CARTESIAN_POINT ( 'NONE',  ( -0.01660421650708194000, -1.353427368979711900E-017, -0.06050000000000001900 ) ) ;
#1949 = ORIENTED_EDGE ( 'NONE', *, *, #2591, .F. ) ;
#1950 = DIRECTION ( 'NONE',  ( -1.000000000000000000, -0.0000000000000000000, -0.0000000000000000000 ) ) ;
#1951 = EDGE_CURVE ( 'NONE', #2542, #1784, #4487, .T. ) ;
#1952 = CIRCLE ( 'NONE', #712, 0.03995833333333329700 ) ;
#1953 = DIRECTION ( 'NONE',  ( 1.000000000000000000, 8.503269937333648200E-017, 0.0000000000000000000 ) ) ;
#1954 = PERSON_AND_ORGANIZATION ( #2589, #2539 ) ;
#1955 = ORIENTED_EDGE ( 'NONE', *, *, #820, .F. ) ;
#1956 = CARTESIAN_POINT ( 'NONE',  ( 0.2828791500028752200, -0.01534635725095043400, -0.03826424080507174300 ) ) ;
#1957 = ORIENTED_EDGE ( 'NONE', *, *, #1845, .F. ) ;
#1958 = CARTESIAN_POINT ( 'NONE',  ( 0.1677751058491021300, -0.03995833333333325500, 4.893484501592961400E-018 ) ) ;
#1959 = FACE_OUTER_BOUND ( 'NONE', #2701, .T. ) ;
#1960 = CARTESIAN_POINT ( 'NONE',  ( -0.2149999999999999700, -0.03787500000000006100, 4.638349751770605400E-018 ) ) ;
#1961 = CARTESIAN_POINT ( 'NONE',  ( -0.03687499999999996300, 0.03787500000000004100, 0.01568833867488099400 ) ) ;
#1962 = CARTESIAN_POINT ( 'NONE',  ( 0.1042291168262513100, 1.155873708749734000E-017, 0.06050000000000001900 ) ) ;
#1963 = CARTESIAN_POINT ( 'NONE',  ( -0.2899999999999999800, 0.0000000000000000000, 0.0000000000000000000 ) ) ;
#1964 = EDGE_CURVE ( 'NONE', #4742, #581, #4390, .T. ) ;
#1965 = CARTESIAN_POINT ( 'NONE',  ( 0.05758609346959417400, 0.02842320836654261800, 0.02842320836654260700 ) ) ;
#1966 = CARTESIAN_POINT ( 'NONE',  ( -0.2145208831737487300, 0.04277996026178611200, -0.04277996026178614700 ) ) ;
#1967 = CARTESIAN_POINT ( 'NONE',  ( 0.2874553266340769100, 0.03618360698734930000, 0.03317860443492207800 ) ) ;
#1968 = CARTESIAN_POINT ( 'NONE',  ( -0.02933619315042483600, -0.01664992997496426300, -0.04019648675812097200 ) ) ;
#1969 = CARTESIAN_POINT ( 'NONE',  ( 0.2549553266340770500, -0.04682531779643288300, 0.01474662063413612800 ) ) ;
#1970 = CARTESIAN_POINT ( 'NONE',  ( 0.2550216635195616800, -0.04691979672824494300, -0.01482912534528334700 ) ) ;
#1971 = CARTESIAN_POINT ( 'NONE',  ( 0.1677751058491021300, 4.228760481413908200E-017, 0.0000000000000000000 ) ) ;
#1972 = CARTESIAN_POINT ( 'NONE',  ( 0.1581638068495752300, -0.04019648675812096500, 0.01664992997496424200 ) ) ;
#1973 = DIRECTION ( 'NONE',  ( 0.0000000000000000000, 1.000000000000000000, 0.0000000000000000000 ) ) ;
#1974 = CARTESIAN_POINT ( 'NONE',  ( 0.2898408819133560500, 0.006653379927950194200, -0.05280690509687634800 ) ) ;
#1975 = CARTESIAN_POINT ( 'NONE',  ( 0.2497735286405443300, 0.04011986468026491900, -0.002900344123558551900 ) ) ;
#1976 = CARTESIAN_POINT ( 'NONE',  ( 0.2013360934695942500, 0.04019648675812099300, 0.0000000000000000000 ) ) ;
#1977 = CARTESIAN_POINT ( 'NONE',  ( -0.05874999999999995500, -0.02678166933744052800, -0.02678166933744051400 ) ) ;
#1978 = CARTESIAN_POINT ( 'NONE',  ( -0.04889588317374870400, 0.02505992052357225400, 0.06050000000000001900 ) ) ;
#1979 = CARTESIAN_POINT ( 'NONE',  ( 0.2558566419414501900, -0.01009832632755146600, -0.04963934577794712500 ) ) ;
#1980 = CARTESIAN_POINT ( 'NONE',  ( 0.02633609346959420200, -0.04019648675812098600, 4.922649884530183500E-018 ) ) ;
#1981 = VERTEX_POINT ( 'NONE', #1673 ) ;
#1982 = CARTESIAN_POINT ( 'NONE',  ( -0.1238958831737487100, -0.02505992052357230300, -0.06049999999999999800 ) ) ;
#1983 = CARTESIAN_POINT ( 'NONE',  ( -0.3478542165070819800, 0.04277996026178610600, 0.04277996026178613300 ) ) ;
#1984 = CARTESIAN_POINT ( 'NONE',  ( -0.2293361931504248600, -0.01664992997496427700, -0.04019648675812097200 ) ) ;
#1985 = CARTESIAN_POINT ( 'NONE',  ( -0.04496119315042482200, -0.02842320836654260700, 0.02842320836654260700 ) ) ;
#1986 = CARTESIAN_POINT ( 'NONE',  ( 0.1432499003191694000, -0.01568833867488098400, 0.03787500000000004800 ) ) ;
#1987 = CARTESIAN_POINT ( 'NONE',  ( 0.1588273673787952400, -0.03968392790102108500, 0.01550503489524141100 ) ) ;
#1988 = CARTESIAN_POINT ( 'NONE',  ( 0.2522999962754334200, -0.03102956034204170500, 0.03196545875886253700 ) ) ;
#1989 = ORIENTED_EDGE ( 'NONE', *, *, #2007, .T. ) ;
#1990 = AXIS2_PLACEMENT_3D ( 'NONE', #2860, #4092, #5346 ) ;
#1991 = CARTESIAN_POINT ( 'NONE',  ( -0.1166042165070819300, -2.203754362713076500E-017, -0.06050000000000001200 ) ) ;
#1992 = CARTESIAN_POINT ( 'NONE',  ( -0.2411250996808306500, -0.02678166933744054500, -0.02678166933744051400 ) ) ;
#1993 = CARTESIAN_POINT ( 'NONE',  ( 0.1544388163559191900, -0.005649314327215000700, 0.05862961990993537100 ) ) ;
#1994 = ORIENTED_EDGE ( 'NONE', *, *, #2485, .F. ) ;
#1995 = CARTESIAN_POINT ( 'NONE',  ( 0.2535690238574644900, 0.04485090485035737200, -0.01302244396663096300 ) ) ;
#1996 = CARTESIAN_POINT ( 'NONE',  ( -0.3181249999999999900, -0.03787500000000006800, 0.01568833867488099800 ) ) ;
#1997 = CARTESIAN_POINT ( 'NONE',  ( 0.06625000000000001700, 0.02678166933744052400, 0.02678166933744051400 ) ) ;
#1998 = CARTESIAN_POINT ( 'NONE',  ( -0.002020883173748717500, 0.04277996026178614000, 0.04277996026178614000 ) ) ;
#1999 = CARTESIAN_POINT ( 'NONE',  ( 0.1677751058491021300, 0.03995833333333333900, 0.0000000000000000000 ) ) ;
#2000 = ORIENTED_EDGE ( 'NONE', *, *, #4717, .F. ) ;
#2001 = CARTESIAN_POINT ( 'NONE',  ( -0.04241390653040581800, 0.02842320836654260700, 0.02842320836654260700 ) ) ;
#2002 = CARTESIAN_POINT ( 'NONE',  ( -0.2457708831737487100, -1.820270769317042600E-017, 0.06050000000000001900 ) ) ;
#2003 = CARTESIAN_POINT ( 'NONE',  ( -0.2916042165070819600, -2.210003974778167500E-017, 0.06050000000000001200 ) ) ;
#2004 = CARTESIAN_POINT ( 'NONE',  ( -0.1762111931504248300, -2.337639087713067200E-017, -0.04019648675812097900 ) ) ;
#2005 = CARTESIAN_POINT ( 'NONE',  ( -0.1543361931504248200, 0.01664992997496422100, 0.04019648675812097900 ) ) ;
#2006 = CARTESIAN_POINT ( 'NONE',  ( 0.1807499003191694000, 0.03787500000000004800, 0.01568833867488099400 ) ) ;
#2007 = EDGE_CURVE ( 'NONE', #3732, #3256, #2649, .T. ) ;
#2008 = DIRECTION ( 'NONE',  ( 1.000000000000000000, 8.503269937333647000E-017, 0.0000000000000000000 ) ) ;
#2009 = CARTESIAN_POINT ( 'NONE',  ( -0.007229216507081920800, 0.06049999999999999100, -0.02505992052357230000 ) ) ;
#2010 = DIRECTION ( 'NONE',  ( -1.000000000000000000, -0.0000000000000000000, -0.0000000000000000000 ) ) ;
#2011 = CARTESIAN_POINT ( 'NONE',  ( 0.08941380684957515900, 0.04019648675812098600, 0.01664992997496423500 ) ) ;
#2012 = CARTESIAN_POINT ( 'NONE',  ( -0.09160421650708192000, -5.093499873114378800E-018, 0.06050000000000001200 ) ) ;
#2013 = CARTESIAN_POINT ( 'NONE',  ( 0.2498769853744549900, 0.1023000000000000200, 0.0000000000000000000 ) ) ;
#2014 = DIRECTION ( 'NONE',  ( 1.000000000000000000, 9.237637493568399400E-017, -0.0000000000000000000 ) ) ;
#2015 = EDGE_CURVE ( 'NONE', #392, #3205, #449, .T. ) ;
#2016 = VERTEX_POINT ( 'NONE', #4729 ) ;
#2017 = CARTESIAN_POINT ( 'NONE',  ( 0.1638360934695942400, 1.538404758780855300E-017, 0.04019648675812098600 ) ) ;
#2018 = CARTESIAN_POINT ( 'NONE',  ( -0.03952088317374869600, -0.04277996026178614000, 0.04277996026178614000 ) ) ;
#2019 = CARTESIAN_POINT ( 'NONE',  ( -0.02077088317374868900, -1.388857660385269900E-017, -0.06050000000000001900 ) ) ;
#2020 = VECTOR ( 'NONE', #1941, 39.37007874015748100 ) ;
#2021 = CARTESIAN_POINT ( 'NONE',  ( 0.09508609346959418000, 0.02842320836654261100, -0.02842320836654261800 ) ) ;
#2022 = CARTESIAN_POINT ( 'NONE',  ( -0.09577088317374871100, -5.447802787169956600E-018, 0.06050000000000001900 ) ) ;
#2023 = ORIENTED_EDGE ( 'NONE', *, *, #1909, .T. ) ;
#2024 = CARTESIAN_POINT ( 'NONE',  ( -0.2697292165070819800, -0.02505992052357231000, -0.06049999999999999100 ) ) ;
#2025 =( BOUNDED_CURVE ( )  B_SPLINE_CURVE ( 2, ( #5327, #2859, #2451, #3612, #390, #1574, #4481, #3288, #4517 ),
 .UNSPECIFIED., .F., .F. ) 
 B_SPLINE_CURVE_WITH_KNOTS ( ( 3, 2, 2, 2, 3 ),
 ( 0.4772727272727272900, 0.4886363636363636500, 0.5000000000000000000, 0.5113636363636363500, 0.5227272727272727100 ),
 .UNSPECIFIED. ) 
 CURVE ( )  GEOMETRIC_REPRESENTATION_ITEM ( )  RATIONAL_B_SPLINE_CURVE ( ( 1.000000000000000000, 0.9238795325112867400, 1.000000000000000000, 0.9238795325112867400, 1.000000000000000000, 0.9238795325112867400, 1.000000000000000000, 0.9238795325112867400, 1.000000000000000000 ) ) 
 REPRESENTATION_ITEM ( '' )  );
#2026 = CARTESIAN_POINT ( 'NONE',  ( -0.1699611931504248500, 0.02842320836654258600, -0.02842320836654261100 ) ) ;
#2027 = CARTESIAN_POINT ( 'NONE',  ( 0.05503880684957519800, -0.02842320836654260000, 0.02842320836654260700 ) ) ;
#2028 = CYLINDRICAL_SURFACE ( 'NONE', #1373, 0.01957795784253701600 ) ;
#2029 = AXIS2_PLACEMENT_3D ( 'NONE', #3487, #5180, #1851 ) ;
#2030 = ORIENTED_EDGE ( 'NONE', *, *, #4893, .T. ) ;
#2031 = CARTESIAN_POINT ( 'NONE',  ( -0.09785421650708192600, 0.04277996026178613300, 0.04277996026178613300 ) ) ;
#2032 = CARTESIAN_POINT ( 'NONE',  ( -0.2942500996808306000, -0.03787500000000006800, -0.01568833867488098400 ) ) ;
#2033 = CIRCLE ( 'NONE', #548, 0.05885000000000002700 ) ;
#2034 = CARTESIAN_POINT ( 'NONE',  ( 0.2572239354300748200, -0.007623633744576777300, 0.05248446169495253600 ) ) ;
#2035 = ORIENTED_EDGE ( 'NONE', *, *, #2835, .F. ) ;
#2036 = CARTESIAN_POINT ( 'NONE',  ( 0.2497824037634076300, 0.04013019597347575900, 0.002969263655236761700 ) ) ;
#2037 = CARTESIAN_POINT ( 'NONE',  ( -0.3024999999999999900, -3.368861882504859100E-017, -0.03787500000000004100 ) ) ;
#2038 = CARTESIAN_POINT ( 'NONE',  ( -0.05514588317374871700, 0.06050000000000001900, 0.02505992052357226100 ) ) ;
#2039 = EDGE_CURVE ( 'NONE', #4634, #2610, #524, .T. ) ;
#2040 = AXIS2_PLACEMENT_3D ( 'NONE', #681, #2799, #3549 ) ;
#2041 = CARTESIAN_POINT ( 'NONE',  ( -0.1674139065304058000, -0.02842320836654262800, -0.02842320836654260700 ) ) ;
#2042 = CARTESIAN_POINT ( 'NONE',  ( 0.06128880684957516800, -0.04019648675812097200, 4.922649884530182800E-018 ) ) ;
#2043 = CARTESIAN_POINT ( 'NONE',  ( -0.04183619315042484000, -0.04019648675812097900, 0.01664992997496424200 ) ) ;
#2044 = CARTESIAN_POINT ( 'NONE',  ( 0.1237888068495751900, 2.133418934870271700E-018, -0.04019648675812097900 ) ) ;
#2045 = DIRECTION ( 'NONE',  ( 1.000000000000000000, 9.237637493568399400E-017, -0.0000000000000000000 ) ) ;
#2046 = DIRECTION ( 'NONE',  ( 0.4999999999999979500, 0.8660254037844398200, 0.0000000000000000000 ) ) ;
#2047 = CARTESIAN_POINT ( 'NONE',  ( -0.2041042165070819600, 0.06049999999999998400, 0.0000000000000000000 ) ) ;
#2048 = CARTESIAN_POINT ( 'NONE',  ( -0.3161250996808306300, 0.02678166933744049000, 0.02678166933744051400 ) ) ;
#2049 = CARTESIAN_POINT ( 'NONE',  ( -0.1457708831737487300, -9.699437755836779400E-018, 0.06050000000000001900 ) ) ;
#2050 = CARTESIAN_POINT ( 'NONE',  ( -0.09312499999999999900, 0.03787500000000002700, -0.01568833867488101500 ) ) ;
#2051 = ORIENTED_EDGE ( 'NONE', *, *, #1190, .F. ) ;
#2052 = AXIS2_PLACEMENT_3D ( 'NONE', #1963, #4023, #4426 ) ;
#2053 = CARTESIAN_POINT ( 'NONE',  ( -0.07053890653040580100, -0.04019648675812100000, -0.01664992997496422800 ) ) ;
#2054 = CARTESIAN_POINT ( 'NONE',  ( 0.001913806849575135800, -0.01664992997496423500, 0.04019648675812097900 ) ) ;
#2055 = CARTESIAN_POINT ( 'NONE',  ( 0.1081638068495752000, -0.04019648675812097200, 0.01664992997496424200 ) ) ;
#2056 = VERTEX_POINT ( 'NONE', #3429 ) ;
#2057 = CARTESIAN_POINT ( 'NONE',  ( -0.1306249999999999900, 0.01568833867488098400, 0.03787500000000004800 ) ) ;
#2058 = CARTESIAN_POINT ( 'NONE',  ( 0.2575000000000000600, -0.04848746660646084000, 0.02261007700312737600 ) ) ;
#2059 = CARTESIAN_POINT ( 'NONE',  ( -0.2457708831737487100, -1.820270769317042600E-017, 0.06050000000000001900 ) ) ;
#2060 = ORIENTED_EDGE ( 'NONE', *, *, #5037, .F. ) ;
#2061 = CARTESIAN_POINT ( 'NONE',  ( 0.1300388068495751400, 0.02842320836654261100, -0.02842320836654261100 ) ) ;
#2062 = CARTESIAN_POINT ( 'NONE',  ( -0.1384792165070819800, -0.02505992052357226500, 0.06050000000000000500 ) ) ;
#2063 = CARTESIAN_POINT ( 'NONE',  ( -0.1707708831737486900, -2.664348150985316900E-017, -0.06050000000000001900 ) ) ;
#2064 = CARTESIAN_POINT ( 'NONE',  ( -0.2299139065304058300, -0.02842320836654262800, 0.02842320836654261100 ) ) ;
#2065 = CARTESIAN_POINT ( 'NONE',  ( -0.1931249999999999600, 0.03787500000000001300, -0.01568833867488101500 ) ) ;
#2066 = DIRECTION ( 'NONE',  ( -9.237637493568400600E-017, 1.000000000000000000, 0.0000000000000000000 ) ) ;
#2067 = CARTESIAN_POINT ( 'NONE',  ( -0.2488958831737487200, 0.02505992052357221600, 0.06050000000000003300 ) ) ;
#2068 = CARTESIAN_POINT ( 'NONE',  ( -0.1426458831737487100, -0.02505992052357227200, 0.06050000000000001900 ) ) ;
#2069 = CARTESIAN_POINT ( 'NONE',  ( -0.01428890653040579300, -0.01664992997496426600, -0.04019648675812097900 ) ) ;
#2070 = CARTESIAN_POINT ( 'NONE',  ( -0.1056249999999999800, -0.01568833867488102600, -0.03787500000000004100 ) ) ;
#2071 = LINE ( 'NONE', #376, #4764 ) ;
#2072 = CARTESIAN_POINT ( 'NONE',  ( 0.2893862695175789000, 0.04064466835444298400, 0.03313078032974535500 ) ) ;
#2073 = CARTESIAN_POINT ( 'NONE',  ( -0.2301458831737487300, -0.06050000000000005400, -0.02505992052357225100 ) ) ;
#2074 = CARTESIAN_POINT ( 'NONE',  ( 0.1550388068495751600, -0.02842320836654259000, 0.02842320836654260700 ) ) ;
#2075 = CYLINDRICAL_SURFACE ( 'NONE', #4531, 0.006687500000000015500 ) ;
#2076 = CARTESIAN_POINT ( 'NONE',  ( 0.05527078349291809200, 0.02505992052357226500, 0.06050000000000000500 ) ) ;
#2077 = CARTESIAN_POINT ( 'NONE',  ( -0.2317500996808306000, 0.01568833867488098400, -0.03787500000000004100 ) ) ;
#2078 = EDGE_LOOP ( 'NONE', ( #2824, #3445, #897, #455 ) ) ;
#2079 = CIRCLE ( 'NONE', #1161, 0.1094999999999999600 ) ;
#2080 = LOCAL_TIME ( 15, 52, 34.00000000000000000, #3372 ) ;
#2081 = ORIENTED_EDGE ( 'NONE', *, *, #1866, .F. ) ;
#2082 = EDGE_CURVE ( 'NONE', #3309, #1312, #5056, .T. ) ;
#2083 = CARTESIAN_POINT ( 'NONE',  ( -0.06812499999999997700, -0.03787500000000004800, 0.01568833867488099800 ) ) ;
#2084 = CARTESIAN_POINT ( 'NONE',  ( -0.06139588317374871500, 0.06049999999999999100, -0.02505992052357230000 ) ) ;
#2085 = ORIENTED_EDGE ( 'NONE', *, *, #1084, .F. ) ;
#2086 = CARTESIAN_POINT ( 'NONE',  ( 0.1636041168262513400, -0.06049999999999999800, 0.02505992052357226500 ) ) ;
#2087 =( BOUNDED_CURVE ( )  B_SPLINE_CURVE ( 2, ( #1947, #3144, #4414, #1535, #4379, #3972, #4833, #1124, #2317 ),
 .UNSPECIFIED., .F., .T. ) 
 B_SPLINE_CURVE_WITH_KNOTS ( ( 3, 2, 2, 2, 3 ),
 ( 0.3863636363636363500, 0.3977272727272727100, 0.4090909090909091200, 0.4204545454545454700, 0.4318181818181818200 ),
 .UNSPECIFIED. ) 
 CURVE ( )  GEOMETRIC_REPRESENTATION_ITEM ( )  RATIONAL_B_SPLINE_CURVE ( ( 1.000000000000000000, 0.9238795325112867400, 1.000000000000000000, 0.9238795325112867400, 1.000000000000000000, 0.9238795325112867400, 1.000000000000000000, 0.9238795325112867400, 1.000000000000000000 ) ) 
 REPRESENTATION_ITEM ( '' )  );
#2088 = CARTESIAN_POINT ( 'NONE',  ( 0.2899999999999999800, 0.04877698915852485300, -0.02198919388658243300 ) ) ;
#2089 = ADVANCED_FACE ( 'NONE', ( #4784 ), #4376, .F. ) ;
#2090 = CIRCLE ( 'NONE', #1029, 0.03787499999999999900 ) ;
#2091 = CARTESIAN_POINT ( 'NONE',  ( -0.07991390653040579600, -0.02842320836654261800, 0.02842320836654261100 ) ) ;
#2092 = CARTESIAN_POINT ( 'NONE',  ( -0.1462499999999999600, 0.02678166933744049700, -0.02678166933744052400 ) ) ;
#2093 = DIRECTION ( 'NONE',  ( 0.0000000000000000000, 1.000000000000000000, 0.0000000000000000000 ) ) ;
#2094 = DIRECTION ( 'NONE',  ( -1.000000000000000000, -0.0000000000000000000, -0.0000000000000000000 ) ) ;
#2095 = CARTESIAN_POINT ( 'NONE',  ( -0.02285421650708190800, -0.04277996026178614700, -0.04277996026178613300 ) ) ;
#2096 = CARTESIAN_POINT ( 'NONE',  ( -0.1223750996808306200, 0.03787500000000002700, 0.0000000000000000000 ) ) ;
#2097 = B_SPLINE_CURVE_WITH_KNOTS ( 'NONE', 3,
 ( #289, #4404, #305, #3191, #733, #1143, #661, #2477, #1241, #2438, #1185, #1208, #1655, #5288, #5351, #832 ),
 .UNSPECIFIED., .F., .F.,
 ( 4, 3, 3, 3, 3, 4 ),
 ( 1.977867938102704100E-007, 5.242069397351383700E-005, 0.0001046997757471130900, 0.0001590559708598041300, 0.0002189694805741669500, 0.0002296270970484414000 ),
 .UNSPECIFIED. ) ;
#2098 = CARTESIAN_POINT ( 'NONE',  ( -0.1556249999999999600, -0.01568833867488103300, -0.03787500000000004100 ) ) ;
#2099 = CARTESIAN_POINT ( 'NONE',  ( -0.05514588317374871700, 0.06050000000000001900, 0.02505992052357226100 ) ) ;
#2100 = CARTESIAN_POINT ( 'NONE',  ( 0.2572239354300747700, 0.007623633744576708800, -0.05248446169495255000 ) ) ;
#2101 = CARTESIAN_POINT ( 'NONE',  ( -0.1395208831737487200, -0.04277996026178614700, 0.04277996026178614000 ) ) ;
#2102 = CARTESIAN_POINT ( 'NONE',  ( 0.2558575139935030900, -0.03794169081948151800, 0.03356519128185138400 ) ) ;
#2103 = EDGE_CURVE ( 'NONE', #3111, #2637, #4271, .T. ) ;
#2104 = AXIS2_PLACEMENT_3D ( 'NONE', #1004, #3003, #4631 ) ;
#2105 = CARTESIAN_POINT ( 'NONE',  ( -0.1142889065304058400, -0.01664992997496427000, -0.04019648675812097900 ) ) ;
#2106 = CARTESIAN_POINT ( 'NONE',  ( -0.07124999999999995200, -0.02678166933744052400, 0.02678166933744051800 ) ) ;
#2107 = CARTESIAN_POINT ( 'NONE',  ( 0.2888032764617963200, 0.03889241011817468100, -0.03366840604824687000 ) ) ;
#2108 = CARTESIAN_POINT ( 'NONE',  ( -0.2098750996808306000, -1.653577401818218800E-017, 0.03787500000000004100 ) ) ;
#2109 = CARTESIAN_POINT ( 'NONE',  ( 0.1593779594979219700, -0.03901105956546682000, 0.009689931850915886900 ) ) ;
#2110 = ORIENTED_EDGE ( 'NONE', *, *, #2485, .T. ) ;
#2111 = CARTESIAN_POINT ( 'NONE',  ( 0.1075860934695941900, 0.02842320836654262100, 0.02842320836654260700 ) ) ;
#2112 = ADVANCED_FACE ( 'NONE', ( #3320 ), #4148, .T. ) ;
#2113 = DIRECTION ( 'NONE',  ( 0.0000000000000000000, 0.0000000000000000000, 1.000000000000000000 ) ) ;
#2114 = CARTESIAN_POINT ( 'NONE',  ( -0.04472921650708193400, 0.02505992052357225400, 0.06050000000000000500 ) ) ;
#2115 = CARTESIAN_POINT ( 'NONE',  ( -0.03800009968083061000, -0.01568833867488101900, -0.03787500000000004100 ) ) ;
#2116 = EDGE_CURVE ( 'NONE', #392, #5053, #1006, .T. ) ;
#2117 = ORIENTED_EDGE ( 'NONE', *, *, #1316, .F. ) ;
#2118 = CARTESIAN_POINT ( 'NONE',  ( -0.2611639065304058300, -3.060014941491981700E-017, -0.04019648675812098600 ) ) ;
#2119 = CARTESIAN_POINT ( 'NONE',  ( -0.1024999999999999700, -1.668207895038129400E-017, -0.03787500000000004100 ) ) ;
#2120 = DIRECTION ( 'NONE',  ( 1.000000000000000000, 8.503269937333648200E-017, 0.0000000000000000000 ) ) ;
#2121 = ORIENTED_EDGE ( 'NONE', *, *, #4603, .T. ) ;
#2122 = AXIS2_PLACEMENT_3D ( 'NONE', #3275, #5268, #5335 ) ;
#2123 = CARTESIAN_POINT ( 'NONE',  ( 0.1763360934695942500, -0.04019648675812097900, 4.922649884530183500E-018 ) ) ;
#2124 = CARTESIAN_POINT ( 'NONE',  ( -0.1618749999999999600, -0.03787500000000006100, -0.01568833867488098400 ) ) ;
#2125 = ORIENTED_EDGE ( 'NONE', *, *, #5326, .F. ) ;
#2126 = ADVANCED_FACE ( 'NONE', ( #738 ), #5247, .T. ) ;
#2127 = CARTESIAN_POINT ( 'NONE',  ( -0.2899999999999999800, 0.0000000000000000000, 0.0000000000000000000 ) ) ;
#2128 = DIRECTION ( 'NONE',  ( 1.000000000000000000, 8.503269937333648200E-017, 0.0000000000000000000 ) ) ;
#2129 = CARTESIAN_POINT ( 'NONE',  ( 0.02321109346959421300, -0.04019648675812098600, 0.01664992997496424200 ) ) ;
#2130 = CARTESIAN_POINT ( 'NONE',  ( -0.1512111931504248600, -1.140527362373689800E-017, 0.04019648675812097900 ) ) ;
#2131 = CARTESIAN_POINT ( 'NONE',  ( 0.01464578349291810100, -0.04277996026178613300, 0.04277996026178614000 ) ) ;
#2132 = CARTESIAN_POINT ( 'NONE',  ( -0.1598750996808306100, -1.228413904951536500E-017, 0.03787500000000004100 ) ) ;
#2133 = B_SPLINE_CURVE_WITH_KNOTS ( 'NONE', 3,
 ( #4317, #4367, #2375, #5265, #3580, #1555, #1956, #2735, #3551, #714 ),
 .UNSPECIFIED., .F., .F.,
 ( 4, 2, 2, 2, 4 ),
 ( 2.362615790342098400E-007, 0.0002232099568003476200, 0.0004461836520216610600, 0.0006691573472429743700, 0.0008921310424642878400 ),
 .UNSPECIFIED. ) ;
#2134 = CARTESIAN_POINT ( 'NONE',  ( -0.2455389065304058300, 0.04019648675812095800, 0.01664992997496424200 ) ) ;
#2135 = EDGE_CURVE ( 'NONE', #32, #2739, #3180, .T. ) ;
#2136 = CARTESIAN_POINT ( 'NONE',  ( 0.1818750000000000400, -0.03787500000000002700, 0.01568833867488099800 ) ) ;
#2137 = CARTESIAN_POINT ( 'NONE',  ( 0.04485411682625127500, 0.06050000000000002600, 0.02505992052357226100 ) ) ;
#2138 = ADVANCED_FACE ( 'NONE', ( #2613 ), #1511, .T. ) ;
#2139 = CIRCLE ( 'NONE', #5194, 0.1433732811530954400 ) ;
#2140 = CARTESIAN_POINT ( 'NONE',  ( 0.1513360934695942300, 0.04019648675812099300, 0.0000000000000000000 ) ) ;
#2141 = EDGE_LOOP ( 'NONE', ( #1752, #450, #94, #2575 ) ) ;
#2142 = CARTESIAN_POINT ( 'NONE',  ( 0.1850000000000000800, -0.03787500000000002700, 4.638349751770605400E-018 ) ) ;
#2143 = LINE ( 'NONE', #895, #2529 ) ;
#2144 = VECTOR ( 'NONE', #3087, 39.37007874015748100 ) ;
#2145 = CARTESIAN_POINT ( 'NONE',  ( -0.2473750996808306000, -0.03787500000000006800, 4.638349751770605400E-018 ) ) ;
#2146 = ORIENTED_EDGE ( 'NONE', *, *, #3523, .F. ) ;
#2147 = CARTESIAN_POINT ( 'NONE',  ( 0.1169610934695942100, -0.01664992997496422500, 0.04019648675812098600 ) ) ;
#2148 = CARTESIAN_POINT ( 'NONE',  ( -0.1824611931504248600, -0.02842320836654262500, -0.02842320836654260400 ) ) ;
#2149 = CARTESIAN_POINT ( 'NONE',  ( -0.3361639065304058400, -2.713230209885968600E-017, 0.04019648675812098600 ) ) ;
#2150 = CYLINDRICAL_SURFACE ( 'NONE', #2858, 0.006687500000000011100 ) ;
#2151 = CARTESIAN_POINT ( 'NONE',  ( -0.1723750996808306200, 0.03787500000000002700, 0.0000000000000000000 ) ) ;
#2152 = ORIENTED_EDGE ( 'NONE', *, *, #3110, .T. ) ;
#2153 = CARTESIAN_POINT ( 'NONE',  ( -0.1267889065304058100, -0.04019648675812100700, 0.01664992997496424200 ) ) ;
#2154 = CARTESIAN_POINT ( 'NONE',  ( 0.1975000000000000900, 8.827730861619651600E-018, -0.03787500000000004100 ) ) ;
#2155 = CARTESIAN_POINT ( 'NONE',  ( 0.03027078349291808700, -0.02505992052357230000, -0.06050000000000000500 ) ) ;
#2156 = CARTESIAN_POINT ( 'NONE',  ( -0.2899999999999977000, -0.04382367489880666800, 0.03266332879450781200 ) ) ;
#2157 = VERTEX_POINT ( 'NONE', #1436 ) ;
#2158 = CARTESIAN_POINT ( 'NONE',  ( 0.1138360934695942200, 1.113241261914173400E-017, 0.04019648675812098600 ) ) ;
#2159 = CARTESIAN_POINT ( 'NONE',  ( 0.1225000000000000500, 1.172697791216062700E-017, 0.03787500000000004100 ) ) ;
#2160 = AXIS2_PLACEMENT_3D ( 'NONE', #2320, #697, #1108 ) ;
#2161 = DIRECTION ( 'NONE',  ( -1.000000000000000000, -9.237637493568399400E-017, 0.0000000000000000000 ) ) ;
#2162 = CARTESIAN_POINT ( 'NONE',  ( -0.2848750996808306300, -3.218992597472363400E-017, -0.03787500000000004100 ) ) ;
#2163 = CARTESIAN_POINT ( 'NONE',  ( -0.03928890653040580100, 0.01664992997496424200, 0.04019648675812098600 ) ) ;
#2164 = ADVANCED_FACE ( 'NONE', ( #2675 ), #556, .T. ) ;
#2165 = CARTESIAN_POINT ( 'NONE',  ( -0.2449611931504248300, -0.02842320836654262500, 0.02842320836654260700 ) ) ;
#2166 = CARTESIAN_POINT ( 'NONE',  ( -0.2892889065304058400, 0.01664992997496421400, 0.04019648675812098600 ) ) ;
#2167 = CARTESIAN_POINT ( 'NONE',  ( 0.1151249003191694200, 1.823153774610957200E-018, -0.03787500000000004100 ) ) ;
#2168 = PRODUCT ( '99512A219_Rounded Head Thread-Forming Screws', '99512A219_Rounded Head Thread-Forming Screws', '', ( #3741 ) ) ;
#2169 = CARTESIAN_POINT ( 'NONE',  ( -0.07678890653040582000, -0.04019648675812099300, 0.01664992997496424200 ) ) ;
#2170 = CARTESIAN_POINT ( 'NONE',  ( 0.1506250000000000600, 0.01568833867488101500, -0.03787500000000004100 ) ) ;
#2171 = CARTESIAN_POINT ( 'NONE',  ( 0.2522999957979615800, -0.01216811906028559200, -0.04285511621112725300 ) ) ;
#2172 = CARTESIAN_POINT ( 'NONE',  ( 0.2549553266340770000, 0.03618360698734961200, 0.03317860443492220300 ) ) ;
#2173 = CARTESIAN_POINT ( 'NONE',  ( 0.1450860934695942000, 0.02842320836654261800, -0.02842320836654261800 ) ) ;
#2174 = ORIENTED_EDGE ( 'NONE', *, *, #3763, .F. ) ;
#2175 = CARTESIAN_POINT ( 'NONE',  ( 0.1287500000000000300, -0.02678166933744050700, 0.02678166933744051800 ) ) ;
#2176 = DIRECTION ( 'NONE',  ( 0.0000000000000000000, 0.0000000000000000000, 1.000000000000000000 ) ) ;
#2177 = CARTESIAN_POINT ( 'NONE',  ( -0.2899999999999999800, -0.02262245262552027900, -0.03037664007434159200 ) ) ;
#2178 = DIRECTION ( 'NONE',  ( 1.000000000000000000, 9.237637493568399400E-017, -0.0000000000000000000 ) ) ;
#2179 = CARTESIAN_POINT ( 'NONE',  ( -0.01116390653040580900, -9.341974571585699900E-018, -0.04019648675812098600 ) ) ;
#2180 = VERTEX_POINT ( 'NONE', #242 ) ;
#2181 = CARTESIAN_POINT ( 'NONE',  ( -0.01058619315042483600, 0.04019648675812097900, 0.01664992997496423900 ) ) ;
#2182 = CARTESIAN_POINT ( 'NONE',  ( 0.1521457834929180700, 0.04277996026178614700, 0.04277996026178613300 ) ) ;
#2183 = CARTESIAN_POINT ( 'NONE',  ( 0.07762490031916941000, 0.03787500000000004800, 0.0000000000000000000 ) ) ;
#2184 = EDGE_CURVE ( 'NONE', #1981, #133, #3067, .T. ) ;
#2185 = CARTESIAN_POINT ( 'NONE',  ( -0.04553890653040579300, 0.04019648675812097900, 0.01664992997496424200 ) ) ;
#2186 = ORIENTED_EDGE ( 'NONE', *, *, #2135, .T. ) ;
#2187 = CARTESIAN_POINT ( 'NONE',  ( 0.1256250000000000400, -0.01568833867488098400, 0.03787500000000004800 ) ) ;
#2188 = DIRECTION ( 'NONE',  ( 0.0000000000000000000, 1.000000000000000000, 0.0000000000000000000 ) ) ;
#2189 = CARTESIAN_POINT ( 'NONE',  ( -0.2145208831737487300, 0.04277996026178611200, -0.04277996026178614700 ) ) ;
#2190 = AXIS2_PLACEMENT_3D ( 'NONE', #2434, #845, #829 ) ;
#2191 = CARTESIAN_POINT ( 'NONE',  ( 0.04750000000000004200, -3.927174044380821300E-018, -0.03787500000000004100 ) ) ;
#2192 = CARTESIAN_POINT ( 'NONE',  ( 0.05527078349291809200, 0.02505992052357226500, 0.06050000000000001900 ) ) ;
#2193 = CARTESIAN_POINT ( 'NONE',  ( -0.1130000996808306200, 0.01568833867488098400, 0.03787500000000004800 ) ) ;
#2194 = CARTESIAN_POINT ( 'NONE',  ( 0.1593779594979219900, 0.02123887014058265000, 0.03412723169035635600 ) ) ;
#2195 = CARTESIAN_POINT ( 'NONE',  ( -0.06996119315042483000, 0.02842320836654259300, -0.02842320836654261100 ) ) ;
#2196 = TOROIDAL_SURFACE ( 'NONE', #647, 0.05885000000000002700, 0.007200000000000041400 ) ;
#2197 = CARTESIAN_POINT ( 'NONE',  ( -0.2705389065304058000, -0.04019648675812102100, -0.01664992997496422800 ) ) ;
#2198 = CARTESIAN_POINT ( 'NONE',  ( 0.005749900319169372000, -0.03787500000000004800, -0.01568833867488098400 ) ) ;
#2199 = CARTESIAN_POINT ( 'NONE',  ( -0.1005000996808306400, -0.03787500000000004800, 0.01568833867488099800 ) ) ;
#2200 = B_SPLINE_CURVE_WITH_KNOTS ( 'NONE', 3,
 ( #5313, #2421, #1557, #396, #2036, #1975, #327, #3212, #1995, #356 ),
 .UNSPECIFIED., .F., .F.,
 ( 4, 2, 2, 2, 4 ),
 ( 2.967205183072895200E-007, 0.0002232707681740589400, 0.0004462448158298106000, 0.0006692188634855623100, 0.0008921929111413139700 ),
 .UNSPECIFIED. ) ;
#2201 = FACE_OUTER_BOUND ( 'NONE', #1508, .T. ) ;
#2202 = EDGE_CURVE ( 'NONE', #2209, #2270, #1687, .T. ) ;
#2203 = CC_DESIGN_PERSON_AND_ORGANIZATION_ASSIGNMENT ( #2531, #3143, ( #4584 ) ) ;
#2204 = CARTESIAN_POINT ( 'NONE',  ( 0.1068750000000000700, 0.03787500000000004800, -0.01568833867488101500 ) ) ;
#2205 = ORIENTED_EDGE ( 'NONE', *, *, #3896, .T. ) ;
#2206 = CARTESIAN_POINT ( 'NONE',  ( 0.2827999999999999400, 5.122214988120493500E-017, 0.0000000000000000000 ) ) ;
#2207 = DIRECTION ( 'NONE',  ( 1.000000000000000000, 9.237637493568399400E-017, -0.0000000000000000000 ) ) ;
#2208 = VECTOR ( 'NONE', #3, 39.37007874015748100 ) ;
#2209 = VERTEX_POINT ( 'NONE', #2702 ) ;
#2210 = CARTESIAN_POINT ( 'NONE',  ( 0.01312500000000001300, 0.03787500000000004800, 0.01568833867488099400 ) ) ;
#2211 = ORIENTED_EDGE ( 'NONE', *, *, #597, .T. ) ;
#2212 = DIRECTION ( 'NONE',  ( 0.0000000000000000000, 1.000000000000000000, 0.0000000000000000000 ) ) ;
#2213 = CARTESIAN_POINT ( 'NONE',  ( -0.1192500996808306400, 0.03787500000000002700, 0.01568833867488099400 ) ) ;
#2214 = DIRECTION ( 'NONE',  ( 1.000000000000000000, 8.503269937333648200E-017, 0.0000000000000000000 ) ) ;
#2215 = CARTESIAN_POINT ( 'NONE',  ( -0.01139588317374870000, 0.06050000000000000500, -0.02505992052357230000 ) ) ;
#2216 = CARTESIAN_POINT ( 'NONE',  ( -0.2642889065304058200, -0.01664992997496428400, -0.04019648675812097900 ) ) ;
#2217 = CARTESIAN_POINT ( 'NONE',  ( 0.03316380684957517800, 0.04019648675812097200, -0.01664992997496426300 ) ) ;
#2218 = CARTESIAN_POINT ( 'NONE',  ( -0.3049139065304058400, 0.02842320836654257600, -0.02842320836654261800 ) ) ;
#2219 = CARTESIAN_POINT ( 'NONE',  ( 0.02449990031916941100, 0.03787500000000004100, -0.01568833867488101500 ) ) ;
#2220 = CARTESIAN_POINT ( 'NONE',  ( -0.2536250996808306300, -0.02678166933744053800, 0.02678166933744051800 ) ) ;
#2221 = CARTESIAN_POINT ( 'NONE',  ( -0.2900000000000000400, -0.04419734315040534800, 0.02930208044589199500 ) ) ;
#2222 = CARTESIAN_POINT ( 'NONE',  ( 0.2575000000000000600, -0.004662832236999823800, 0.05329641634790838200 ) ) ;
#2223 = CARTESIAN_POINT ( 'NONE',  ( 0.2068750000000000300, 0.03787500000000004800, -0.01568833867488101500 ) ) ;
#2224 = CARTESIAN_POINT ( 'NONE',  ( -0.2774999999999999700, -2.228610183717396600E-017, 0.03787500000000004100 ) ) ;
#2225 = CARTESIAN_POINT ( 'NONE',  ( -0.1255000996808305900, 0.03787500000000002000, -0.01568833867488101900 ) ) ;
#2226 = CARTESIAN_POINT ( 'NONE',  ( 0.2570805576635434900, 0.04126336399308441100, -0.03290438226889184200 ) ) ;
#2227 = CARTESIAN_POINT ( 'NONE',  ( -0.2900393700787401400, -0.04682531779643226600, 0.01474662063413560900 ) ) ;
#2228 = CARTESIAN_POINT ( 'NONE',  ( 0.1487888068495751800, 1.410453618826404800E-017, 0.04019648675812097900 ) ) ;
#2229 = CARTESIAN_POINT ( 'NONE',  ( -0.08246119315042484100, -0.02842320836654261800, -0.02842320836654260400 ) ) ;
#2230 = CARTESIAN_POINT ( 'NONE',  ( 0.2880133603360868200, 0.04760259685994570900, -0.01549190013745795800 ) ) ;
#2231 = CARTESIAN_POINT ( 'NONE',  ( 0.1432499003191694000, -0.01568833867488098400, 0.03787500000000004800 ) ) ;
#2232 = CARTESIAN_POINT ( 'NONE',  ( -0.2161250996808306300, 0.02678166933744049700, 0.02678166933744051400 ) ) ;
#2233 = EDGE_CURVE ( 'NONE', #2504, #4205, #3703, .T. ) ;
#2234 = PERSON_AND_ORGANIZATION_ROLE ( 'classification_officer' ) ;
#2235 = ORIENTED_EDGE ( 'NONE', *, *, #181, .F. ) ;
#2236 = CARTESIAN_POINT ( 'NONE',  ( -0.2899999999999999800, 0.0000000000000000000, 0.06050000000000002600 ) ) ;
#2237 = DIRECTION ( 'NONE',  ( 0.0000000000000000000, 1.000000000000000000, 0.0000000000000000000 ) ) ;
#2238 = CARTESIAN_POINT ( 'NONE',  ( -0.02910421650708194500, -0.06050000000000002600, 7.409113134841489000E-018 ) ) ;
#2239 = ORIENTED_EDGE ( 'NONE', *, *, #5275, .F. ) ;
#2240 = CARTESIAN_POINT ( 'NONE',  ( 0.1539376495212456700, 0.002318912390413194600, 0.06045554271798071800 ) ) ;
#2241 = CARTESIAN_POINT ( 'NONE',  ( 0.1881250000000000700, -0.03787500000000004100, -0.01568833867488098400 ) ) ;
#2242 =( BOUNDED_CURVE ( )  B_SPLINE_CURVE ( 2, ( #3460, #3913, #585, #4672, #184, #1001, #1871, #3868, #1410 ),
 .UNSPECIFIED., .F., .T. ) 
 B_SPLINE_CURVE_WITH_KNOTS ( ( 3, 2, 2, 2, 3 ),
 ( 0.5227272727272727100, 0.5340909090909090600, 0.5454545454545454100, 0.5568181818181817700, 0.5681818181818182300 ),
 .UNSPECIFIED. ) 
 CURVE ( )  GEOMETRIC_REPRESENTATION_ITEM ( )  RATIONAL_B_SPLINE_CURVE ( ( 1.000000000000000000, 0.9238795325112867400, 1.000000000000000000, 0.9238795325112867400, 1.000000000000000000, 0.9238795325112867400, 1.000000000000000000, 0.9238795325112867400, 1.000000000000000000 ) ) 
 REPRESENTATION_ITEM ( '' )  );
#2243 = ORIENTED_EDGE ( 'NONE', *, *, #4782, .T. ) ;
#2244 = CARTESIAN_POINT ( 'NONE',  ( -0.1837500000000000000, 0.02678166933744050000, 0.02678166933744051400 ) ) ;
#2245 = CARTESIAN_POINT ( 'NONE',  ( 0.03074990031916937900, 0.03787500000000004800, 0.01568833867488099400 ) ) ;
#2246 = CARTESIAN_POINT ( 'NONE',  ( -0.1791042165070819400, -0.06050000000000003300, 7.409113134841489000E-018 ) ) ;
#2247 = CARTESIAN_POINT ( 'NONE',  ( -0.3049139065304058400, 0.02842320836654257600, -0.02842320836654261800 ) ) ;
#2248 = CARTESIAN_POINT ( 'NONE',  ( 0.005038806849575187800, -0.02842320836654260400, 0.02842320836654260700 ) ) ;
#2249 = CARTESIAN_POINT ( 'NONE',  ( -0.2416042165070819400, -1.784840477911485500E-017, 0.06050000000000001900 ) ) ;
#2250 = CARTESIAN_POINT ( 'NONE',  ( -0.2855861931504249400, -0.04019648675812101400, -0.01664992997496422500 ) ) ;
#2251 = ORIENTED_EDGE ( 'NONE', *, *, #4583, .F. ) ;
#2252 = CARTESIAN_POINT ( 'NONE',  ( -0.1442500996808306100, -0.03787500000000006100, -0.01568833867488098400 ) ) ;
#2253 = DATE_TIME_ROLE ( 'creation_date' ) ;
#2254 = DIRECTION ( 'NONE',  ( -1.131284318818211800E-032, 1.224646799147353200E-016, 1.000000000000000000 ) ) ;
#2255 = DIRECTION ( 'NONE',  ( -1.000000000000000000, -0.0000000000000000000, -0.0000000000000000000 ) ) ;
#2256 = AXIS2_PLACEMENT_3D ( 'NONE', #3082, #3069, #3928 ) ;
#2257 = CARTESIAN_POINT ( 'NONE',  ( 0.2860690083802027200, 0.03370319202756377800, -0.03233079153458206400 ) ) ;
#2258 = VECTOR ( 'NONE', #2712, 39.37007874015748100 ) ;
#2259 = CARTESIAN_POINT ( 'NONE',  ( -0.2587499999999999800, -0.02678166933744054500, -0.02678166933744051400 ) ) ;
#2260 = CARTESIAN_POINT ( 'NONE',  ( 0.04949990031916942000, -0.03787500000000004800, 0.01568833867488099800 ) ) ;
#2261 = CARTESIAN_POINT ( 'NONE',  ( -0.2887111931504248700, -0.04019648675812100700, 4.922649884530182800E-018 ) ) ;
#2262 = ORIENTED_EDGE ( 'NONE', *, *, #1366, .T. ) ;
#2263 = CARTESIAN_POINT ( 'NONE',  ( -0.1705389065304058500, -0.04019648675812101400, -0.01664992997496422800 ) ) ;
#2264 = CARTESIAN_POINT ( 'NONE',  ( 0.06753880684957520900, -0.02842320836654260400, -0.02842320836654260400 ) ) ;
#2265 = VECTOR ( 'NONE', #3600, 39.37007874015748100 ) ;
#2266 = CARTESIAN_POINT ( 'NONE',  ( -0.2199611931504248700, 0.02842320836654258300, -0.02842320836654261100 ) ) ;
#2267 = CARTESIAN_POINT ( 'NONE',  ( -0.1536250996808306300, -0.02678166933744053100, 0.02678166933744051800 ) ) ;
#2268 = APPROVAL_DATE_TIME ( #4715, #1551 ) ;
#2269 = TOROIDAL_SURFACE ( 'NONE', #1122, 0.05435833333333329300, 0.01439999999999999300 ) ;
#2270 = VERTEX_POINT ( 'NONE', #2275 ) ;
#2271 = CIRCLE ( 'NONE', #4609, 0.06050000000000006100 ) ;
#2272 = EDGE_CURVE ( 'NONE', #5286, #1094, #1573, .T. ) ;
#2273 = FACE_OUTER_BOUND ( 'NONE', #806, .T. ) ;
#2274 = VERTEX_POINT ( 'NONE', #5163 ) ;
#2275 = CARTESIAN_POINT ( 'NONE',  ( 0.2874553266340769100, -0.03618360698734936200, 0.03317860443492202200 ) ) ;
#2276 = CARTESIAN_POINT ( 'NONE',  ( -0.2899999999999999800, 0.0000000000000000000, 0.0000000000000000000 ) ) ;
#2277 = CARTESIAN_POINT ( 'NONE',  ( -0.1770208831737487300, -0.04277996026178616100, -0.04277996026178614000 ) ) ;
#2278 = ORIENTED_EDGE ( 'NONE', *, *, #1815, .F. ) ;
#2279 = CARTESIAN_POINT ( 'NONE',  ( -0.1649999999999999800, -0.03787500000000005400, 4.638349751770605400E-018 ) ) ;
#2280 = CARTESIAN_POINT ( 'NONE',  ( 0.1182499003191694300, 0.01568833867488101200, -0.03787500000000004100 ) ) ;
#2281 = CARTESIAN_POINT ( 'NONE',  ( 0.2572368193408329200, 0.04186738993974426600, -0.03257656479992895200 ) ) ;
#2282 = EDGE_CURVE ( 'NONE', #5053, #2532, #2133, .T. ) ;
#2283 = CARTESIAN_POINT ( 'NONE',  ( -0.2418361931504248700, -0.04019648675812099300, 0.01664992997496424200 ) ) ;
#2284 = CARTESIAN_POINT ( 'NONE',  ( -0.1330389065304058400, -0.01664992997496424600, 0.04019648675812098600 ) ) ;
#2285 = CARTESIAN_POINT ( 'NONE',  ( 0.1706638068495752400, -0.01664992997496424200, -0.04019648675812097200 ) ) ;
#2286 = DIRECTION ( 'NONE',  ( 0.0000000000000000000, 1.000000000000000000, 0.0000000000000000000 ) ) ;
#2287 = CARTESIAN_POINT ( 'NONE',  ( -0.1980861931504248600, -0.01664992997496424900, 0.04019648675812097900 ) ) ;
#2288 = CARTESIAN_POINT ( 'NONE',  ( 0.03074990031916937500, 0.03787500000000004800, 0.01568833867488099400 ) ) ;
#2289 = AXIS2_PLACEMENT_3D ( 'NONE', #2013, #1226, #4054 ) ;
#2290 = CARTESIAN_POINT ( 'NONE',  ( 0.2571818314476153100, 0.04911403328151017100, -0.01978381737729290000 ) ) ;
#2291 = DIRECTION ( 'NONE',  ( 1.000000000000000000, 8.503269937333647000E-017, 0.0000000000000000000 ) ) ;
#2292 = EDGE_LOOP ( 'NONE', ( #508, #4486, #3175, #2571, #4202, #4038, #5014, #388, #4834, #2535, #1186, #2601, #2479, #2186 ) ) ;
#2293 = CARTESIAN_POINT ( 'NONE',  ( -0.2243749999999999900, -0.01568833867488101200, 0.03787500000000004800 ) ) ;
#2294 = CARTESIAN_POINT ( 'NONE',  ( 0.2549553266340770500, -0.04682531779643288300, 0.01474662063413612800 ) ) ;
#2295 = CARTESIAN_POINT ( 'NONE',  ( -0.1418361931504248700, -0.04019648675812098600, 0.01664992997496424200 ) ) ;
#2296 = CARTESIAN_POINT ( 'NONE',  ( -0.2455389065304058300, 0.04019648675812096500, 0.01664992997496424200 ) ) ;
#2297 = VERTEX_POINT ( 'NONE', #1064 ) ;
#2298 = CARTESIAN_POINT ( 'NONE',  ( -0.2863958831737488100, -0.06050000000000004700, 0.02505992052357226500 ) ) ;
#2299 = CARTESIAN_POINT ( 'NONE',  ( 0.1713749003191694100, 0.02678166933744052400, -0.02678166933744052400 ) ) ;
#2300 = CARTESIAN_POINT ( 'NONE',  ( 0.04012490031916939700, 4.722400825151930000E-018, 0.03787500000000004100 ) ) ;
#2301 = EDGE_CURVE ( 'NONE', #3063, #2466, #4779, .T. ) ;
#2302 = AXIS2_PLACEMENT_3D ( 'NONE', #1492, #5260, #4350 ) ;
#2303 = CARTESIAN_POINT ( 'NONE',  ( 0.2574451145464543600, -0.04897178818290096700, -0.02131377665435499300 ) ) ;
#2304 = ORIENTED_EDGE ( 'NONE', *, *, #4307, .F. ) ;
#2305 = CARTESIAN_POINT ( 'NONE',  ( 0.1333957834929180900, -7.793687837966472900E-019, -0.06050000000000001900 ) ) ;
#2306 = CARTESIAN_POINT ( 'NONE',  ( 0.02297911682625132200, -0.04277996026178614700, -0.04277996026178614000 ) ) ;
#2307 =( BOUNDED_CURVE ( )  B_SPLINE_CURVE ( 2, ( #4108, #2507, #443, #2491, #4922, #2453, #4970, #1614, #3325 ),
 .UNSPECIFIED., .F., .T. ) 
 B_SPLINE_CURVE_WITH_KNOTS ( ( 3, 2, 2, 2, 3 ),
 ( 0.03316497374220656700, 0.03409090909090908800, 0.04545454545454545600, 0.05681818181818181600, 0.06818181818181817700 ),
 .UNSPECIFIED. ) 
 CURVE ( )  GEOMETRIC_REPRESENTATION_ITEM ( )  RATIONAL_B_SPLINE_CURVE ( ( 0.9886058402699111600, 0.9937975284185346400, 1.000000000000000000, 0.9238795325112867400, 1.000000000000000000, 0.9238795325112867400, 1.000000000000000000, 0.9238795325112867400, 1.000000000000000000 ) ) 
 REPRESENTATION_ITEM ( '' )  );
#2308 = ORIENTED_EDGE ( 'NONE', *, *, #811, .F. ) ;
#2309 = CARTESIAN_POINT ( 'NONE',  ( 0.1490207834929180900, 0.06050000000000002600, 0.02505992052357226100 ) ) ;
#2310 = CARTESIAN_POINT ( 'NONE',  ( -0.06187499999999997200, -0.03787500000000005400, -0.01568833867488098400 ) ) ;
#2311 = CARTESIAN_POINT ( 'NONE',  ( 0.1119999003191694500, -0.01568833867488101200, -0.03787500000000003400 ) ) ;
#2312 = CARTESIAN_POINT ( 'NONE',  ( -0.1455389065304058300, 0.04019648675812097200, 0.01664992997496424200 ) ) ;
#2313 = CARTESIAN_POINT ( 'NONE',  ( 0.1425388068495751500, 0.02842320836654262100, 0.02842320836654260400 ) ) ;
#2314 = CARTESIAN_POINT ( 'NONE',  ( -0.1051458831737487500, 0.06050000000000001200, 0.02505992052357226100 ) ) ;
#2315 = CARTESIAN_POINT ( 'NONE',  ( -0.3012111931504248800, -2.416017852973737000E-017, 0.04019648675812097900 ) ) ;
#2316 = CARTESIAN_POINT ( 'NONE',  ( -0.05675009968083060500, -0.01568833867488099800, 0.03787500000000004800 ) ) ;
#2317 = CARTESIAN_POINT ( 'NONE',  ( -0.1166042165070819300, -2.203754362713076500E-017, -0.06050000000000001900 ) ) ;
#2318 = CYLINDRICAL_SURFACE ( 'NONE', #1202, 0.006687500000000015500 ) ;
#2319 = CARTESIAN_POINT ( 'NONE',  ( -0.02702088317374869200, -0.04277996026178614700, -0.04277996026178614000 ) ) ;
#2320 = CARTESIAN_POINT ( 'NONE',  ( -0.2900393700787401400, 0.04242653328065313500, 0.01978381737773645900 ) ) ;
#2321 = CYLINDRICAL_SURFACE ( 'NONE', #614, 0.006687500000000015500 ) ;
#2322 = DIRECTION ( 'NONE',  ( 0.0000000000000000000, 1.000000000000000000, 0.0000000000000000000 ) ) ;
#2323 = ORIENTED_EDGE ( 'NONE', *, *, #2791, .T. ) ;
#2324 = CARTESIAN_POINT ( 'NONE',  ( 0.1350000000000000600, -0.03787500000000003400, 4.638349751770605400E-018 ) ) ;
#2325 = CARTESIAN_POINT ( 'NONE',  ( 0.09324990031916939600, -0.01568833867488098400, 0.03787500000000004800 ) ) ;
#2326 = CARTESIAN_POINT ( 'NONE',  ( -0.1072292165070819500, 0.06049999999999998400, -0.02505992052357230000 ) ) ;
#2327 = PERSON_AND_ORGANIZATION ( #2589, #2539 ) ;
#2328 = ORIENTED_EDGE ( 'NONE', *, *, #631, .T. ) ;
#2329 = CARTESIAN_POINT ( 'NONE',  ( -0.1767889065304058300, -0.04019648675812100000, 0.01664992997496424200 ) ) ;
#2330 = CARTESIAN_POINT ( 'NONE',  ( 0.1987888068495752000, 1.835617115693086800E-017, 0.04019648675812097900 ) ) ;
#2331 = ORIENTED_EDGE ( 'NONE', *, *, #3557, .F. ) ;
#2332 = CARTESIAN_POINT ( 'NONE',  ( -0.2166042165070819200, -3.054081356446441500E-017, -0.06050000000000001900 ) ) ;
#2333 = CARTESIAN_POINT ( 'NONE',  ( -0.07621119315042483600, -1.487312093979702500E-017, -0.04019648675812097900 ) ) ;
#2334 = CARTESIAN_POINT ( 'NONE',  ( 0.09637490031916938500, -0.02678166933744051100, 0.02678166933744051800 ) ) ;
#2335 = CIRCLE ( 'NONE', #927, 0.05349999999999999200 ) ;
#2336 = CARTESIAN_POINT ( 'NONE',  ( 0.2551524651320109000, -0.04710238268752764400, -0.01500269945676523500 ) ) ;
#2337 = CARTESIAN_POINT ( 'NONE',  ( 0.2575000000000000600, 0.04382463436946103900, -0.03068633934478098800 ) ) ;
#2338 = CARTESIAN_POINT ( 'NONE',  ( 0.1987888068495752000, 1.835617115693086800E-017, 0.04019648675812097900 ) ) ;
#2339 = ORIENTED_EDGE ( 'NONE', *, *, #2975, .F. ) ;
#2340 = CARTESIAN_POINT ( 'NONE',  ( 0.2888032757403291600, -0.009711488326115314300, -0.05051601702298998100 ) ) ;
#2341 = CARTESIAN_POINT ( 'NONE',  ( 0.1600000000000000600, 0.0000000000000000000, 0.0000000000000000000 ) ) ;
#2342 = CARTESIAN_POINT ( 'NONE',  ( 0.2899999999999999800, 0.005345564448666784000, -0.05323668501916354500 ) ) ;
#2343 = DIRECTION ( 'NONE',  ( 0.0000000000000000000, 0.0000000000000000000, 1.000000000000000000 ) ) ;
#2344 = CARTESIAN_POINT ( 'NONE',  ( 0.07875000000000001400, -0.02678166933744051100, 0.02678166933744051800 ) ) ;
#2345 = CARTESIAN_POINT ( 'NONE',  ( 0.2575000000000000600, 0.0000000000000000000, 0.05349999999999999200 ) ) ;
#2346 = CARTESIAN_POINT ( 'NONE',  ( -0.008038906530405827100, 0.01664992997496424600, -0.04019648675812097900 ) ) ;
#2347 = CARTESIAN_POINT ( 'NONE',  ( -0.1707708831737486900, -2.664348150985316900E-017, -0.06050000000000001900 ) ) ;
#2348 = CARTESIAN_POINT ( 'NONE',  ( -0.2259792165070819400, -0.06050000000000006800, -0.02505992052357225100 ) ) ;
#2349 = CARTESIAN_POINT ( 'NONE',  ( -0.08871119315042483300, -0.04019648675812098600, 4.922649884530182800E-018 ) ) ;
#2350 = CARTESIAN_POINT ( 'NONE',  ( -0.06925009968083061000, 0.03787500000000004100, 0.01568833867488099400 ) ) ;
#2351 = CARTESIAN_POINT ( 'NONE',  ( 0.2566838032805313600, -0.04889630993750221400, -0.01795776481650297000 ) ) ;
#2352 = CARTESIAN_POINT ( 'NONE',  ( -0.2447292165070819600, 0.02505992052357219900, 0.06050000000000006800 ) ) ;
#2353 = CARTESIAN_POINT ( 'NONE',  ( 0.1862888068495751900, 0.04019648675812099300, 0.0000000000000000000 ) ) ;
#2354 = AXIS2_PLACEMENT_3D ( 'NONE', #4093, #4881, #4503 ) ;
#2355 = CARTESIAN_POINT ( 'NONE',  ( -0.3337500000000000500, 0.02678166933744049000, 0.02678166933744051400 ) ) ;
#2356 = CARTESIAN_POINT ( 'NONE',  ( -0.04264588317374871200, -0.02505992052357226100, 0.06050000000000001900 ) ) ;
#2357 = CARTESIAN_POINT ( 'NONE',  ( 0.2897364576424043000, 0.007280013141059239100, -0.05254565465836078000 ) ) ;
#2358 = ORIENTED_EDGE ( 'NONE', *, *, #2895, .T. ) ;
#2359 = DIRECTION ( 'NONE',  ( 1.000000000000000000, 8.503269937333648200E-017, 0.0000000000000000000 ) ) ;
#2360 = CARTESIAN_POINT ( 'NONE',  ( 0.1700860934695941900, -0.02842320836654259300, 0.02842320836654261100 ) ) ;
#2361 = ORIENTED_EDGE ( 'NONE', *, *, #4893, .F. ) ;
#2362 = CARTESIAN_POINT ( 'NONE',  ( 0.04750000000000004200, -3.927174044380821300E-018, -0.03787500000000004100 ) ) ;
#2363 = CARTESIAN_POINT ( 'NONE',  ( -0.06764588317374872800, 0.02505992052357227200, -0.06050000000000000500 ) ) ;
#2364 = CARTESIAN_POINT ( 'NONE',  ( -0.1041042165070819300, 0.06050000000000000500, 0.0000000000000000000 ) ) ;
#2365 = CARTESIAN_POINT ( 'NONE',  ( 0.09821109346959426600, 0.04019648675812097900, -0.01664992997496426600 ) ) ;
#2366 = CARTESIAN_POINT ( 'NONE',  ( -0.2020208831737487200, 0.04277996026178611900, 0.04277996026178614000 ) ) ;
#2367 = CARTESIAN_POINT ( 'NONE',  ( -0.3259792165070819500, -0.06050000000000007500, -0.02505992052357224400 ) ) ;
#2368 = CARTESIAN_POINT ( 'NONE',  ( -0.02621119315042481900, -1.062148597113020100E-017, -0.04019648675812097900 ) ) ;
#2369 = EDGE_LOOP ( 'NONE', ( #2630, #6, #3090, #103 ) ) ;
#2370 = DIRECTION ( 'NONE',  ( 0.0000000000000000000, 1.000000000000000000, 0.0000000000000000000 ) ) ;
#2371 = EDGE_CURVE ( 'NONE', #4450, #2931, #119, .T. ) ;
#2372 = PRODUCT_RELATED_PRODUCT_CATEGORY ( 'detail', '', ( #2168 ) ) ;
#2373 = CARTESIAN_POINT ( 'NONE',  ( 0.2237888068495752200, 1.063668887220392100E-017, -0.04019648675812097900 ) ) ;
#2374 = CARTESIAN_POINT ( 'NONE',  ( -0.1728542165070819400, -0.04277996026178615400, -0.04277996026178613300 ) ) ;
#2375 = CARTESIAN_POINT ( 'NONE',  ( 0.2847999962754334500, -0.03102956034204171900, -0.03196545875886259300 ) ) ;
#2376 = CARTESIAN_POINT ( 'NONE',  ( 0.2889354778614905400, 0.009348919745454775000, -0.05080519009007263700 ) ) ;
#2377 = CARTESIAN_POINT ( 'NONE',  ( -0.2900393700787401400, -0.01064171080908292600, -0.04792522506905768500 ) ) ;
#2378 = EDGE_CURVE ( 'NONE', #2670, #5267, #1123, .T. ) ;
#2379 = CARTESIAN_POINT ( 'NONE',  ( -0.2868749999999999900, 0.03787500000000001300, 0.01568833867488099400 ) ) ;
#2380 = CARTESIAN_POINT ( 'NONE',  ( 0.1037500000000000200, 0.02678166933744051800, -0.02678166933744052400 ) ) ;
#2381 = CARTESIAN_POINT ( 'NONE',  ( 0.007354116826251267900, -0.02505992052357225400, 0.06050000000000001900 ) ) ;
#2382 = CARTESIAN_POINT ( 'NONE',  ( 0.2550215013865405100, -0.01061755827469291000, -0.04804799777751860700 ) ) ;
#2383 = CARTESIAN_POINT ( 'NONE',  ( 0.1232110934695942600, -0.04019648675812097900, 0.01664992997496424200 ) ) ;
#2384 = CARTESIAN_POINT ( 'NONE',  ( -0.2395208831737487000, -0.04277996026178615400, 0.04277996026178614000 ) ) ;
#2385 = CARTESIAN_POINT ( 'NONE',  ( -0.1668361931504248300, 0.04019648675812095100, -0.01664992997496426300 ) ) ;
#2386 = CARTESIAN_POINT ( 'NONE',  ( -0.08246119315042484100, -0.02842320836654261800, -0.02842320836654260400 ) ) ;
#2387 = CARTESIAN_POINT ( 'NONE',  ( 0.2057499003191694300, -0.03787500000000004100, -0.01568833867488098400 ) ) ;
#2388 = CIRCLE ( 'NONE', #4348, 0.1094999999999999600 ) ;
#2389 = DIRECTION ( 'NONE',  ( 0.0000000000000000000, 0.0000000000000000000, 1.000000000000000000 ) ) ;
#2390 = ORIENTED_EDGE ( 'NONE', *, *, #1689, .T. ) ;
#2391 = CARTESIAN_POINT ( 'NONE',  ( 0.2549553266340770000, -0.01064171080908283600, 0.04792522506905795600 ) ) ;
#2392 = EDGE_CURVE ( 'NONE', #2637, #698, #666, .T. ) ;
#2393 = CIRCLE ( 'NONE', #2646, 0.007200000000000045800 ) ;
#2394 = PERSON_AND_ORGANIZATION ( #2589, #2539 ) ;
#2395 = ORIENTED_EDGE ( 'NONE', *, *, #3523, .T. ) ;
#2396 = CARTESIAN_POINT ( 'NONE',  ( -0.1259792165070819600, -0.06050000000000004700, -0.02505992052357224400 ) ) ;
#2397 = CARTESIAN_POINT ( 'NONE',  ( -0.2848750996808306300, -3.218992597472363400E-017, -0.03787500000000004100 ) ) ;
#2398 = ORIENTED_EDGE ( 'NONE', *, *, #3421, .F. ) ;
#2399 = CARTESIAN_POINT ( 'NONE',  ( 0.2860681042851052600, 0.04484959516851765700, -0.01302130027332474400 ) ) ;
#2400 = VECTOR ( 'NONE', #1623, 39.37007874015748100 ) ;
#2401 = EDGE_LOOP ( 'NONE', ( #2840, #903, #4956, #4536 ) ) ;
#2402 = CARTESIAN_POINT ( 'NONE',  ( 0.1982110934695942000, 0.04019648675812098600, -0.01664992997496426600 ) ) ;
#2403 = CARTESIAN_POINT ( 'NONE',  ( -0.2645208831737487200, 0.04277996026178610600, -0.04277996026178614700 ) ) ;
#2404 = CARTESIAN_POINT ( 'NONE',  ( 0.04797911682625132700, 0.04277996026178614700, 0.04277996026178614000 ) ) ;
#2405 = EDGE_CURVE ( 'NONE', #5304, #2209, #2097, .T. ) ;
#2406 = CARTESIAN_POINT ( 'NONE',  ( 0.01071109346959421600, 0.01664992997496424200, 0.04019648675812098600 ) ) ;
#2407 = CARTESIAN_POINT ( 'NONE',  ( -0.2082708831737487000, 0.06050000000000000500, 0.0000000000000000000 ) ) ;
#2408 = CARTESIAN_POINT ( 'NONE',  ( -0.3041042165070819700, 0.06049999999999997700, 0.0000000000000000000 ) ) ;
#2409 = CARTESIAN_POINT ( 'NONE',  ( -0.1137111931504248400, 0.04019648675812097200, 0.0000000000000000000 ) ) ;
#2410 = CARTESIAN_POINT ( 'NONE',  ( 0.1394138068495751900, 0.04019648675812099300, 0.01664992997496423900 ) ) ;
#2411 = CARTESIAN_POINT ( 'NONE',  ( 0.1838749003191693900, 0.02678166933744053100, 0.02678166933744051400 ) ) ;
#2412 = EDGE_LOOP ( 'NONE', ( #5176, #3775, #3788, #1257 ) ) ;
#2413 = CARTESIAN_POINT ( 'NONE',  ( 0.2895803158119754100, -0.04912764102857506600, 0.01928196586489101800 ) ) ;
#2414 = CARTESIAN_POINT ( 'NONE',  ( -0.01347921650708195700, 0.02505992052357227500, -0.06050000000000001200 ) ) ;
#2415 = CARTESIAN_POINT ( 'NONE',  ( -0.2868749999999999900, 0.03787500000000001300, 0.01568833867488099400 ) ) ;
#2416 = CARTESIAN_POINT ( 'NONE',  ( -0.01683619315042483500, 0.04019648675812097200, -0.01664992997496426300 ) ) ;
#2417 = CARTESIAN_POINT ( 'NONE',  ( 0.1593779594979219700, -0.03901105956546682000, 0.009689931850915886900 ) ) ;
#2418 = CARTESIAN_POINT ( 'NONE',  ( -0.2478542165070819800, 0.04277996026178611200, 0.04277996026178613300 ) ) ;
#2419 = CARTESIAN_POINT ( 'NONE',  ( 0.2549553266340770500, -0.04682531779643288300, 0.01474662063413612800 ) ) ;
#2420 = CARTESIAN_POINT ( 'NONE',  ( 0.2503791510578059500, 0.02546463007451228700, 0.03242245470008592300 ) ) ;
#2421 = CARTESIAN_POINT ( 'NONE',  ( 0.2535708133734161400, 0.04485345353129645300, 0.01302466962880389400 ) ) ;
#2422 = CARTESIAN_POINT ( 'NONE',  ( 0.1607110934695941700, 0.01664992997496425300, 0.04019648675812098600 ) ) ;
#2423 = CARTESIAN_POINT ( 'NONE',  ( 0.1600000000000000600, 0.03787499999999999900, 0.0000000000000000000 ) ) ;
#2424 = CARTESIAN_POINT ( 'NONE',  ( 0.1198541168262513000, -0.06050000000000002600, -0.02505992052357224700 ) ) ;
#2425 = CARTESIAN_POINT ( 'NONE',  ( 0.2561600569140029000, -0.009705501401410356400, -0.05025045958017905500 ) ) ;
#2426 = CARTESIAN_POINT ( 'NONE',  ( -0.02678890653040579300, -0.04019648675812099300, 0.01664992997496424200 ) ) ;
#2427 = VERTEX_POINT ( 'NONE', #776 ) ;
#2428 = CARTESIAN_POINT ( 'NONE',  ( -0.09264588317374872200, -0.02505992052357226500, 0.06050000000000001900 ) ) ;
#2429 = CARTESIAN_POINT ( 'NONE',  ( -0.3009792165070819300, 0.06049999999999998400, 0.02505992052357225400 ) ) ;
#2430 = CARTESIAN_POINT ( 'NONE',  ( -0.1230861931504248400, 0.01664992997496423500, -0.04019648675812097200 ) ) ;
#2431 = CARTESIAN_POINT ( 'NONE',  ( 0.06128880684957516800, -0.04019648675812097200, 4.922649884530182800E-018 ) ) ;
#2432 = CARTESIAN_POINT ( 'NONE',  ( 0.1307499003191694200, 0.03787500000000004800, 0.01568833867488099400 ) ) ;
#2433 = CARTESIAN_POINT ( 'NONE',  ( 0.2899451145464542700, -0.04897178818290096700, 0.02131377665435497900 ) ) ;
#2434 = CARTESIAN_POINT ( 'NONE',  ( 0.2172000000000000900, 5.122214988120493500E-017, 0.0000000000000000000 ) ) ;
#2435 = EDGE_LOOP ( 'NONE', ( #3031, #1824, #3897, #2961 ) ) ;
#2436 = CARTESIAN_POINT ( 'NONE',  ( 0.1269138068495751800, 0.01664992997496425300, -0.04019648675812097200 ) ) ;
#2437 = CARTESIAN_POINT ( 'NONE',  ( -0.1072292165070819500, 0.06049999999999997000, -0.02505992052357230000 ) ) ;
#2438 = CARTESIAN_POINT ( 'NONE',  ( 0.2886600569140028700, -0.009705501401410380700, 0.05025045958017899200 ) ) ;
#2439 = CARTESIAN_POINT ( 'NONE',  ( 0.09172911682625130300, 0.06050000000000002600, 0.0000000000000000000 ) ) ;
#2440 = ORIENTED_EDGE ( 'NONE', *, *, #4157, .T. ) ;
#2441 = CARTESIAN_POINT ( 'NONE',  ( 0.2549553266340770000, -0.03618360698734965400, -0.03317860443492219600 ) ) ;
#2442 = CARTESIAN_POINT ( 'NONE',  ( -0.2649999999999999600, -0.03787500000000006800, 4.638349751770605400E-018 ) ) ;
#2443 = CARTESIAN_POINT ( 'NONE',  ( 0.2900000000000000400, -0.004662832236999770100, 0.05329641634790842400 ) ) ;
#2444 = CARTESIAN_POINT ( 'NONE',  ( 0.03860411682625130400, 0.06049999999999999800, -0.02505992052357230000 ) ) ;
#2445 = CARTESIAN_POINT ( 'NONE',  ( 0.2572364576424043300, -0.007280013141059314500, -0.05254565465836074500 ) ) ;
#2446 = EDGE_LOOP ( 'NONE', ( #1804, #1832, #5117, #1530 ) ) ;
#2447 = CARTESIAN_POINT ( 'NONE',  ( -0.1049139065304058000, 0.02842320836654259300, -0.02842320836654261800 ) ) ;
#2448 = CARTESIAN_POINT ( 'NONE',  ( 0.01441380684957513900, -0.04019648675812098600, -0.01664992997496422500 ) ) ;
#2449 = CARTESIAN_POINT ( 'NONE',  ( -0.03246119315042482500, -0.02842320836654261100, -0.02842320836654260400 ) ) ;
#2450 = CARTESIAN_POINT ( 'NONE',  ( 0.1050388068495751400, -0.02842320836654259300, 0.02842320836654260700 ) ) ;
#2451 = CARTESIAN_POINT ( 'NONE',  ( -0.08535421650708192900, -0.04277996026178614700, 0.04277996026178614000 ) ) ;
#2452 = CARTESIAN_POINT ( 'NONE',  ( 0.2883575139935030700, -0.03794169081948149000, -0.03356519128185141100 ) ) ;
#2453 = CARTESIAN_POINT ( 'NONE',  ( -0.2801458831737487200, -0.06050000000000006800, -0.02505992052357225100 ) ) ;
#2454 = CARTESIAN_POINT ( 'NONE',  ( 0.2522948781127371000, -0.04319104999676200200, -0.01088105698060850400 ) ) ;
#2455 = CARTESIAN_POINT ( 'NONE',  ( -0.1416042165070819400, -9.345134841781206100E-018, 0.06050000000000001200 ) ) ;
#2456 = CARTESIAN_POINT ( 'NONE',  ( -0.2692500996808306300, 0.03787500000000001300, 0.01568833867488099400 ) ) ;
#2457 = VECTOR ( 'NONE', #4339, 39.37007874015748100 ) ;
#2458 = PLANE ( 'NONE',  #2122 ) ;
#2459 = EDGE_CURVE ( 'NONE', #4666, #1058, #488, .T. ) ;
#2460 = CARTESIAN_POINT ( 'NONE',  ( -0.02437500000000000100, -0.01568833867488099400, 0.03787500000000004800 ) ) ;
#2461 = CARTESIAN_POINT ( 'NONE',  ( 0.2828791500028752200, 0.01534635725095040300, 0.03826424080507176400 ) ) ;
#2462 = CARTESIAN_POINT ( 'NONE',  ( 0.1417291168262513300, 0.06050000000000002600, 0.0000000000000000000 ) ) ;
#2463 = CARTESIAN_POINT ( 'NONE',  ( 0.2549553266340769400, -0.01064171080908288100, -0.04792522506905766400 ) ) ;
#2464 = EDGE_LOOP ( 'NONE', ( #1601, #2663, #4802, #3582, #481 ) ) ;
#2465 = CARTESIAN_POINT ( 'NONE',  ( -0.004913906530405773100, 0.02842320836654260400, -0.02842320836654261800 ) ) ;
#2466 = VERTEX_POINT ( 'NONE', #5211 ) ;
#2467 = CARTESIAN_POINT ( 'NONE',  ( 0.09878880684957518100, 9.852901219597221300E-018, 0.04019648675812097900 ) ) ;
#2468 = CARTESIAN_POINT ( 'NONE',  ( -0.09937499999999997700, 0.01568833867488099400, -0.03787500000000004100 ) ) ;
#2469 = CYLINDRICAL_SURFACE ( 'NONE', #5306, 0.05349999999999999200 ) ;
#2470 = AXIS2_PLACEMENT_3D ( 'NONE', #4401, #3578, #1141 ) ;
#2471 = ORIENTED_EDGE ( 'NONE', *, *, #1528, .T. ) ;
#2472 = CARTESIAN_POINT ( 'NONE',  ( -0.2899999999999999800, 0.1094999999999999600, 0.0000000000000000000 ) ) ;
#2473 = CARTESIAN_POINT ( 'NONE',  ( -0.2395208831737487000, -0.04277996026178615400, 0.04277996026178614000 ) ) ;
#2474 = ORIENTED_EDGE ( 'NONE', *, *, #566, .T. ) ;
#2475 = CARTESIAN_POINT ( 'NONE',  ( 0.09566380684957520600, 0.01664992997496424200, 0.04019648675812097900 ) ) ;
#2476 = CARTESIAN_POINT ( 'NONE',  ( -0.0009792165070819541000, 0.06050000000000000500, 0.02505992052357225400 ) ) ;
#2477 = CARTESIAN_POINT ( 'NONE',  ( 0.2891835177040811300, -0.008896864964899088600, 0.05132372430798817100 ) ) ;
#2478 = FACE_OUTER_BOUND ( 'NONE', #4892, .T. ) ;
#2479 = ORIENTED_EDGE ( 'NONE', *, *, #839, .T. ) ;
#2480 = DIRECTION ( 'NONE',  ( -1.000000000000000000, -0.0000000000000000000, -0.0000000000000000000 ) ) ;
#2481 = CARTESIAN_POINT ( 'NONE',  ( -0.1681250000000000200, -0.03787500000000005400, 0.01568833867488099800 ) ) ;
#2482 = CARTESIAN_POINT ( 'NONE',  ( -0.2899999999999999200, -0.04001387629401947900, 0.04537774458836518800 ) ) ;
#2483 = CARTESIAN_POINT ( 'NONE',  ( 0.2198541168262513100, -0.06050000000000001900, -0.02505992052357224700 ) ) ;
#2484 =( BOUNDED_CURVE ( )  B_SPLINE_CURVE ( 2, ( #2742, #1527, #1097, #2326, #2364, #4393, #2755, #3163, #1643 ),
 .UNSPECIFIED., .F., .F. ) 
 B_SPLINE_CURVE_WITH_KNOTS ( ( 3, 2, 2, 2, 3 ),
 ( 0.4318181818181818200, 0.4431818181818181800, 0.4545454545454545300, 0.4659090909090908800, 0.4772727272727272900 ),
 .UNSPECIFIED. ) 
 CURVE ( )  GEOMETRIC_REPRESENTATION_ITEM ( )  RATIONAL_B_SPLINE_CURVE ( ( 1.000000000000000000, 0.9238795325112867400, 1.000000000000000000, 0.9238795325112867400, 1.000000000000000000, 0.9238795325112867400, 1.000000000000000000, 0.9238795325112867400, 1.000000000000000000 ) ) 
 REPRESENTATION_ITEM ( '' )  );
#2485 = EDGE_CURVE ( 'NONE', #5039, #4460, #564, .T. ) ;
#2486 = AXIS2_PLACEMENT_3D ( 'NONE', #3278, #3644, #42 ) ;
#2487 = CARTESIAN_POINT ( 'NONE',  ( 0.01071109346959421600, 0.01664992997496424200, 0.04019648675812098600 ) ) ;
#2488 = CARTESIAN_POINT ( 'NONE',  ( -0.05562499999999998700, -0.01568833867488102200, -0.03787500000000004100 ) ) ;
#2489 = CARTESIAN_POINT ( 'NONE',  ( 0.2886608370069360700, 0.03866728974528321800, 0.03353035122921907400 ) ) ;
#2490 = CARTESIAN_POINT ( 'NONE',  ( 0.2822779401495811300, 0.04012499999999107100, 1.034096313424943800E-015 ) ) ;
#2491 = CARTESIAN_POINT ( 'NONE',  ( -0.2863958831737487600, -0.06050000000000004700, 0.02505992052357226500 ) ) ;
#2492 = ADVANCED_FACE ( 'NONE', ( #4532 ), #1780, .T. ) ;
#2493 = CARTESIAN_POINT ( 'NONE',  ( 0.2503809142074064900, -0.04081303058062545100, -0.005849029813764509300 ) ) ;
#2494 = CARTESIAN_POINT ( 'NONE',  ( 0.1271457834929180500, -0.04277996026178613300, -0.04277996026178613300 ) ) ;
#2495 = CARTESIAN_POINT ( 'NONE',  ( -0.1442500996808306100, -0.03787500000000006100, -0.01568833867488098400 ) ) ;
#2496 = DIRECTION ( 'NONE',  ( 0.0000000000000000000, 0.0000000000000000000, 1.000000000000000000 ) ) ;
#2497 = CARTESIAN_POINT ( 'NONE',  ( -0.1118749999999999900, -0.03787500000000005400, -0.01568833867488098400 ) ) ;
#2498 = ORIENTED_EDGE ( 'NONE', *, *, #992, .F. ) ;
#2499 =( CONVERSION_BASED_UNIT ( 'INCH', #2733 ) LENGTH_UNIT ( ) NAMED_UNIT ( #2719 ) );
#2500 = CARTESIAN_POINT ( 'NONE',  ( 0.1729791168262513100, -0.04277996026178613300, -0.04277996026178614000 ) ) ;
#2501 = DIRECTION ( 'NONE',  ( 1.000000000000000000, 8.503269937333648200E-017, 0.0000000000000000000 ) ) ;
#2502 = AXIS2_PLACEMENT_3D ( 'NONE', #5045, #534, #1341 ) ;
#2503 = CARTESIAN_POINT ( 'NONE',  ( -0.1361639065304058000, -1.012576222419239200E-017, 0.04019648675812098600 ) ) ;
#2504 = VERTEX_POINT ( 'NONE', #4467 ) ;
#2505 = CARTESIAN_POINT ( 'NONE',  ( -0.04624999999999995100, 0.02678166933744050700, -0.02678166933744052400 ) ) ;
#2506 = CARTESIAN_POINT ( 'NONE',  ( 0.2900000000000000400, 0.04382463436946106000, 0.03068633934478105100 ) ) ;
#2507 = CARTESIAN_POINT ( 'NONE',  ( -0.2897576009059567000, -0.04143767302291737800, 0.04412224750065493100 ) ) ;
#2508 = CARTESIAN_POINT ( 'NONE',  ( -0.02678890653040579300, -0.04019648675812099300, 0.01664992997496424200 ) ) ;
#2509 = ORIENTED_EDGE ( 'NONE', *, *, #3933, .T. ) ;
#2510 = CARTESIAN_POINT ( 'NONE',  ( -0.1699611931504248500, 0.02842320836654258600, -0.02842320836654261100 ) ) ;
#2511 = CARTESIAN_POINT ( 'NONE',  ( 0.1021457834929180600, 0.04277996026178614700, 0.04277996026178613300 ) ) ;
#2512 = CARTESIAN_POINT ( 'NONE',  ( -0.07550009968083061500, 0.03787500000000002700, -0.01568833867488101500 ) ) ;
#2514 = VERTEX_POINT ( 'NONE', #3229 ) ;
#2513 = B_SPLINE_CURVE_WITH_KNOTS ( 'NONE', 3,
 ( #4965, #3781, #1734, #5020, #2978, #3800, #2920, #511, #1695, #454, #1281, #3388 ),
 .UNSPECIFIED., .F., .F.,
 ( 4, 2, 2, 2, 2, 4 ),
 ( 0.0000000000000000000, 0.0002644628181367614900, 0.0005289256362735229900, 0.001057851272547045800, 0.001586776908820568500, 0.002115702545094091500 ),
 .UNSPECIFIED. ) ;
#2515 = EDGE_CURVE ( 'NONE', #2056, #1312, #2937, .T. ) ;
#2516 = CARTESIAN_POINT ( 'NONE',  ( -0.1399999999999999900, 0.03787500000000002700, 0.0000000000000000000 ) ) ;
#2517 =( NAMED_UNIT ( * ) SI_UNIT ( $, .STERADIAN. ) SOLID_ANGLE_UNIT ( ) );
#2518 = CARTESIAN_POINT ( 'NONE',  ( 0.2896818314473374500, 0.04911403328074219500, -0.01978381737771077500 ) ) ;
#2519 = CARTESIAN_POINT ( 'NONE',  ( -0.08928890653040580400, 0.01664992997496423500, 0.04019648675812098600 ) ) ;
#2520 = CARTESIAN_POINT ( 'NONE',  ( -0.1837500000000000000, 0.02678166933744050000, 0.02678166933744051400 ) ) ;
#2521 = CARTESIAN_POINT ( 'NONE',  ( 0.2880138757210604100, 0.03721872141591112800, 0.03347928314214978400 ) ) ;
#2522 = DIRECTION ( 'NONE',  ( -1.131284318818211800E-032, 1.224646799147353200E-016, 1.000000000000000000 ) ) ;
#2523 = CARTESIAN_POINT ( 'NONE',  ( -0.03616390653040581200, -1.622492286858743400E-018, 0.04019648675812098600 ) ) ;
#2524 = CARTESIAN_POINT ( 'NONE',  ( -0.2293361931504248300, -0.01664992997496427700, -0.04019648675812097200 ) ) ;
#2525 = FACE_OUTER_BOUND ( 'NONE', #1861, .T. ) ;
#2526 = CARTESIAN_POINT ( 'NONE',  ( 0.1208957834929181000, -0.06050000000000000500, 7.409113134841487400E-018 ) ) ;
#2527 = CARTESIAN_POINT ( 'NONE',  ( -0.1098750996808306000, -8.032504080848542800E-018, 0.03787500000000004100 ) ) ;
#2528 = ORIENTED_EDGE ( 'NONE', *, *, #7, .F. ) ;
#2529 = VECTOR ( 'NONE', #2128, 39.37007874015748100 ) ;
#2530 = CARTESIAN_POINT ( 'NONE',  ( -0.1799139065304058100, -0.02842320836654262500, 0.02842320836654261100 ) ) ;
#2531 = PERSON_AND_ORGANIZATION ( #2589, #2539 ) ;
#2532 = VERTEX_POINT ( 'NONE', #4521 ) ;
#2533 = AXIS2_PLACEMENT_3D ( 'NONE', #1923, #4755, #669 ) ;
#2534 = CARTESIAN_POINT ( 'NONE',  ( -0.1712499999999999900, -0.02678166933744053100, 0.02678166933744051800 ) ) ;
#2535 = ORIENTED_EDGE ( 'NONE', *, *, #638, .F. ) ;
#2536 = CARTESIAN_POINT ( 'NONE',  ( 0.1917291168262513200, 0.06050000000000003300, 0.0000000000000000000 ) ) ;
#2537 = CARTESIAN_POINT ( 'NONE',  ( 0.2575000000000000600, 0.004662832236999696300, -0.05329641634790839600 ) ) ;
#2538 = CIRCLE ( 'NONE', #2256, 0.06196162363432833300 ) ;
#2539 = ORGANIZATION ( 'UNSPECIFIED', 'UNSPECIFIED', '' ) ;
#2540 = CARTESIAN_POINT ( 'NONE',  ( 0.09821109346959426600, 0.04019648675812097900, -0.01664992997496426600 ) ) ;
#2541 = CARTESIAN_POINT ( 'NONE',  ( -0.1493749999999999500, 0.01568833867488098700, -0.03787500000000004100 ) ) ;
#2542 = VERTEX_POINT ( 'NONE', #2063 ) ;
#2543 = CARTESIAN_POINT ( 'NONE',  ( -0.2900000000000010300, 0.003596791158662916800, -0.03833879145060569600 ) ) ;
#2544 = CARTESIAN_POINT ( 'NONE',  ( -0.2130000996808306100, 0.01568833867488098100, 0.03787500000000004800 ) ) ;
#2545 = CARTESIAN_POINT ( 'NONE',  ( 0.1956000000000001100, 4.268512490100411300E-017, 0.0000000000000000000 ) ) ;
#2546 = CARTESIAN_POINT ( 'NONE',  ( 0.07321109346959424300, -0.04019648675812098600, 0.01664992997496424200 ) ) ;
#2547 = ADVANCED_FACE ( 'NONE', ( #1959 ), #3446, .F. ) ;
#2548 = CARTESIAN_POINT ( 'NONE',  ( -0.1449611931504248600, -0.02842320836654261800, 0.02842320836654260700 ) ) ;
#2549 = EDGE_LOOP ( 'NONE', ( #1119, #587, #5315, #1989 ) ) ;
#2550 = CARTESIAN_POINT ( 'NONE',  ( 0.05214578349291804100, 0.04277996026178614000, 0.04277996026178613300 ) ) ;
#2551 = CARTESIAN_POINT ( 'NONE',  ( -0.2286250996808306400, 0.02678166933744049000, -0.02678166933744052400 ) ) ;
#2552 = B_SPLINE_CURVE_WITH_KNOTS ( 'NONE', 3,
 ( #3158, #4438, #1988, #3189, #3639, #3598, #350, #1142, #696, #2391 ),
 .UNSPECIFIED., .F., .F.,
 ( 4, 2, 2, 2, 4 ),
 ( 2.362615790344194100E-007, 0.0002232099568003504700, 0.0004461836520216664800, 0.0006691573472429826100, 0.0008921310424642983500 ),
 .UNSPECIFIED. ) ;
#2553 = CARTESIAN_POINT ( 'NONE',  ( -0.1582708831737487100, 0.06050000000000000500, 0.0000000000000000000 ) ) ;
#2554 = CARTESIAN_POINT ( 'NONE',  ( 0.1600000000000000600, 0.03787500000000005400, 0.0000000000000000000 ) ) ;
#2555 = CARTESIAN_POINT ( 'NONE',  ( 0.008395783492918066200, 3.409770064219265900E-018, 0.06050000000000001900 ) ) ;
#2556 = CARTESIAN_POINT ( 'NONE',  ( 0.2550877926802203600, -0.03642315634132012300, 0.03325673046628974100 ) ) ;
#2557 = EDGE_CURVE ( 'NONE', #1157, #616, #2738, .T. ) ;
#2558 = PRODUCT_DEFINITION ( 'UNKNOWN', '', #4584, #2839 ) ;
#2559 = CARTESIAN_POINT ( 'NONE',  ( 0.06383609346959420700, 6.880777650474904700E-018, 0.04019648675812098600 ) ) ;
#2560 = CARTESIAN_POINT ( 'NONE',  ( 0.02875000000000007100, -0.02678166933744051400, 0.02678166933744051800 ) ) ;
#2561 = ADVANCED_FACE ( 'NONE', ( #5125 ), #3765, .T. ) ;
#2562 = CARTESIAN_POINT ( 'NONE',  ( -0.2899999999999999800, -0.02262245262552027900, -0.03037664007434159200 ) ) ;
#2563 = CARTESIAN_POINT ( 'NONE',  ( -0.2786250996808306000, 0.02678166933744048300, -0.02678166933744052400 ) ) ;
#2564 = DIRECTION ( 'NONE',  ( 1.000000000000000000, 8.503269937333648200E-017, 0.0000000000000000000 ) ) ;
#2565 = ORIENTED_EDGE ( 'NONE', *, *, #1263, .F. ) ;
#2566 = CARTESIAN_POINT ( 'NONE',  ( 0.07633609346959421800, -0.04019648675812098600, 4.922649884530183500E-018 ) ) ;
#2567 = CARTESIAN_POINT ( 'NONE',  ( -0.2574611931504248700, 0.02842320836654258600, 0.02842320836654260400 ) ) ;
#2568 = CARTESIAN_POINT ( 'NONE',  ( -0.3236639065304058300, -0.04019648675812102100, 4.922649884530183500E-018 ) ) ;
#2569 = CARTESIAN_POINT ( 'NONE',  ( -0.1505000996808305800, -0.03787500000000005400, 0.01568833867488099800 ) ) ;
#2570 = EDGE_CURVE ( 'NONE', #4237, #1456, #2552, .T. ) ;
#2571 = ORIENTED_EDGE ( 'NONE', *, *, #241, .F. ) ;
#2572 = CARTESIAN_POINT ( 'NONE',  ( -0.1174139065304058000, -0.02842320836654262500, -0.02842320836654260700 ) ) ;
#2573 = CARTESIAN_POINT ( 'NONE',  ( 0.06312500000000004200, 0.03787500000000004800, 0.01568833867488099400 ) ) ;
#2574 = CARTESIAN_POINT ( 'NONE',  ( -0.2020208831737487200, 0.04277996026178611900, 0.04277996026178614000 ) ) ;
#2575 = ORIENTED_EDGE ( 'NONE', *, *, #3319, .F. ) ;
#2576 = ADVANCED_FACE ( 'NONE', ( #2478 ), #680, .T. ) ;
#2577 = AXIS2_PLACEMENT_3D ( 'NONE', #2341, #1903, #2767 ) ;
#2578 = CARTESIAN_POINT ( 'NONE',  ( 0.1950860934695942100, 0.02842320836654262100, -0.02842320836654261800 ) ) ;
#2579 = CARTESIAN_POINT ( 'NONE',  ( 0.1162500000000000200, 0.02678166933744052800, 0.02678166933744051400 ) ) ;
#2580 = ORIENTED_EDGE ( 'NONE', *, *, #540, .T. ) ;
#2581 = CARTESIAN_POINT ( 'NONE',  ( 0.05214578349291804100, 0.04277996026178614000, 0.04277996026178614000 ) ) ;
#2582 = CARTESIAN_POINT ( 'NONE',  ( -0.1817500996808305800, 0.01568833867488098700, -0.03787500000000004100 ) ) ;
#2583 = DIRECTION ( 'NONE',  ( 1.000000000000000000, 9.237637493568399400E-017, -0.0000000000000000000 ) ) ;
#2584 =( BOUNDED_CURVE ( )  B_SPLINE_CURVE ( 2, ( #5186, #1096, #4807, #3950, #3932, #5234, #1514, #4357, #1463 ),
 .UNSPECIFIED., .F., .F. ) 
 B_SPLINE_CURVE_WITH_KNOTS ( ( 3, 2, 2, 2, 3 ),
 ( 0.7500000000000000000, 0.7613636363636363500, 0.7727272727272727100, 0.7840909090909091700, 0.7954545454545455300 ),
 .UNSPECIFIED. ) 
 CURVE ( )  GEOMETRIC_REPRESENTATION_ITEM ( )  RATIONAL_B_SPLINE_CURVE ( ( 1.000000000000000000, 0.9238795325112867400, 1.000000000000000000, 0.9238795325112867400, 1.000000000000000000, 0.9238795325112867400, 1.000000000000000000, 0.9238795325112859600, 1.000000000000000700 ) ) 
 REPRESENTATION_ITEM ( '' )  );
#2585 = CARTESIAN_POINT ( 'NONE',  ( 0.09196109346959420400, 0.01664992997496425600, -0.04019648675812097900 ) ) ;
#2586 = CARTESIAN_POINT ( 'NONE',  ( -0.2012111931504248200, -1.565690859240372300E-017, 0.04019648675812097900 ) ) ;
#2587 = CARTESIAN_POINT ( 'NONE',  ( -0.2674139065304058600, -0.02842320836654263800, -0.02842320836654260700 ) ) ;
#2588 = CARTESIAN_POINT ( 'NONE',  ( 0.08074990031916939900, 0.03787500000000004800, 0.01568833867488099400 ) ) ;
#2589 = PERSON ( 'UNSPECIFIED', 'UNSPECIFIED', 'UNSPECIFIED', ('UNSPECIFIED'), ('UNSPECIFIED'), ('UNSPECIFIED') ) ;
#2590 = CARTESIAN_POINT ( 'NONE',  ( -0.06116390653040578600, -1.359360954025252000E-017, -0.04019648675812098600 ) ) ;
#2591 = EDGE_CURVE ( 'NONE', #3096, #3668, #4986, .T. ) ;
#2592 = AXIS2_PLACEMENT_3D ( 'NONE', #270, #4815, #1552 ) ;
#2593 = CARTESIAN_POINT ( 'NONE',  ( 0.1287500000000000300, -0.02678166933744050700, 0.02678166933744051800 ) ) ;
#2594 = CARTESIAN_POINT ( 'NONE',  ( 0.03339578349291807300, -9.282638721130292600E-018, -0.06050000000000001900 ) ) ;
#2595 = CARTESIAN_POINT ( 'NONE',  ( 0.2900000000000000400, 0.04382463436946108800, -0.03068633934478101600 ) ) ;
#2596 = VECTOR ( 'NONE', #1081, 39.37007874015748100 ) ;
#2597 = CARTESIAN_POINT ( 'NONE',  ( 0.07008609346959418500, -0.02842320836654260400, 0.02842320836654261100 ) ) ;
#2598 = CARTESIAN_POINT ( 'NONE',  ( 0.1318750000000000800, -0.03787500000000004100, 0.01568833867488099800 ) ) ;
#2599 = CONICAL_SURFACE ( 'NONE', #3213, 0.05350000000000004100, 1.047197551196600100 ) ;
#2600 = CARTESIAN_POINT ( 'NONE',  ( -0.2317500996808306300, 0.01568833867488098400, -0.03787500000000004100 ) ) ;
#2601 = ORIENTED_EDGE ( 'NONE', *, *, #1639, .F. ) ;
#2602 = CARTESIAN_POINT ( 'NONE',  ( 0.2555129179375529900, 0.01038523712172142300, 0.04897015710710576900 ) ) ;
#2603 = ADVANCED_FACE ( 'NONE', ( #3626 ), #2798, .T. ) ;
#2604 = CARTESIAN_POINT ( 'NONE',  ( -0.1012111931504248400, -7.153638655070075800E-018, 0.04019648675812097900 ) ) ;
#2605 = CARTESIAN_POINT ( 'NONE',  ( -0.2267889065304058100, -0.04019648675812101400, 0.01664992997496424200 ) ) ;
#2606 = CONICAL_SURFACE ( 'NONE', #1818, 0.03995833333333329700, 0.2617993877991424700 ) ;
#2607 = CARTESIAN_POINT ( 'NONE',  ( 0.008874900319169423300, -0.02678166933744052400, -0.02678166933744051400 ) ) ;
#2608 = LINE ( 'NONE', #3870, #549 ) ;
#2609 = EDGE_LOOP ( 'NONE', ( #3339, #4388, #209, #3249 ) ) ;
#2610 = VERTEX_POINT ( 'NONE', #3172 ) ;
#2611 = CARTESIAN_POINT ( 'NONE',  ( -0.1549139065304058200, 0.02842320836654259000, -0.02842320836654261800 ) ) ;
#2612 = AXIS2_PLACEMENT_3D ( 'NONE', #996, #3425, #120 ) ;
#2613 = FACE_OUTER_BOUND ( 'NONE', #3178, .T. ) ;
#2614 = CARTESIAN_POINT ( 'NONE',  ( 0.1850000000000000800, -0.03787500000000002700, 4.638349751770605400E-018 ) ) ;
#2615 = CARTESIAN_POINT ( 'NONE',  ( 0.01464578349291810100, -0.04277996026178614000, 0.04277996026178614000 ) ) ;
#2616 = EDGE_CURVE ( 'NONE', #4205, #4143, #409, .T. ) ;
#2617 = EDGE_LOOP ( 'NONE', ( #3352, #4724, #5021, #4608 ) ) ;
#2618 = CARTESIAN_POINT ( 'NONE',  ( 0.09750000000000005900, 3.244609242860029600E-019, -0.03787500000000004100 ) ) ;
#2619 = CARTESIAN_POINT ( 'NONE',  ( -0.06925009968083061000, 0.03787500000000003400, 0.01568833867488099400 ) ) ;
#2620 = CARTESIAN_POINT ( 'NONE',  ( -0.07389588317374871900, -0.02505992052357230000, -0.06049999999999999800 ) ) ;
#2621 = CARTESIAN_POINT ( 'NONE',  ( 0.2549553266340769400, 0.01064171080908285000, 0.04792522506905769900 ) ) ;
#2622 = CARTESIAN_POINT ( 'NONE',  ( -0.06371119315042482500, 0.04019648675812097200, 0.0000000000000000000 ) ) ;
#2623 = CARTESIAN_POINT ( 'NONE',  ( -0.3111639065304058200, -3.485178438358664100E-017, -0.04019648675812098600 ) ) ;
#2624 = CARTESIAN_POINT ( 'NONE',  ( 0.1213749003191693800, 0.02678166933744051800, -0.02678166933744052400 ) ) ;
#2625 = CARTESIAN_POINT ( 'NONE',  ( -0.1223750996808306200, 0.03787500000000002700, 0.0000000000000000000 ) ) ;
#2626 = CARTESIAN_POINT ( 'NONE',  ( 0.1568750000000001000, 0.03787500000000004800, -0.01568833867488101500 ) ) ;
#2627 = CARTESIAN_POINT ( 'NONE',  ( 0.02089578349291806900, -0.06050000000000001900, 7.409113134841489000E-018 ) ) ;
#2628 = DIRECTION ( 'NONE',  ( 0.0000000000000000000, 0.0000000000000000000, 1.000000000000000000 ) ) ;
#2629 = CARTESIAN_POINT ( 'NONE',  ( 0.2828791510578058700, 0.02546463007451209300, -0.03242245470008593700 ) ) ;
#2630 = ORIENTED_EDGE ( 'NONE', *, *, #4989, .F. ) ;
#2631 = CARTESIAN_POINT ( 'NONE',  ( 0.1787500000000000500, -0.02678166933744050000, 0.02678166933744051800 ) ) ;
#2632 = CARTESIAN_POINT ( 'NONE',  ( -0.2900393700787401400, 0.02985147892126847900, -0.05170427817270843000 ) ) ;
#2633 = CARTESIAN_POINT ( 'NONE',  ( -0.04425009968083060800, -0.03787500000000005400, -0.01568833867488098400 ) ) ;
#2634 = ORIENTED_EDGE ( 'NONE', *, *, #4418, .F. ) ;
#2635 = CARTESIAN_POINT ( 'NONE',  ( -0.02077088317374868900, -1.388857660385269900E-017, -0.06050000000000001900 ) ) ;
#2636 = CARTESIAN_POINT ( 'NONE',  ( 0.2570801081827801500, 0.007865834204482951800, 0.05218630065608764700 ) ) ;
#2637 = VERTEX_POINT ( 'NONE', #4482 ) ;
#2638 = CARTESIAN_POINT ( 'NONE',  ( 0.05503880684957519800, -0.02842320836654260000, 0.02842320836654260700 ) ) ;
#2639 = CARTESIAN_POINT ( 'NONE',  ( 0.1583957834929181100, 1.616467497021974000E-017, 0.06050000000000001200 ) ) ;
#2640 = CARTESIAN_POINT ( 'NONE',  ( -0.03175009968083060400, 0.01568833867488100100, -0.03787500000000004100 ) ) ;
#2641 = CARTESIAN_POINT ( 'NONE',  ( -0.1911250996808306300, -0.02678166933744053800, -0.02678166933744051400 ) ) ;
#2642 = AXIS2_PLACEMENT_3D ( 'NONE', #3190, #4419, #1973 ) ;
#2643 = ORIENTED_EDGE ( 'NONE', *, *, #4030, .F. ) ;
#2644 = DIRECTION ( 'NONE',  ( 0.0000000000000000000, 0.0000000000000000000, 1.000000000000000000 ) ) ;
#2645 = CARTESIAN_POINT ( 'NONE',  ( -0.2176458831737487200, 0.02505992052357230600, -0.06049999999999995700 ) ) ;
#2646 = AXIS2_PLACEMENT_3D ( 'NONE', #933, #2522, #970 ) ;
#2647 = CARTESIAN_POINT ( 'NONE',  ( 0.2266117605983547200, 2.089444888770379700E-019, 0.0000000000000000000 ) ) ;
#2648 = CARTESIAN_POINT ( 'NONE',  ( 0.2006250000000000800, 0.01568833867488101900, -0.03787500000000004100 ) ) ;
#2649 =( BOUNDED_CURVE ( )  B_SPLINE_CURVE ( 2, ( #1731, #1262, #3737, #4524, #849, #3311, #451, #3758, #904, #4977, #2118, #4168, #4114, #4604, #4129, #2134, #3329, #1657, #867, #5015, #2064, #4561, #4940, #3362, #1296, #18, #4960, #96, #4149, #1688, #54, #2939, #2973, #465, #3346, #5000, #2530, #76, #506, #144, #2992, #1787, #3402, #3419, #2611, #130, #945, #565, #3812, #1348, #3027, #5034, #5074, #2153, #1333, #4218, #2572, #4232, #1749, #4199, #115, #3832, #978, #1767, #1389, #3848, #5055, #4248, #4638, #2169, #3434, #4621, #961, #525, #2590, #3012, #541, #1368, #4652, #2185, #4633, #2163, #2523, #1361, #2985, #2508, #4573, #3750, #1306, #5047, #2179, #936, #1726, #3007, #5028, #957, #4646, #2967, #4162, #125, #50, #2129, #3808, #3824, #2932, #4227, #4178, #3397, #3357, #4595, #1343, #5010, #881, #501, #535, #4211, #1708, #2546, #2566, #69, #462, #1761, #1291, #2585, #3413, #4994, #88, #3340, #2111, #2949, #898, #2147, #1782, #3377, #519, #109, #482, #3773, #917, #3789, #1328, #4192, #1742, #4616, #5103, #1007, #175 ),
 .UNSPECIFIED., .F., .T. ) 
 B_SPLINE_CURVE_WITH_KNOTS ( ( 3, 2, 2, 2, 2, 2, 2, 2, 2, 2, 2, 2, 2, 2, 2, 2, 2, 2, 2, 2, 2, 2, 2, 2, 2, 2, 2, 2, 2, 2, 2, 2, 2, 2, 2, 2, 2, 2, 2, 2, 2, 2, 2, 2, 2, 2, 2, 2, 2, 2, 2, 2, 2, 2, 2, 2, 2, 2, 2, 2, 2, 2, 2, 2, 2, 2, 2, 2, 2, 2, 2, 2, 2, 3 ),
 ( 0.1067084895475496100, 0.1136363636363636300, 0.1250000000000000000, 0.1363636363636363500, 0.1477272727272727300, 0.1590909090909090900, 0.1704545454545454400, 0.1818181818181818200, 0.1931818181818181800, 0.2045454545454545600, 0.2159090909090909100, 0.2272727272727272700, 0.2386363636363636500, 0.2500000000000000000, 0.2613636363636363500, 0.2727272727272727100, 0.2840909090909091200, 0.2954545454545454700, 0.3068181818181818200, 0.3181818181818181800, 0.3295454545454545300, 0.3409090909090908800, 0.3522727272727272900, 0.3636363636363636500, 0.3750000000000000000, 0.3863636363636363500, 0.3977272727272727100, 0.4090909090909091700, 0.4204545454545454100, 0.4318181818181817700, 0.4431818181818181200, 0.4545454545454544700, 0.4659090909090908300, 0.4772727272727271800, 0.4886363636363635400, 0.5000000000000000000, 0.5113636363636363500, 0.5227272727272727100, 0.5340909090909090600, 0.5454545454545454100, 0.5568181818181817700, 0.5681818181818182300, 0.5795454545454545900, 0.5909090909090909400, 0.6022727272727272900, 0.6136363636363636500, 0.6250000000000000000, 0.6363636363636363500, 0.6477272727272727100, 0.6590909090909090600, 0.6704545454545454100, 0.6818181818181817700, 0.6931818181818182300, 0.7045454545454545900, 0.7159090909090909400, 0.7272727272727272900, 0.7386363636363636500, 0.7500000000000000000, 0.7613636363636363500, 0.7727272727272727100, 0.7840909090909090600, 0.7954545454545454100, 0.8068181818181817700, 0.8181818181818182300, 0.8295454545454545900, 0.8409090909090909400, 0.8522727272727272900, 0.8636363636363636500, 0.8750000000000000000, 0.8863636363636363500, 0.8977272727272727100, 0.9090909090909090600, 0.9204545454545454100, 0.9237889910637644400 ),
 .UNSPECIFIED. ) 
 CURVE ( )  GEOMETRIC_REPRESENTATION_ITEM ( )  RATIONAL_B_SPLINE_CURVE ( ( 0.9637702751499301900, 0.9535929347377748400, 1.000000000000000000, 0.9238795325112867400, 1.000000000000000000, 0.9238795325112867400, 1.000000000000000000, 0.9238795325112867400, 1.000000000000000000, 0.9238795325112867400, 1.000000000000000000, 0.9238795325112867400, 1.000000000000000000, 0.9238795325112867400, 1.000000000000000000, 0.9238795325112867400, 1.000000000000000000, 0.9238795325112867400, 1.000000000000000000, 0.9238795325112867400, 1.000000000000000000, 0.9238795325112867400, 1.000000000000000000, 0.9238795325112867400, 1.000000000000000000, 0.9238795325112867400, 1.000000000000000000, 0.9238795325112867400, 1.000000000000000000, 0.9238795325112867400, 1.000000000000000000, 0.9238795325112867400, 1.000000000000000000, 0.9238795325112867400, 1.000000000000000000, 0.9238795325112867400, 1.000000000000000000, 0.9238795325112867400, 1.000000000000000000, 0.9238795325112867400, 1.000000000000000000, 0.9238795325112867400, 1.000000000000000000, 0.9238795325112867400, 1.000000000000000000, 0.9238795325112867400, 1.000000000000000000, 0.9238795325112867400, 1.000000000000000000, 0.9238795325112867400, 1.000000000000000000, 0.9238795325112867400, 1.000000000000000000, 0.9238795325112867400, 1.000000000000000000, 0.9238795325112867400, 1.000000000000000000, 0.9238795325112867400, 1.000000000000000000, 0.9238795325112867400, 1.000000000000000000, 0.9238795325112867400, 1.000000000000000000, 0.9238795325112867400, 1.000000000000000000, 0.9238795325112867400, 1.000000000000000000, 0.9238795325112867400, 1.000000000000000000, 0.9238795325112867400, 1.000000000000000000, 0.9238795325112867400, 1.000000000000000000, 0.9238795325112867400, 1.000000000000000000, 0.9238795325112867400, 1.000000000000000000, 0.9238795325112867400, 1.000000000000000000, 0.9238795325112867400, 1.000000000000000000, 0.9238795325112867400, 1.000000000000000000, 0.9238795325112867400, 1.000000000000000000, 0.9238795325112867400, 1.000000000000000000, 0.9238795325112867400, 1.000000000000000000, 0.9238795325112867400, 1.000000000000000000, 0.9238795325112867400, 1.000000000000000000, 0.9238795325112867400, 1.000000000000000000, 0.9238795325112867400, 1.000000000000000000, 0.9238795325112867400, 1.000000000000000000, 0.9238795325112867400, 1.000000000000000000, 0.9238795325112867400, 1.000000000000000000, 0.9238795325112867400, 1.000000000000000000, 0.9238795325112867400, 1.000000000000000000, 0.9238795325112867400, 1.000000000000000000, 0.9238795325112867400, 1.000000000000000000, 0.9238795325112867400, 1.000000000000000000, 0.9238795325112867400, 1.000000000000000000, 0.9238795325112867400, 1.000000000000000000, 0.9238795325112867400, 1.000000000000000000, 0.9238795325112867400, 1.000000000000000000, 0.9238795325112867400, 1.000000000000000000, 0.9238795325112867400, 1.000000000000000000, 0.9238795325112867400, 1.000000000000000000, 0.9238795325112867400, 1.000000000000000000, 0.9238795325112867400, 1.000000000000000000, 0.9238795325112867400, 1.000000000000000000, 0.9238795325112867400, 1.000000000000000000, 0.9238795325112867400, 1.000000000000000000, 0.9238795325112867400, 1.000000000000000000, 0.9238795325112867400, 1.000000000000000000, 0.9238795325112867400, 1.000000000000000000, 0.9238795325112867400, 1.000000000000000000, 0.9776638788441294200, 0.9684359879645299000 ) ) 
 REPRESENTATION_ITEM ( '' )  );
#2650 = CARTESIAN_POINT ( 'NONE',  ( -0.2212500000000000000, -0.02678166933744053500, 0.02678166933744051800 ) ) ;
#2651 = CARTESIAN_POINT ( 'NONE',  ( -0.1223750996808306200, 0.03787500000000002700, 0.0000000000000000000 ) ) ;
#2652 = CARTESIAN_POINT ( 'NONE',  ( 0.2564361812137220800, 0.03932595872792484700, -0.03349872485656810900 ) ) ;
#2653 = DIRECTION ( 'NONE',  ( 0.0000000000000000000, 1.000000000000000000, 0.0000000000000000000 ) ) ;
#2654 = CARTESIAN_POINT ( 'NONE',  ( -0.3174139065304058500, -0.02842320836654264200, -0.02842320836654260700 ) ) ;
#2655 = CARTESIAN_POINT ( 'NONE',  ( -0.06058619315042484300, 0.04019648675812097900, 0.01664992997496423900 ) ) ;
#2656 = DIRECTION ( 'NONE',  ( 1.000000000000000000, 8.503269937333648200E-017, 0.0000000000000000000 ) ) ;
#2657 = CARTESIAN_POINT ( 'NONE',  ( -0.2980861931504248400, -0.01664992997496425900, 0.04019648675812097900 ) ) ;
#2658 = CARTESIAN_POINT ( 'NONE',  ( -0.2130000996808306100, 0.01568833867488098100, 0.03787500000000004800 ) ) ;
#2659 = APPROVAL_STATUS ( 'not_yet_approved' ) ;
#2660 = CARTESIAN_POINT ( 'NONE',  ( -0.2681250000000000000, -0.03787500000000006100, 0.01568833867488099800 ) ) ;
#2661 = FACE_OUTER_BOUND ( 'NONE', #1418, .T. ) ;
#2662 = EDGE_CURVE ( 'NONE', #2923, #28, #2033, .T. ) ;
#2663 = ORIENTED_EDGE ( 'NONE', *, *, #2591, .T. ) ;
#2664 = DIRECTION ( 'NONE',  ( -1.131284318818211800E-032, 1.224646799147353200E-016, 1.000000000000000000 ) ) ;
#2665 = CARTESIAN_POINT ( 'NONE',  ( -0.02597921650708195900, -0.06050000000000004700, -0.02505992052357225100 ) ) ;
#2666 = VECTOR ( 'NONE', #1080, 39.37007874015748100 ) ;
#2667 = CALENDAR_DATE ( 2025, 29, 1 ) ;
#2668 = ORIENTED_EDGE ( 'NONE', *, *, #492, .F. ) ;
#2669 = CARTESIAN_POINT ( 'NONE',  ( 0.1975000000000000900, 8.827730861619651600E-018, -0.03787500000000004100 ) ) ;
#2670 = VERTEX_POINT ( 'NONE', #3270 ) ;
#2671 = CARTESIAN_POINT ( 'NONE',  ( -0.1681250000000000000, -0.03787500000000005400, 0.01568833867488099800 ) ) ;
#2672 = CARTESIAN_POINT ( 'NONE',  ( 0.03387490031916943300, 0.02678166933744051800, 0.02678166933744051400 ) ) ;
#2673 = TOROIDAL_SURFACE ( 'NONE', #440, 0.05885000000000002700, 0.007200000000000041400 ) ;
#2674 = CARTESIAN_POINT ( 'NONE',  ( -0.1853542165070819500, -0.04277996026178615400, 0.04277996026178614000 ) ) ;
#2675 = FACE_OUTER_BOUND ( 'NONE', #5009, .T. ) ;
#2676 = EDGE_CURVE ( 'NONE', #1920, #616, #3890, .T. ) ;
#2677 = CARTESIAN_POINT ( 'NONE',  ( 0.001104116826251300300, 0.02505992052357226100, 0.06050000000000001900 ) ) ;
#2678 = CARTESIAN_POINT ( 'NONE',  ( -0.2924139065304058300, 0.02842320836654258600, 0.02842320836654260700 ) ) ;
#2679 = CARTESIAN_POINT ( 'NONE',  ( -0.1262111931504248400, -1.912475590846384800E-017, -0.04019648675812097900 ) ) ;
#2680 = CLOSED_SHELL ( 'NONE', ( #4596, #5016, #1282, #559, #2164, #2910, #15, #2492, #909, #3347, #1744, #2959, #1683, #4187, #4163, #3733, #445, #4627, #515, #2603, #1326, #964, #819, #470, #1349, #1701, #4971, #3790, #2561, #2138, #5029, #491, #3358, #2547, #2089, #1362, #3371, #1757, #100, #2112, #3333, #4133, #3015, #3779, #4499, #3304, #3709, #2933, #3415, #854, #2576, #2126, #4212, #5041, #4947, #529, #1336, #3389, #5004, #1621, #4612, #5061, #4540, #2986, #45, #1718, #4566, #71, #3403, #502, #84, #882, #1258, #3268, #3805, #116, #4238, #937, #2870, #3816, #4647 ) ) ;
#2681 = CARTESIAN_POINT ( 'NONE',  ( -0.1916042165070819500, -1.359676981044803000E-017, 0.06050000000000001900 ) ) ;
#2682 = CARTESIAN_POINT ( 'NONE',  ( -0.2355861931504248900, -0.04019648675812100000, -0.01664992997496422500 ) ) ;
#2683 = CARTESIAN_POINT ( 'NONE',  ( -0.2661250996808305900, 0.02678166933744049300, 0.02678166933744051400 ) ) ;
#2684 = APPROVAL_ROLE ( '' ) ;
#2685 = ORIENTED_EDGE ( 'NONE', *, *, #3605, .T. ) ;
#2686 = AXIS2_PLACEMENT_3D ( 'NONE', #2818, #2010, #4879 ) ;
#2687 = DIRECTION ( 'NONE',  ( 0.0000000000000000000, 1.000000000000000000, 0.0000000000000000000 ) ) ;
#2688 = CARTESIAN_POINT ( 'NONE',  ( 0.1956000000000001100, 4.485796766876815000E-017, 0.0000000000000000000 ) ) ;
#2689 = DIRECTION ( 'NONE',  ( -1.000000000000000000, -0.0000000000000000000, -0.0000000000000000000 ) ) ;
#2690 = EDGE_CURVE ( 'NONE', #4886, #4318, #5109, .T. ) ;
#2691 = CARTESIAN_POINT ( 'NONE',  ( -0.1587499999999999700, -0.02678166933744053500, -0.02678166933744051400 ) ) ;
#2692 = CARTESIAN_POINT ( 'NONE',  ( -0.003625099680830579100, -0.02678166933744051800, 0.02678166933744051800 ) ) ;
#2693 = CARTESIAN_POINT ( 'NONE',  ( -0.1666042165070819600, -2.628917859579758800E-017, -0.06050000000000001900 ) ) ;
#2694 = CARTESIAN_POINT ( 'NONE',  ( -0.1012111931504248400, -7.153638655070075800E-018, 0.04019648675812097900 ) ) ;
#2695 = CARTESIAN_POINT ( 'NONE',  ( -0.1580389065304058100, 0.01664992997496423900, -0.04019648675812097900 ) ) ;
#2696 = CARTESIAN_POINT ( 'NONE',  ( 0.1644138068495751800, -0.04019648675812097200, -0.01664992997496422500 ) ) ;
#2697 = CARTESIAN_POINT ( 'NONE',  ( -0.2900393700787401400, 0.04242653328065313500, -0.01978381737773645900 ) ) ;
#2698 = CARTESIAN_POINT ( 'NONE',  ( 0.2182499003191694400, 0.01568833867488102200, -0.03787500000000004100 ) ) ;
#2699 = CARTESIAN_POINT ( 'NONE',  ( -0.1411250996808306200, -0.02678166933744053500, -0.02678166933744051400 ) ) ;
#2700 = EDGE_CURVE ( 'NONE', #4237, #2270, #947, .T. ) ;
#2701 = EDGE_LOOP ( 'NONE', ( #774, #4074, #1148, #4737 ) ) ;
#2702 = CARTESIAN_POINT ( 'NONE',  ( 0.2874553266340769100, -0.01064171080908287400, 0.04792522506905766400 ) ) ;
#2703 = CARTESIAN_POINT ( 'NONE',  ( -0.2899999999999998700, 0.01565877553513588700, 0.04175057549781964500 ) ) ;
#2704 = EDGE_LOOP ( 'NONE', ( #3704, #1032, #3368, #3034 ) ) ;
#2705 = CARTESIAN_POINT ( 'NONE',  ( 0.1386041168262513400, 0.06050000000000001200, -0.02505992052357230000 ) ) ;
#2706 = ORIENTED_EDGE ( 'NONE', *, *, #1084, .T. ) ;
#2707 = CARTESIAN_POINT ( 'NONE',  ( -0.1306249999999999900, 0.01568833867488098400, 0.03787500000000004800 ) ) ;
#2708 = CARTESIAN_POINT ( 'NONE',  ( -0.1728542165070819400, -0.04277996026178616100, -0.04277996026178614000 ) ) ;
#2709 = CARTESIAN_POINT ( 'NONE',  ( -0.1512111931504248600, -1.140527362373689800E-017, 0.04019648675812097900 ) ) ;
#2710 = CARTESIAN_POINT ( 'NONE',  ( -0.1486639065304058100, 0.04019648675812097200, 0.0000000000000000000 ) ) ;
#2711 = CARTESIAN_POINT ( 'NONE',  ( 0.1300388068495751400, 0.02842320836654261100, -0.02842320836654261100 ) ) ;
#2712 = DIRECTION ( 'NONE',  ( -1.000000000000000000, -0.0000000000000000000, -0.0000000000000000000 ) ) ;
#2713 = CARTESIAN_POINT ( 'NONE',  ( -0.1887111931504248400, -0.04019648675812099300, 4.922649884530182800E-018 ) ) ;
#2714 = ORIENTED_EDGE ( 'NONE', *, *, #4300, .T. ) ;
#2715 = CARTESIAN_POINT ( 'NONE',  ( -0.01300009968083060000, 0.01568833867488099400, 0.03787500000000004800 ) ) ;
#2716 = AXIS2_PLACEMENT_3D ( 'NONE', #3221, #3591, #767 ) ;
#2717 = CARTESIAN_POINT ( 'NONE',  ( -0.2899999999999999800, 0.0000000000000000000, 0.0000000000000000000 ) ) ;
#2718 =( BOUNDED_CURVE ( )  B_SPLINE_CURVE ( 2, ( #258, #290, #3581, #1904, #734, #4841, #2306, #324, #4018 ),
 .UNSPECIFIED., .F., .F. ) 
 B_SPLINE_CURVE_WITH_KNOTS ( ( 3, 2, 2, 2, 3 ),
 ( 0.5681818181818182300, 0.5795454545454545900, 0.5909090909090909400, 0.6022727272727272900, 0.6136363636363636500 ),
 .UNSPECIFIED. ) 
 CURVE ( )  GEOMETRIC_REPRESENTATION_ITEM ( )  RATIONAL_B_SPLINE_CURVE ( ( 1.000000000000000000, 0.9238795325112867400, 1.000000000000000000, 0.9238795325112867400, 1.000000000000000000, 0.9238795325112867400, 1.000000000000000000, 0.9238795325112867400, 1.000000000000000000 ) ) 
 REPRESENTATION_ITEM ( '' )  );
#2719 = DIMENSIONAL_EXPONENTS ( 1.000000000000000000, 0.0000000000000000000, 0.0000000000000000000, 0.0000000000000000000, 0.0000000000000000000, 0.0000000000000000000, 0.0000000000000000000 ) ;
#2720 = CARTESIAN_POINT ( 'NONE',  ( -0.2900393700787401400, -0.004662832236999806500, -0.05329641634790840300 ) ) ;
#2721 = LINE ( 'NONE', #4286, #3301 ) ;
#2722 = CARTESIAN_POINT ( 'NONE',  ( -0.1618749999999999600, -0.03787500000000006100, -0.01568833867488098400 ) ) ;
#2723 = CARTESIAN_POINT ( 'NONE',  ( 0.1369999003191694800, 0.01568833867488101200, 0.03787500000000004800 ) ) ;
#2724 = CARTESIAN_POINT ( 'NONE',  ( 0.004229116826251284200, 3.055467150163691900E-018, 0.06050000000000001900 ) ) ;
#2725 = CARTESIAN_POINT ( 'NONE',  ( -0.1605861931504248300, 0.04019648675812097200, 0.01664992997496423500 ) ) ;
#2726 = CARTESIAN_POINT ( 'NONE',  ( -0.09866390653040579800, 0.04019648675812097200, 0.0000000000000000000 ) ) ;
#2727 = CARTESIAN_POINT ( 'NONE',  ( -0.3051458831737487400, 0.06049999999999999100, 0.02505992052357226100 ) ) ;
#2728 = CARTESIAN_POINT ( 'NONE',  ( 0.1540833831737447300, 6.054006920698422100E-014, 0.05995611460450113500 ) ) ;
#2729 = CARTESIAN_POINT ( 'NONE',  ( 0.1651249003191694300, 6.074788743277777200E-018, -0.03787500000000004100 ) ) ;
#2730 = CARTESIAN_POINT ( 'NONE',  ( -0.07862509968083060400, 0.02678166933744050000, -0.02678166933744052400 ) ) ;
#2731 = CYLINDRICAL_SURFACE ( 'NONE', #3436, 0.006687499999999999900 ) ;
#2732 = VERTEX_POINT ( 'NONE', #860 ) ;
#2733 = LENGTH_MEASURE_WITH_UNIT ( LENGTH_MEASURE( 0.02539999999999999900 ), #4963 );
#2734 = ORIENTED_EDGE ( 'NONE', *, *, #1866, .T. ) ;
#2735 = CARTESIAN_POINT ( 'NONE',  ( 0.2847906303669597800, -0.01217696386140363800, -0.04283609478980459500 ) ) ;
#2736 = ORIENTED_EDGE ( 'NONE', *, *, #2570, .T. ) ;
#2737 = CARTESIAN_POINT ( 'NONE',  ( 0.2575000000000000600, -0.04848746660646079100, -0.02261007700312736200 ) ) ;
#2738 = LINE ( 'NONE', #320, #877 ) ;
#2739 = VERTEX_POINT ( 'NONE', #1682 ) ;
#2740 = CARTESIAN_POINT ( 'NONE',  ( 0.1225000000000000500, 1.172697791216062700E-017, 0.03787500000000004100 ) ) ;
#2741 = CARTESIAN_POINT ( 'NONE',  ( 0.1600000000000001100, -0.02262245262892833100, -0.03037664007180339000 ) ) ;
#2742 = CARTESIAN_POINT ( 'NONE',  ( -0.1166042165070819300, -2.203754362713076500E-017, -0.06050000000000001900 ) ) ;
#2743 = EDGE_CURVE ( 'NONE', #5286, #799, #2307, .T. ) ;
#2744 = CARTESIAN_POINT ( 'NONE',  ( -0.09553890653040580900, 0.04019648675812097900, 0.01664992997496424200 ) ) ;
#2745 = CARTESIAN_POINT ( 'NONE',  ( 0.1144138068495751700, -0.04019648675812097900, -0.01664992997496422500 ) ) ;
#2746 = CARTESIAN_POINT ( 'NONE',  ( -0.2899999999999999800, 0.0000000000000000000, 0.0000000000000000000 ) ) ;
#2747 = CARTESIAN_POINT ( 'NONE',  ( -0.09496119315042483900, -0.02842320836654261100, 0.02842320836654260700 ) ) ;
#2748 = CARTESIAN_POINT ( 'NONE',  ( -0.04425009968083060800, -0.03787500000000004800, -0.01568833867488098400 ) ) ;
#2749 = CARTESIAN_POINT ( 'NONE',  ( 0.1597888101972732800, 0.03652895687303731000, 0.01308967510415240100 ) ) ;
#2750 = AXIS2_PLACEMENT_3D ( 'NONE', #4125, #2094, #2113 ) ;
#2751 = CARTESIAN_POINT ( 'NONE',  ( -0.02389588317374870600, -0.02505992052357230000, -0.06050000000000000500 ) ) ;
#2752 = CARTESIAN_POINT ( 'NONE',  ( 0.2561604172432359100, 0.04837132048071847400, 0.01672078597144299400 ) ) ;
#2753 = CARTESIAN_POINT ( 'NONE',  ( 0.09750000000000005900, 3.244609242860029600E-019, -0.03787500000000004100 ) ) ;
#2754 = CARTESIAN_POINT ( 'NONE',  ( 0.07449990031916942100, 0.03787500000000004100, -0.01568833867488101900 ) ) ;
#2755 = CARTESIAN_POINT ( 'NONE',  ( -0.09785421650708192600, 0.04277996026178613300, 0.04277996026178614000 ) ) ;
#2756 = CARTESIAN_POINT ( 'NONE',  ( -0.2392889065304058300, 0.01664992997496422100, 0.04019648675812098600 ) ) ;
#2757 = ORIENTED_EDGE ( 'NONE', *, *, #357, .T. ) ;
#2758 = CARTESIAN_POINT ( 'NONE',  ( 0.07691380684957516100, 0.01664992997496424900, -0.04019648675812097200 ) ) ;
#2759 = CARTESIAN_POINT ( 'NONE',  ( -0.2900000000000000400, 0.03619919221320210000, 0.01403823777852120800 ) ) ;
#2760 = CARTESIAN_POINT ( 'NONE',  ( 0.005038806849575187800, -0.02842320836654260400, 0.02842320836654260700 ) ) ;
#2761 = CARTESIAN_POINT ( 'NONE',  ( 0.1119999003191694700, -0.01568833867488100800, -0.03787500000000004100 ) ) ;
#2762 = EDGE_CURVE ( 'NONE', #1981, #4666, #278, .T. ) ;
#2763 = CARTESIAN_POINT ( 'NONE',  ( 0.2822779401495811300, 0.04012499999999107100, 1.034096313424943800E-015 ) ) ;
#2764 = CARTESIAN_POINT ( 'NONE',  ( 0.2206638068495752100, -0.01664992997496424200, -0.04019648675812097200 ) ) ;
#2765 = EDGE_LOOP ( 'NONE', ( #4323, #3146, #2278, #3211 ) ) ;
#2766 = DIRECTION ( 'NONE',  ( 0.0000000000000000000, 1.000000000000000000, 0.0000000000000000000 ) ) ;
#2767 = DIRECTION ( 'NONE',  ( 0.0000000000000000000, 0.0000000000000000000, 1.000000000000000000 ) ) ;
#2768 = CARTESIAN_POINT ( 'NONE',  ( 0.2571818314473375300, 0.04911403328074219500, 0.01978381737771077800 ) ) ;
#2769 = EDGE_LOOP ( 'NONE', ( #474, #3539, #1567, #5184 ) ) ;
#2770 = CARTESIAN_POINT ( 'NONE',  ( -0.2900393700787401400, 0.03618360698734928600, -0.03317860443492204300 ) ) ;
#2771 = CARTESIAN_POINT ( 'NONE',  ( 0.07250000000000005100, 7.475342943493799000E-018, 0.03787500000000004100 ) ) ;
#2772 = CARTESIAN_POINT ( 'NONE',  ( 0.06824990031916940100, 0.01568833867488101200, -0.03787500000000004100 ) ) ;
#2773 = CARTESIAN_POINT ( 'NONE',  ( 0.2549553266340770000, -0.03618360698734965400, -0.03317860443492219600 ) ) ;
#2774 = CARTESIAN_POINT ( 'NONE',  ( -0.01741390653040577500, -0.02842320836654261800, -0.02842320836654260700 ) ) ;
#2775 = CARTESIAN_POINT ( 'NONE',  ( -0.2426458831737487200, -0.02505992052357228200, 0.06050000000000001900 ) ) ;
#2776 = CARTESIAN_POINT ( 'NONE',  ( -0.1574611931504248700, 0.02842320836654259300, 0.02842320836654260400 ) ) ;
#2777 = CARTESIAN_POINT ( 'NONE',  ( -0.03487509968083058600, -1.093175113138951500E-017, -0.03787500000000004100 ) ) ;
#2778 = CARTESIAN_POINT ( 'NONE',  ( 0.1595764947102308900, 0.03070608087273464500, 0.02499441371758124800 ) ) ;
#2779 = CARTESIAN_POINT ( 'NONE',  ( 0.2144138068495751700, -0.04019648675812097200, -0.01664992997496422500 ) ) ;
#2780 = CARTESIAN_POINT ( 'NONE',  ( -0.3243750000000000200, -0.01568833867488101900, 0.03787500000000004800 ) ) ;
#2781 = CARTESIAN_POINT ( 'NONE',  ( 0.1302707834929181200, -0.02505992052357228200, -0.06050000000000000500 ) ) ;
#2782 = CARTESIAN_POINT ( 'NONE',  ( 0.2573410074907132600, 0.04905870649917298800, 0.02064226635673801000 ) ) ;
#2783 = VECTOR ( 'NONE', #4891, 39.37007874015748100 ) ;
#2784 = ORIENTED_EDGE ( 'NONE', *, *, #1190, .T. ) ;
#2785 = CARTESIAN_POINT ( 'NONE',  ( -0.2399999999999999600, 0.03787500000000002000, 0.0000000000000000000 ) ) ;
#2786 = CARTESIAN_POINT ( 'NONE',  ( 0.06000000000000004600, 0.03787500000000004800, 0.0000000000000000000 ) ) ;
#2787 = CARTESIAN_POINT ( 'NONE',  ( -0.02702088317374869200, -0.04277996026178614700, -0.04277996026178614000 ) ) ;
#2788 = LINE ( 'NONE', #2472, #4836 ) ;
#2789 = CARTESIAN_POINT ( 'NONE',  ( 0.2900000000000000400, -0.04382463436946106000, -0.03068633934478102000 ) ) ;
#2790 = ORIENTED_EDGE ( 'NONE', *, *, #2202, .T. ) ;
#2791 = EDGE_CURVE ( 'NONE', #2157, #1784, #4084, .T. ) ;
#2792 = CARTESIAN_POINT ( 'NONE',  ( 0.03571109346959421700, -0.01664992997496425900, -0.04019648675812097900 ) ) ;
#2793 = CARTESIAN_POINT ( 'NONE',  ( -0.1801458831737487700, -0.06050000000000006100, -0.02505992052357224700 ) ) ;
#2794 = ORIENTED_EDGE ( 'NONE', *, *, #1833, .F. ) ;
#2795 = CARTESIAN_POINT ( 'NONE',  ( -0.1168361931504248300, 0.04019648675812096500, -0.01664992997496426300 ) ) ;
#2796 = CARTESIAN_POINT ( 'NONE',  ( -0.1892889065304058400, 0.01664992997496422500, 0.04019648675812098600 ) ) ;
#2797 = FACE_OUTER_BOUND ( 'NONE', #2882, .T. ) ;
#2798 = CYLINDRICAL_SURFACE ( 'NONE', #5063, 0.06050000000000002600 ) ;
#2799 = DIRECTION ( 'NONE',  ( -1.000000000000000000, -0.0000000000000000000, -0.0000000000000000000 ) ) ;
#2800 = DIRECTION ( 'NONE',  ( 1.000000000000000000, 9.237637493568399400E-017, -0.0000000000000000000 ) ) ;
#2801 = CARTESIAN_POINT ( 'NONE',  ( -0.2899999999999999800, 0.0000000000000000000, 0.0000000000000000000 ) ) ;
#2802 = CARTESIAN_POINT ( 'NONE',  ( -0.1603542165070819500, 0.04277996026178610600, -0.04277996026178614000 ) ) ;
#2803 = CARTESIAN_POINT ( 'NONE',  ( -0.08639588317374874400, -0.06050000000000002600, 0.02505992052357226500 ) ) ;
#2804 = CARTESIAN_POINT ( 'NONE',  ( 0.2575000000000000600, 0.04848746660646077700, 0.02261007700312736200 ) ) ;
#2805 = ORIENTED_EDGE ( 'NONE', *, *, #3203, .T. ) ;
#2806 = CARTESIAN_POINT ( 'NONE',  ( -0.3368749999999999800, 0.03787500000000001300, 0.01568833867488099400 ) ) ;
#2807 = CARTESIAN_POINT ( 'NONE',  ( 0.1100000000000000600, 0.03787500000000004800, 0.0000000000000000000 ) ) ;
#2808 = CARTESIAN_POINT ( 'NONE',  ( 0.01985411682625127400, -0.06050000000000003300, -0.02505992052357224700 ) ) ;
#2809 = CARTESIAN_POINT ( 'NONE',  ( 0.2896818314476152200, 0.04911403328151015700, 0.01978381737729290000 ) ) ;
#2810 = CARTESIAN_POINT ( 'NONE',  ( 0.08258609346959418200, -0.02842320836654260700, -0.02842320836654260700 ) ) ;
#2811 = CARTESIAN_POINT ( 'NONE',  ( -0.2207708831737487100, -3.089511647851999300E-017, -0.06050000000000001900 ) ) ;
#2812 =( BOUNDED_CURVE ( )  B_SPLINE_CURVE ( 2, ( #2996, #509, #3046, #1351, #545, #528, #2977, #949, #4220 ),
 .UNSPECIFIED., .F., .F. ) 
 B_SPLINE_CURVE_WITH_KNOTS ( ( 3, 2, 2, 2, 3 ),
 ( 0.6590909090909090600, 0.6704545454545454100, 0.6818181818181817700, 0.6931818181818182300, 0.7045454545454545900 ),
 .UNSPECIFIED. ) 
 CURVE ( )  GEOMETRIC_REPRESENTATION_ITEM ( )  RATIONAL_B_SPLINE_CURVE ( ( 1.000000000000000000, 0.9238795325112867400, 1.000000000000000000, 0.9238795325112867400, 1.000000000000000000, 0.9238795325112867400, 1.000000000000000000, 0.9238795325112867400, 1.000000000000000000 ) ) 
 REPRESENTATION_ITEM ( '' )  );
#2813 = CARTESIAN_POINT ( 'NONE',  ( -0.1105861931504248700, 0.04019648675812097200, 0.01664992997496423500 ) ) ;
#2814 = CARTESIAN_POINT ( 'NONE',  ( -0.01996119315042481700, 0.02842320836654260000, -0.02842320836654261100 ) ) ;
#2815 = CARTESIAN_POINT ( 'NONE',  ( -0.2431249999999999800, 0.03787500000000001300, -0.01568833867488101500 ) ) ;
#2816 = CARTESIAN_POINT ( 'NONE',  ( 0.2151249003191694500, 1.032642371194460500E-017, -0.03787500000000004100 ) ) ;
#2817 = CARTESIAN_POINT ( 'NONE',  ( 0.2498769853744550200, 0.1095000000000000000, 0.0000000000000000000 ) ) ;
#2818 = CARTESIAN_POINT ( 'NONE',  ( 0.2575000000000000600, 0.0000000000000000000, 0.0000000000000000000 ) ) ;
#2819 = CARTESIAN_POINT ( 'NONE',  ( -0.1041042165070819300, 0.06049999999999999100, 0.0000000000000000000 ) ) ;
#2820 = CARTESIAN_POINT ( 'NONE',  ( 0.2503853375920741500, -0.04081840089942113900, 0.005862916724138738700 ) ) ;
#2821 = CARTESIAN_POINT ( 'NONE',  ( 0.08235411682625128100, 0.02505992052357228200, -0.06050000000000001200 ) ) ;
#2822 = ORIENTED_EDGE ( 'NONE', *, *, #3391, .T. ) ;
#2823 = CARTESIAN_POINT ( 'NONE',  ( -0.2712499999999999900, -0.02678166933744053800, 0.02678166933744051800 ) ) ;
#2824 = ORIENTED_EDGE ( 'NONE', *, *, #1214, .F. ) ;
#2825 = CARTESIAN_POINT ( 'NONE',  ( -0.2582708831737486900, 0.06049999999999999100, 0.0000000000000000000 ) ) ;
#2826 = CARTESIAN_POINT ( 'NONE',  ( 0.08860411682625131400, 0.06050000000000000500, -0.02505992052357230000 ) ) ;
#2827 = CARTESIAN_POINT ( 'NONE',  ( 0.2900000000000000400, -0.004662832236999762300, -0.05329641634790842400 ) ) ;
#2828 = CARTESIAN_POINT ( 'NONE',  ( 0.01383609346959419800, 2.629142681808080800E-018, 0.04019648675812098600 ) ) ;
#2829 = CARTESIAN_POINT ( 'NONE',  ( -0.1113958831737487000, 0.06049999999999999100, -0.02505992052357230000 ) ) ;
#2830 = CARTESIAN_POINT ( 'NONE',  ( -0.2728542165070819700, -0.04277996026178616100, -0.04277996026178613300 ) ) ;
#2831 = CARTESIAN_POINT ( 'NONE',  ( -0.2324611931504248800, -0.02842320836654262800, -0.02842320836654260400 ) ) ;
#2832 = CARTESIAN_POINT ( 'NONE',  ( 0.1269138068495751500, 0.01664992997496425300, -0.04019648675812097200 ) ) ;
#2833 = VERTEX_POINT ( 'NONE', #3656 ) ;
#2834 = CARTESIAN_POINT ( 'NONE',  ( 0.2556686269650094700, -0.04784122098265672400, 0.01563376867153812000 ) ) ;
#2835 = EDGE_CURVE ( 'NONE', #4586, #3309, #618, .T. ) ;
#2836 = CARTESIAN_POINT ( 'NONE',  ( 0.2876524651320108700, -0.04710238268752761600, 0.01500269945676521000 ) ) ;
#2837 = CARTESIAN_POINT ( 'NONE',  ( 0.2899451667319841700, -0.04294462094461860100, -0.03175345563064305200 ) ) ;
#2838 = CARTESIAN_POINT ( 'NONE',  ( 0.1550388068495751600, -0.02842320836654259000, 0.02842320836654260700 ) ) ;
#2839 = DESIGN_CONTEXT ( 'detailed design', #3108, 'design' ) ;
#2840 = ORIENTED_EDGE ( 'NONE', *, *, #3927, .T. ) ;
#2841 = DIRECTION ( 'NONE',  ( -1.000000000000000000, -0.0000000000000000000, -0.0000000000000000000 ) ) ;
#2842 = CARTESIAN_POINT ( 'NONE',  ( -0.08222921650708194000, -0.06050000000000001900, 0.02505992052357226100 ) ) ;
#2843 = CARTESIAN_POINT ( 'NONE',  ( -0.3223750996808306100, 0.03787500000000001300, 0.0000000000000000000 ) ) ;
#2844 = CARTESIAN_POINT ( 'NONE',  ( 0.2522999957979616400, 0.01216811906028555400, 0.04285511621112728100 ) ) ;
#2845 = CARTESIAN_POINT ( 'NONE',  ( 0.2874553266340768600, 0.04682531779643218900, -0.01474662063413559300 ) ) ;
#2846 = EDGE_CURVE ( 'NONE', #98, #2670, #3043, .T. ) ;
#2847 = CARTESIAN_POINT ( 'NONE',  ( -0.3150000000000000000, -0.03787500000000006800, 4.638349751770605400E-018 ) ) ;
#2848 = CARTESIAN_POINT ( 'NONE',  ( -0.2900000000000000400, -0.04005057268792349600, 0.003057744364207899800 ) ) ;
#2849 = CARTESIAN_POINT ( 'NONE',  ( 0.1229791168262512800, -0.04277996026178614000, -0.04277996026178614000 ) ) ;
#2850 = CARTESIAN_POINT ( 'NONE',  ( -0.1634792165070819100, 0.02505992052357236200, -0.06049999999999990100 ) ) ;
#2851 = CARTESIAN_POINT ( 'NONE',  ( 0.1169610934695942100, -0.01664992997496422500, 0.04019648675812098600 ) ) ;
#2852 = CARTESIAN_POINT ( 'NONE',  ( -0.1613958831737487000, 0.06049999999999998400, -0.02505992052357230000 ) ) ;
#2853 = CARTESIAN_POINT ( 'NONE',  ( -0.2791042165070819500, -0.06050000000000003300, 7.409113134841487400E-018 ) ) ;
#2854 = CARTESIAN_POINT ( 'NONE',  ( -0.01996119315042481700, 0.02842320836654260000, -0.02842320836654261100 ) ) ;
#2855 = CARTESIAN_POINT ( 'NONE',  ( 0.03628880684957516000, 0.04019648675812097900, 0.0000000000000000000 ) ) ;
#2856 = CARTESIAN_POINT ( 'NONE',  ( 0.1401249003191694400, 1.322567076248558200E-017, 0.03787500000000004100 ) ) ;
#2857 = LINE ( 'NONE', #2770, #2596 ) ;
#2858 = AXIS2_PLACEMENT_3D ( 'NONE', #956, #2564, #5141 ) ;
#2859 = CARTESIAN_POINT ( 'NONE',  ( -0.08847921650708194500, -0.02505992052357226500, 0.06050000000000001900 ) ) ;
#2860 = CARTESIAN_POINT ( 'NONE',  ( 0.2900000000000000400, 9.715098770946713200E-018, 0.0000000000000000000 ) ) ;
#2861 = CARTESIAN_POINT ( 'NONE',  ( -0.2712499999999999900, -0.02678166933744053800, 0.02678166933744051800 ) ) ;
#2862 = CARTESIAN_POINT ( 'NONE',  ( -0.2900393700787401400, -0.03618360698734942500, 0.03317860443492202900 ) ) ;
#2863 = CARTESIAN_POINT ( 'NONE',  ( 0.1394138068495751600, 0.04019648675812099300, 0.01664992997496423500 ) ) ;
#2864 = CARTESIAN_POINT ( 'NONE',  ( -0.1478542165070819400, 0.04277996026178611900, 0.04277996026178613300 ) ) ;
#2865 = CARTESIAN_POINT ( 'NONE',  ( -0.2880000996808306200, -0.01568833867488104000, -0.03787500000000004100 ) ) ;
#2866 = CARTESIAN_POINT ( 'NONE',  ( 0.2550874181506270200, 0.04701222515261519600, 0.01491452697009712700 ) ) ;
#2867 = ORIENTED_EDGE ( 'NONE', *, *, #2392, .T. ) ;
#2868 = CIRCLE ( 'NONE', #4015, 0.05350000000000004100 ) ;
#2869 = CARTESIAN_POINT ( 'NONE',  ( 0.2100000000000000800, 4.618818746784199700E-017, 0.0000000000000000000 ) ) ;
#2870 = ADVANCED_FACE ( 'NONE', ( #4927 ), #5225, .F. ) ;
#2871 = VECTOR ( 'NONE', #4889, 39.37007874015748100 ) ;
#2872 = ORIENTED_EDGE ( 'NONE', *, *, #2039, .F. ) ;
#2873 = CARTESIAN_POINT ( 'NONE',  ( -0.2431249999999999800, 0.03787500000000001300, -0.01568833867488101500 ) ) ;
#2874 = CARTESIAN_POINT ( 'NONE',  ( 0.05735411682625127900, -0.02505992052357225100, 0.06050000000000001900 ) ) ;
#2875 = CARTESIAN_POINT ( 'NONE',  ( -0.1416042165070819400, -9.345134841781206100E-018, 0.06050000000000001900 ) ) ;
#2876 = EDGE_CURVE ( 'NONE', #842, #3096, #4011, .T. ) ;
#2877 = CC_DESIGN_APPROVAL ( #1551, ( #4584 ) ) ;
#2878 = CARTESIAN_POINT ( 'NONE',  ( -0.1580389065304058100, 0.01664992997496423900, -0.04019648675812097900 ) ) ;
#2879 = CARTESIAN_POINT ( 'NONE',  ( 0.008163806849575171500, -0.04019648675812097900, 0.01664992997496424200 ) ) ;
#2880 = CARTESIAN_POINT ( 'NONE',  ( -0.02933619315042483900, -0.01664992997496426300, -0.04019648675812097200 ) ) ;
#2881 = CARTESIAN_POINT ( 'NONE',  ( 0.1425388068495751500, 0.02842320836654262100, 0.02842320836654260400 ) ) ;
#2882 = EDGE_LOOP ( 'NONE', ( #3198, #219, #304, #1672, #3691 ) ) ;
#2883 = CARTESIAN_POINT ( 'NONE',  ( 0.2822779401495890700, -0.04012500000000029200, -0.002929816085293295400 ) ) ;
#2884 = CARTESIAN_POINT ( 'NONE',  ( -0.2238958831737487300, -0.02505992052357226500, -0.06050000000000005400 ) ) ;
#2885 = CARTESIAN_POINT ( 'NONE',  ( 0.1019138068495751600, -0.01664992997496422500, 0.04019648675812097900 ) ) ;
#2886 = CARTESIAN_POINT ( 'NONE',  ( -0.2416042165070819400, -1.784840477911485500E-017, 0.06050000000000001200 ) ) ;
#2887 = CARTESIAN_POINT ( 'NONE',  ( -0.3005000996808306300, -0.03787500000000006800, 0.01568833867488099800 ) ) ;
#2888 = CARTESIAN_POINT ( 'NONE',  ( -0.1181249999999999800, -0.03787500000000004800, 0.01568833867488099800 ) ) ;
#2889 = CARTESIAN_POINT ( 'NONE',  ( -0.2899999999999998700, -0.03888763960762350900, -0.007550542102185296200 ) ) ;
#2890 = CARTESIAN_POINT ( 'NONE',  ( 0.1698541168262512900, -0.06050000000000001900, -0.02505992052357224700 ) ) ;
#2891 =( BOUNDED_SURFACE ( )  B_SPLINE_SURFACE ( 1, 2, ( 
 ( #3751, #5030, #918, #110, #1329, #1307, #4213, #3341, #3809, #2987, #3008, #4972, #72, #503, #2950, #126, #1762, #899, #2567, #1727, #4635, #483, #2165, #4180, #883, #2934, #958, #2524, #4164, #4617, #521, #3398, #938, #3825, #1745, #1293, #2586, #4144, #536, #3359, #1709, #3378, #2148, #4995, #3774, #4193, #2510, #5048, #1684, #4574, #4597, #51, #2130, #5011, #2548, #3791, #89, #2969, #157, #1826, #2679, #4694, #203, #5070, #627, #3481, #3465, #1382, #2604, #5143, #577, #3022, #5128, #1039, #2229, #4279, #4245, #1846, #2195, #3892, #2622, #2655, #1402, #5088, #3859, #973, #3039, #1432, #3452, #609, #141, #987, #192, #4295, #560, #4711, #593, #2181, #1783, #1798, #3091, #3499, #2248, #4648, #3076, #176, #4262, #3844, #1024, #1811, #4678, #2217, #4665, #1363, #4228, #3430, #5104, #3057, #2638, #1008, #3875, #1419, #2264, #704, #5158, #2758, #1484, #1053, #3519, #4776, #674, #5203, #1087, #1074, #3967, #3105, #3559, #2745, #283, #4730, #5171, #251, #2711, #5219, #1099, #654, #2313, #4344, #4375, #236, #1517, #3936, #642, #2696, #3165, #2285, #3920, #4360, #264, #3153, #691, #3573, #1500, #1468, #2330, #3904, #1452, #3123, #222, #3138, #1911, #4743, #3532, #3953, #4310, #1925, #4792 ),
 ( #3545, #2727, #1862, #4331, #1876, #1896, #4759, #2298, #5189, #4395, #4411, #1943, #1137, #3649, #337, #314, #766, #5240, #1531, #744, #2002, #2775, #2384, #1172, #4851, #4005, #298, #5277, #2811, #3184, #1966, #1588, #2407, #5320, #2366, #3220, #720, #3607, #3264, #1196, #3632, #2793, #5257, #384, #2347, #4828, #4452, #2852, #4045, #3199, #3590, #4063, #1566, #1546, #4872, #1153, #3985, #4025, #4430, #1982, #3242, #5295, #1607, #2829, #4895, #363, #784, #4475, #2022, #2428, #805, #1118, #4810, #3074, #139, #2620, #3216, #2363, #3604, #4492, #3279, #2038, #3236, #1978, #822, #1212, #2018, #3196, #761, #4910, #2787, #1150, #5318, #802, #4425, #4043, #4022, #4848, #1998, #4081, #1561, #2381, #1624, #311, #5273, #2808, #360, #1543, #399, #1134, #1603, #2444, #5254, #4446, #2404, #3629, #5338, #2874, #4868, #3666, #1169, #3999, #5292, #331, #4890, #741, #1584, #2826, #780, #4407, #3645, #3260, #1962, #1193, #4059, #4472, #4824, #2424, #2849, #380, #889, #2919, #2907, #3332, #2462, #4100, #3317, #4564, #4, #4964, #3742, #2086, #1247, #2890, #2500, #43, #421, #4530, #4152, #4982, #2536, #4945, #453, #3298, #852, #495, #3761, #874, #21, #2483, #2957, #4930, #1661, #1693, #79, #1280, #436 ) ),
 .UNSPECIFIED., .F., .F., .F. ) 
 B_SPLINE_SURFACE_WITH_KNOTS ( ( 2, 2 ),
 ( 3, 2, 2, 2, 2, 2, 2, 2, 2, 2, 2, 2, 2, 2, 2, 2, 2, 2, 2, 2, 2, 2, 2, 2, 2, 2, 2, 2, 2, 2, 2, 2, 2, 2, 2, 2, 2, 2, 2, 2, 2, 2, 2, 2, 2, 2, 2, 2, 2, 2, 2, 2, 2, 2, 2, 2, 2, 2, 2, 2, 2, 2, 2, 2, 2, 2, 2, 2, 2, 2, 2, 2, 2, 2, 2, 2, 2, 2, 2, 2, 2, 2, 2, 2, 2, 2, 2, 2, 3 ),
 ( 0.0000000000000000000, 1.000000000000000000 ),
 ( 0.0000000000000000000, 0.01136363636363636400, 0.02272727272727272800, 0.03409090909090908800, 0.04545454545454545600, 0.05681818181818181600, 0.06818181818181817700, 0.07954545454545454400, 0.09090909090909091200, 0.1022727272727272800, 0.1136363636363636300, 0.1250000000000000000, 0.1363636363636363500, 0.1477272727272727300, 0.1590909090909090900, 0.1704545454545454400, 0.1818181818181818200, 0.1931818181818181800, 0.2045454545454545600, 0.2159090909090909100, 0.2272727272727272700, 0.2386363636363636500, 0.2500000000000000000, 0.2613636363636363500, 0.2727272727272727100, 0.2840909090909091200, 0.2954545454545454700, 0.3068181818181818200, 0.3181818181818181800, 0.3295454545454545300, 0.3409090909090908800, 0.3522727272727272900, 0.3636363636363636500, 0.3750000000000000000, 0.3863636363636363500, 0.3977272727272727100, 0.4090909090909091200, 0.4204545454545454700, 0.4318181818181818200, 0.4431818181818181800, 0.4545454545454545300, 0.4659090909090908800, 0.4772727272727272900, 0.4886363636363636500, 0.5000000000000000000, 0.5113636363636363500, 0.5227272727272727100, 0.5340909090909090600, 0.5454545454545454100, 0.5568181818181817700, 0.5681818181818182300, 0.5795454545454545900, 0.5909090909090909400, 0.6022727272727272900, 0.6136363636363636500, 0.6250000000000000000, 0.6363636363636363500, 0.6477272727272727100, 0.6590909090909090600, 0.6704545454545454100, 0.6818181818181817700, 0.6931818181818182300, 0.7045454545454545900, 0.7159090909090909400, 0.7272727272727272900, 0.7386363636363636500, 0.7500000000000000000, 0.7613636363636363500, 0.7727272727272727100, 0.7840909090909090600, 0.7954545454545454100, 0.8068181818181817700, 0.8181818181818182300, 0.8295454545454545900, 0.8409090909090909400, 0.8522727272727272900, 0.8636363636363636500, 0.8750000000000000000, 0.8863636363636363500, 0.8977272727272727100, 0.9090909090909090600, 0.9204545454545454100, 0.9318181818181817700, 0.9431818181818182300, 0.9545454545454545900, 0.9659090909090909400, 0.9772727272727272900, 0.9886363636363636500, 1.000000000000000000 ),
 .UNSPECIFIED. ) 
 GEOMETRIC_REPRESENTATION_ITEM ( )  RATIONAL_B_SPLINE_SURFACE ( (
 ( 1.000000000000000000, 0.9238795325112867400, 1.000000000000000000, 0.9238795325112867400, 1.000000000000000000, 0.9238795325112867400, 1.000000000000000000, 0.9238795325112867400, 1.000000000000000000, 0.9238795325112867400, 1.000000000000000000, 0.9238795325112867400, 1.000000000000000000, 0.9238795325112867400, 1.000000000000000000, 0.9238795325112867400, 1.000000000000000000, 0.9238795325112867400, 1.000000000000000000, 0.9238795325112867400, 1.000000000000000000, 0.9238795325112867400, 1.000000000000000000, 0.9238795325112867400, 1.000000000000000000, 0.9238795325112867400, 1.000000000000000000, 0.9238795325112867400, 1.000000000000000000, 0.9238795325112867400, 1.000000000000000000, 0.9238795325112867400, 1.000000000000000000, 0.9238795325112867400, 1.000000000000000000, 0.9238795325112867400, 1.000000000000000000, 0.9238795325112867400, 1.000000000000000000, 0.9238795325112867400, 1.000000000000000000, 0.9238795325112867400, 1.000000000000000000, 0.9238795325112867400, 1.000000000000000000, 0.9238795325112867400, 1.000000000000000000, 0.9238795325112867400, 1.000000000000000000, 0.9238795325112867400, 1.000000000000000000, 0.9238795325112867400, 1.000000000000000000, 0.9238795325112867400, 1.000000000000000000, 0.9238795325112867400, 1.000000000000000000, 0.9238795325112867400, 1.000000000000000000, 0.9238795325112867400, 1.000000000000000000, 0.9238795325112867400, 1.000000000000000000, 0.9238795325112867400, 1.000000000000000000, 0.9238795325112867400, 1.000000000000000000, 0.9238795325112867400, 1.000000000000000000, 0.9238795325112867400, 1.000000000000000000, 0.9238795325112867400, 1.000000000000000000, 0.9238795325112867400, 1.000000000000000000, 0.9238795325112867400, 1.000000000000000000, 0.9238795325112867400, 1.000000000000000000, 0.9238795325112867400, 1.000000000000000000, 0.9238795325112867400, 1.000000000000000000, 0.9238795325112867400, 1.000000000000000000, 0.9238795325112867400, 1.000000000000000000, 0.9238795325112867400, 1.000000000000000000, 0.9238795325112867400, 1.000000000000000000, 0.9238795325112867400, 1.000000000000000000, 0.9238795325112867400, 1.000000000000000000, 0.9238795325112867400, 1.000000000000000000, 0.9238795325112867400, 1.000000000000000000, 0.9238795325112867400, 1.000000000000000000, 0.9238795325112867400, 1.000000000000000000, 0.9238795325112867400, 1.000000000000000000, 0.9238795325112867400, 1.000000000000000000, 0.9238795325112867400, 1.000000000000000000, 0.9238795325112867400, 1.000000000000000000, 0.9238795325112867400, 1.000000000000000000, 0.9238795325112867400, 1.000000000000000000, 0.9238795325112867400, 1.000000000000000000, 0.9238795325112867400, 1.000000000000000000, 0.9238795325112867400, 1.000000000000000000, 0.9238795325112867400, 1.000000000000000000, 0.9238795325112867400, 1.000000000000000000, 0.9238795325112867400, 1.000000000000000000, 0.9238795325112867400, 1.000000000000000000, 0.9238795325112867400, 1.000000000000000000, 0.9238795325112867400, 1.000000000000000000, 0.9238795325112867400, 1.000000000000000000, 0.9238795325112867400, 1.000000000000000000, 0.9238795325112867400, 1.000000000000000000, 0.9238795325112867400, 1.000000000000000000, 0.9238795325112867400, 1.000000000000000000, 0.9238795325112867400, 1.000000000000000000, 0.9238795325112867400, 1.000000000000000000, 0.9238795325112867400, 1.000000000000000000, 0.9238795325112867400, 1.000000000000000000, 0.9238795325112867400, 1.000000000000000000, 0.9238795325112867400, 1.000000000000000000, 0.9238795325112867400, 1.000000000000000000, 0.9238795325112867400, 1.000000000000000000, 0.9238795325112867400, 1.000000000000000000, 0.9238795325112867400, 1.000000000000000000, 0.9238795325112867400, 1.000000000000000000, 0.9238795325112867400, 1.000000000000000000, 0.9238795325112867400, 1.000000000000000000, 0.9238795325112867400, 1.000000000000000000, 0.9238795325112867400, 1.000000000000000000, 0.9238795325112867400, 1.000000000000000000, 0.9238795325112867400, 1.000000000000000000),
 ( 1.000000000000000000, 0.9238795325112867400, 1.000000000000000000, 0.9238795325112867400, 1.000000000000000000, 0.9238795325112867400, 1.000000000000000000, 0.9238795325112867400, 1.000000000000000000, 0.9238795325112867400, 1.000000000000000000, 0.9238795325112867400, 1.000000000000000000, 0.9238795325112867400, 1.000000000000000000, 0.9238795325112867400, 1.000000000000000000, 0.9238795325112867400, 1.000000000000000000, 0.9238795325112867400, 1.000000000000000000, 0.9238795325112867400, 1.000000000000000000, 0.9238795325112867400, 1.000000000000000000, 0.9238795325112867400, 1.000000000000000000, 0.9238795325112867400, 1.000000000000000000, 0.9238795325112867400, 1.000000000000000000, 0.9238795325112867400, 1.000000000000000000, 0.9238795325112867400, 1.000000000000000000, 0.9238795325112867400, 1.000000000000000000, 0.9238795325112867400, 1.000000000000000000, 0.9238795325112867400, 1.000000000000000000, 0.9238795325112867400, 1.000000000000000000, 0.9238795325112867400, 1.000000000000000000, 0.9238795325112867400, 1.000000000000000000, 0.9238795325112867400, 1.000000000000000000, 0.9238795325112867400, 1.000000000000000000, 0.9238795325112867400, 1.000000000000000000, 0.9238795325112867400, 1.000000000000000000, 0.9238795325112867400, 1.000000000000000000, 0.9238795325112867400, 1.000000000000000000, 0.9238795325112867400, 1.000000000000000000, 0.9238795325112867400, 1.000000000000000000, 0.9238795325112867400, 1.000000000000000000, 0.9238795325112867400, 1.000000000000000000, 0.9238795325112867400, 1.000000000000000000, 0.9238795325112867400, 1.000000000000000000, 0.9238795325112867400, 1.000000000000000000, 0.9238795325112867400, 1.000000000000000000, 0.9238795325112867400, 1.000000000000000000, 0.9238795325112867400, 1.000000000000000000, 0.9238795325112867400, 1.000000000000000000, 0.9238795325112867400, 1.000000000000000000, 0.9238795325112867400, 1.000000000000000000, 0.9238795325112867400, 1.000000000000000000, 0.9238795325112867400, 1.000000000000000000, 0.9238795325112867400, 1.000000000000000000, 0.9238795325112867400, 1.000000000000000000, 0.9238795325112867400, 1.000000000000000000, 0.9238795325112867400, 1.000000000000000000, 0.9238795325112867400, 1.000000000000000000, 0.9238795325112867400, 1.000000000000000000, 0.9238795325112867400, 1.000000000000000000, 0.9238795325112867400, 1.000000000000000000, 0.9238795325112867400, 1.000000000000000000, 0.9238795325112867400, 1.000000000000000000, 0.9238795325112867400, 1.000000000000000000, 0.9238795325112867400, 1.000000000000000000, 0.9238795325112867400, 1.000000000000000000, 0.9238795325112867400, 1.000000000000000000, 0.9238795325112867400, 1.000000000000000000, 0.9238795325112867400, 1.000000000000000000, 0.9238795325112867400, 1.000000000000000000, 0.9238795325112867400, 1.000000000000000000, 0.9238795325112867400, 1.000000000000000000, 0.9238795325112867400, 1.000000000000000000, 0.9238795325112867400, 1.000000000000000000, 0.9238795325112867400, 1.000000000000000000, 0.9238795325112867400, 1.000000000000000000, 0.9238795325112867400, 1.000000000000000000, 0.9238795325112867400, 1.000000000000000000, 0.9238795325112867400, 1.000000000000000000, 0.9238795325112867400, 1.000000000000000000, 0.9238795325112867400, 1.000000000000000000, 0.9238795325112867400, 1.000000000000000000, 0.9238795325112867400, 1.000000000000000000, 0.9238795325112867400, 1.000000000000000000, 0.9238795325112867400, 1.000000000000000000, 0.9238795325112867400, 1.000000000000000000, 0.9238795325112867400, 1.000000000000000000, 0.9238795325112867400, 1.000000000000000000, 0.9238795325112867400, 1.000000000000000000, 0.9238795325112867400, 1.000000000000000000, 0.9238795325112867400, 1.000000000000000000, 0.9238795325112867400, 1.000000000000000000, 0.9238795325112867400, 1.000000000000000000, 0.9238795325112867400, 1.000000000000000000, 0.9238795325112867400, 1.000000000000000000, 0.9238795325112867400, 1.000000000000000000, 0.9238795325112867400, 1.000000000000000000) ) ) 
 REPRESENTATION_ITEM ( '' )  SURFACE ( )  );
#2892 = CARTESIAN_POINT ( 'NONE',  ( 0.2564354778614905700, -0.009348919745454820100, -0.05080519009007258100 ) ) ;
#2893 = CARTESIAN_POINT ( 'NONE',  ( 0.001336093469594194500, 0.04019648675812097900, 0.0000000000000000000 ) ) ;
#2894 = CARTESIAN_POINT ( 'NONE',  ( -0.07437499999999998300, -0.01568833867488099800, 0.03787500000000004800 ) ) ;
#2895 = EDGE_CURVE ( 'NONE', #4572, #4450, #3536, .T. ) ;
#2896 = CARTESIAN_POINT ( 'NONE',  ( -0.2899999999999999200, 0.01076222586204405600, -0.03697496985097551600 ) ) ;
#2897 = CARTESIAN_POINT ( 'NONE',  ( 0.2876530209608806300, -0.03654494795702639700, -0.03329080065217202700 ) ) ;
#2898 = ORIENTED_EDGE ( 'NONE', *, *, #1769, .T. ) ;
#2899 = CARTESIAN_POINT ( 'NONE',  ( 0.1331638068495752100, 0.04019648675812097900, -0.01664992997496426300 ) ) ;
#2900 = CARTESIAN_POINT ( 'NONE',  ( 0.1146457834929180500, -0.04277996026178611900, 0.04277996026178614000 ) ) ;
#2901 = CARTESIAN_POINT ( 'NONE',  ( -0.1380000996808305700, -0.01568833867488102900, -0.03787500000000004100 ) ) ;
#2902 = B_SPLINE_CURVE_WITH_KNOTS ( 'NONE', 3,
 ( #1790, #3387, #168, #3799, #5078, #146 ),
 .UNSPECIFIED., .F., .F.,
 ( 4, 2, 4 ),
 ( 2.275577806709290800E-007, 0.0001149862409236666400, 0.0002297449240666623400 ),
 .UNSPECIFIED. ) ;
#2903 = VERTEX_POINT ( 'NONE', #5068 ) ;
#2904 = CARTESIAN_POINT ( 'NONE',  ( 0.1600000000000000600, 0.0000000000000000000, 0.0000000000000000000 ) ) ;
#2905 = CARTESIAN_POINT ( 'NONE',  ( -0.01499999999999997700, -0.03787500000000004800, 4.638349751770605400E-018 ) ) ;
#2906 = CARTESIAN_POINT ( 'NONE',  ( 0.04797911682625132700, 0.04277996026178614700, 0.04277996026178614000 ) ) ;
#2907 = CARTESIAN_POINT ( 'NONE',  ( 0.1354791168262512700, 0.04277996026178614000, -0.04277996026178614700 ) ) ;
#2908 = CARTESIAN_POINT ( 'NONE',  ( 0.2549553266340769400, -0.03618360698734936200, 0.03317860443492202200 ) ) ;
#2909 = ORIENTED_EDGE ( 'NONE', *, *, #631, .F. ) ;
#2910 = ADVANCED_FACE ( 'NONE', ( #3833 ), #2269, .F. ) ;
#2911 = CARTESIAN_POINT ( 'NONE',  ( -0.08616390653040580100, -5.874127255525563500E-018, 0.04019648675812098600 ) ) ;
#2912 = CARTESIAN_POINT ( 'NONE',  ( -0.1024999999999999700, -1.668207895038129400E-017, -0.03787500000000004100 ) ) ;
#2913 = CARTESIAN_POINT ( 'NONE',  ( -0.2899999999999999200, -0.01022995155558002200, -0.03663398163930669400 ) ) ;
#2914 = CARTESIAN_POINT ( 'NONE',  ( 0.2874553266340769100, -0.03618360698734936200, 0.03317860443492202200 ) ) ;
#2915 = CARTESIAN_POINT ( 'NONE',  ( -0.03847921650708196300, -0.02505992052357225400, 0.06050000000000000500 ) ) ;
#2916 = CARTESIAN_POINT ( 'NONE',  ( -0.1661250996808306100, 0.02678166933744050000, 0.02678166933744051400 ) ) ;
#2917 = AXIS2_PLACEMENT_3D ( 'NONE', #1935, #1953, #713 ) ;
#2918 = CARTESIAN_POINT ( 'NONE',  ( -0.1087499999999999700, -0.02678166933744053100, -0.02678166933744051400 ) ) ;
#2919 = CARTESIAN_POINT ( 'NONE',  ( 0.1323541168262513400, 0.02505992052357229300, -0.06050000000000000500 ) ) ;
#2920 = CARTESIAN_POINT ( 'NONE',  ( 0.1600000000000001100, 0.01076222586203275400, -0.03697496985097843000 ) ) ;
#2921 = CYLINDRICAL_SURFACE ( 'NONE', #2716, 0.06050000000000002600 ) ;
#2922 = CARTESIAN_POINT ( 'NONE',  ( -0.08303890653040581200, -0.01664992997496424200, 0.04019648675812098600 ) ) ;
#2923 = VERTEX_POINT ( 'NONE', #67 ) ;
#2924 = CARTESIAN_POINT ( 'NONE',  ( -0.08374999999999996300, 0.02678166933744051100, 0.02678166933744051400 ) ) ;
#2925 = CYLINDRICAL_SURFACE ( 'NONE', #4464, 0.05349999999999999200 ) ;
#2926 = AXIS2_PLACEMENT_3D ( 'NONE', #4789, #3571, #5215 ) ;
#2927 = VERTEX_POINT ( 'NONE', #4992 ) ;
#2928 = CARTESIAN_POINT ( 'NONE',  ( 0.2876530209608805800, 0.03654494795702634100, 0.03329080065217203400 ) ) ;
#2929 = CARTESIAN_POINT ( 'NONE',  ( 0.2860681042851052600, -0.04484959516851770600, 0.01302130027332475500 ) ) ;
#2930 = CARTESIAN_POINT ( 'NONE',  ( 0.2900000000000000400, 3.405572819091469200E-033, 0.0000000000000000000 ) ) ;
#2931 = VERTEX_POINT ( 'NONE', #87 ) ;
#2932 = CARTESIAN_POINT ( 'NONE',  ( 0.03258609346959423500, -0.02842320836654261100, -0.02842320836654260700 ) ) ;
#2933 = ADVANCED_FACE ( 'NONE', ( #4458, #218 ), #1705, .T. ) ;
#2934 = CARTESIAN_POINT ( 'NONE',  ( -0.2355861931504248900, -0.04019648675812100000, -0.01664992997496422500 ) ) ;
#2935 = CARTESIAN_POINT ( 'NONE',  ( 0.02714578349291810500, -0.04277996026178614000, -0.04277996026178613300 ) ) ;
#2936 = CARTESIAN_POINT ( 'NONE',  ( -0.1817500996808305800, 0.01568833867488098700, -0.03787500000000004100 ) ) ;
#2937 = CIRCLE ( 'NONE', #3596, 0.05349999999999999900 ) ;
#2938 = B_SPLINE_CURVE_WITH_KNOTS ( 'NONE', 3,
 ( #1138, #1100, #315, #2759, #4829, #4431, #3200, #705 ),
 .UNSPECIFIED., .F., .F.,
 ( 4, 2, 2, 4 ),
 ( 0.0000000000000000000, 0.0002693255471636506500, 0.0005386510943273013000, 0.001077302188654602600 ),
 .UNSPECIFIED. ) ;
#2939 = CARTESIAN_POINT ( 'NONE',  ( -0.1955389065304058100, 0.04019648675812097200, 0.01664992997496424200 ) ) ;
#2940 = CARTESIAN_POINT ( 'NONE',  ( -0.1149999999999999600, -0.03787500000000005400, 4.638349751770605400E-018 ) ) ;
#2941 = CARTESIAN_POINT ( 'NONE',  ( 0.2575000000000000600, 0.004662832236999696300, -0.05329641634790839600 ) ) ;
#2942 = DIRECTION ( 'NONE',  ( 0.0000000000000000000, 1.000000000000000000, 0.0000000000000000000 ) ) ;
#2943 = DIRECTION ( 'NONE',  ( -1.000000000000000000, -0.0000000000000000000, -0.0000000000000000000 ) ) ;
#2944 = EDGE_CURVE ( 'NONE', #635, #1312, #1242, .T. ) ;
#2945 = CARTESIAN_POINT ( 'NONE',  ( -0.1267889065304058100, -0.04019648675812100000, 0.01664992997496424200 ) ) ;
#2946 = CARTESIAN_POINT ( 'NONE',  ( -0.01812499999999996100, -0.03787500000000004800, 0.01568833867488099800 ) ) ;
#2947 = CARTESIAN_POINT ( 'NONE',  ( 0.2172000000000000900, 0.1095000000000000000, 0.0000000000000000000 ) ) ;
#2948 = CARTESIAN_POINT ( 'NONE',  ( -0.1916042165070819500, -1.359676981044803000E-017, 0.06050000000000001900 ) ) ;
#2949 = CARTESIAN_POINT ( 'NONE',  ( 0.1107110934695942400, 0.01664992997496424900, 0.04019648675812098600 ) ) ;
#2950 = CARTESIAN_POINT ( 'NONE',  ( -0.2699611931504248300, 0.02842320836654257600, -0.02842320836654261100 ) ) ;
#2951 = CARTESIAN_POINT ( 'NONE',  ( 0.03339578349291807300, -9.282638721130292600E-018, -0.06050000000000001200 ) ) ;
#2952 = CARTESIAN_POINT ( 'NONE',  ( -0.09425009968083061800, -0.03787500000000005400, -0.01568833867488098400 ) ) ;
#2953 = CARTESIAN_POINT ( 'NONE',  ( -0.1551458831737486900, 0.06050000000000001200, 0.02505992052357226100 ) ) ;
#2954 = CARTESIAN_POINT ( 'NONE',  ( -0.05562499999999998700, -0.01568833867488102200, -0.03787500000000004100 ) ) ;
#2955 = ORIENTED_EDGE ( 'NONE', *, *, #492, .T. ) ;
#2956 = DIRECTION ( 'NONE',  ( 1.000000000000000000, 9.237637493568399400E-017, -0.0000000000000000000 ) ) ;
#2957 = CARTESIAN_POINT ( 'NONE',  ( 0.2229791168262512900, -0.04277996026178613300, -0.04277996026178614000 ) ) ;
#2958 = DIRECTION ( 'NONE',  ( 0.0000000000000000000, 0.0000000000000000000, 1.000000000000000000 ) ) ;
#2959 = ADVANCED_FACE ( 'NONE', ( #3247 ), #101, .F. ) ;
#2960 = CARTESIAN_POINT ( 'NONE',  ( 0.07946109346959420700, -0.04019648675812099300, -0.01664992997496422800 ) ) ;
#2961 = ORIENTED_EDGE ( 'NONE', *, *, #2015, .T. ) ;
#2962 = CARTESIAN_POINT ( 'NONE',  ( -0.1274999999999999700, -9.531196931173496600E-018, 0.03787500000000004100 ) ) ;
#2963 = EDGE_CURVE ( 'NONE', #3509, #2180, #1187, .T. ) ;
#2964 = DIRECTION ( 'NONE',  ( -1.000000000000000000, -0.0000000000000000000, -0.0000000000000000000 ) ) ;
#2965 = CARTESIAN_POINT ( 'NONE',  ( -0.2536250996808306300, -0.02678166933744053800, 0.02678166933744051800 ) ) ;
#2966 = CARTESIAN_POINT ( 'NONE',  ( 0.2900000000000000400, 0.04848746660646080500, 0.02261007700312738000 ) ) ;
#2967 = CARTESIAN_POINT ( 'NONE',  ( 0.01071109346959421400, 0.01664992997496424200, 0.04019648675812098600 ) ) ;
#2968 = ORIENTED_EDGE ( 'NONE', *, *, #2015, .F. ) ;
#2969 = CARTESIAN_POINT ( 'NONE',  ( -0.1355861931504248600, -0.04019648675812099300, -0.01664992997496422500 ) ) ;
#2970 = CARTESIAN_POINT ( 'NONE',  ( 0.07714578349291804900, -0.04277996026178614000, -0.04277996026178613300 ) ) ;
#2971 = CARTESIAN_POINT ( 'NONE',  ( -0.2348750996808306200, -2.793829100605681100E-017, -0.03787500000000004100 ) ) ;
#2972 = B_SPLINE_CURVE_WITH_KNOTS ( 'NONE', 3,
 ( #2845, #2399, #5353, #5289, #4865, #4097 ),
 .UNSPECIFIED., .F., .F.,
 ( 4, 2, 4 ),
 ( 2.967205183076035100E-007, 0.0002237070632990970200, 0.0004471174060798864300 ),
 .UNSPECIFIED. ) ;
#2973 = CARTESIAN_POINT ( 'NONE',  ( -0.1924139065304058300, 0.02842320836654259300, 0.02842320836654260700 ) ) ;
#2974 = ORIENTED_EDGE ( 'NONE', *, *, #5336, .F. ) ;
#2975 = EDGE_CURVE ( 'NONE', #4629, #1312, #4325, .T. ) ;
#2976 = CARTESIAN_POINT ( 'NONE',  ( 0.07875000000000001400, -0.02678166933744051100, 0.02678166933744051800 ) ) ;
#2977 = CARTESIAN_POINT ( 'NONE',  ( 0.07297911682625134200, -0.04277996026178614000, -0.04277996026178614000 ) ) ;
#2978 = CARTESIAN_POINT ( 'NONE',  ( 0.1599999999999989500, -0.006785991391938092100, -0.03742374912687869400 ) ) ;
#2979 = CARTESIAN_POINT ( 'NONE',  ( 0.03571109346959421700, -0.01664992997496425900, -0.04019648675812097900 ) ) ;
#2980 = CARTESIAN_POINT ( 'NONE',  ( 0.08812500000000002300, -0.03787500000000004800, -0.01568833867488098400 ) ) ;
#2981 = CARTESIAN_POINT ( 'NONE',  ( -0.2743750000000000400, -0.01568833867488101500, 0.03787500000000004800 ) ) ;
#2982 = CARTESIAN_POINT ( 'NONE',  ( -0.2255000996808306200, 0.03787500000000001300, -0.01568833867488101900 ) ) ;
#2983 = CARTESIAN_POINT ( 'NONE',  ( 0.1596299694177198700, -0.03833448232052089100, -0.009271601027050211900 ) ) ;
#2984 =( BOUNDED_CURVE ( )  B_SPLINE_CURVE ( 2, ( #1642, #2068, #2101, #1298, #1267, #4131, #1716, #4508, #4580 ),
 .UNSPECIFIED., .F., .F. ) 
 B_SPLINE_CURVE_WITH_KNOTS ( ( 3, 2, 2, 2, 3 ),
 ( 0.2954545454545454700, 0.3068181818181818200, 0.3181818181818182300, 0.3295454545454545900, 0.3409090909090909400 ),
 .UNSPECIFIED. ) 
 CURVE ( )  GEOMETRIC_REPRESENTATION_ITEM ( )  RATIONAL_B_SPLINE_CURVE ( ( 1.000000000000000000, 0.9238795325112867400, 1.000000000000000000, 0.9238795325112867400, 1.000000000000000000, 0.9238795325112867400, 1.000000000000000000, 0.9238795325112864100, 1.000000000000000400 ) ) 
 REPRESENTATION_ITEM ( '' )  );
#2985 = CARTESIAN_POINT ( 'NONE',  ( -0.02991390653040577900, -0.02842320836654261100, 0.02842320836654261100 ) ) ;
#2986 = ADVANCED_FACE ( 'NONE', ( #547 ), #2150, .F. ) ;
#2987 = CARTESIAN_POINT ( 'NONE',  ( -0.2855861931504249400, -0.04019648675812101400, -0.01664992997496422500 ) ) ;
#2988 = CIRCLE ( 'NONE', #3971, 0.06196162363432833300 ) ;
#2989 = CARTESIAN_POINT ( 'NONE',  ( -0.3174139065304058500, -0.02842320836654264200, -0.02842320836654260700 ) ) ;
#2990 = CARTESIAN_POINT ( 'NONE',  ( 0.1463749003191693900, -0.02678166933744050700, 0.02678166933744051800 ) ) ;
#2991 = ORIENTED_EDGE ( 'NONE', *, *, #4748, .T. ) ;
#2992 = CARTESIAN_POINT ( 'NONE',  ( -0.1674139065304058000, -0.02842320836654262800, -0.02842320836654260700 ) ) ;
#2993 = ORIENTED_EDGE ( 'NONE', *, *, #4683, .T. ) ;
#2994 = CARTESIAN_POINT ( 'NONE',  ( 0.1225000000000000500, 1.172697791216062700E-017, 0.03787500000000004100 ) ) ;
#2995 = ORIENTED_EDGE ( 'NONE', *, *, #2743, .F. ) ;
#2996 = CARTESIAN_POINT ( 'NONE',  ( 0.05422911682625129700, 7.307102118830516200E-018, 0.06050000000000001900 ) ) ;
#2997 = CARTESIAN_POINT ( 'NONE',  ( -0.1988958831737487600, 0.02505992052357219900, 0.06050000000000006800 ) ) ;
#2998 = CIRCLE ( 'NONE', #1884, 0.007199999999999994600 ) ;
#2999 = LINE ( 'NONE', #3785, #5052 ) ;
#3000 = ORIENTED_EDGE ( 'NONE', *, *, #4701, .T. ) ;
#3001 = CARTESIAN_POINT ( 'NONE',  ( 0.2013360934695942500, 0.04019648675812099300, 0.0000000000000000000 ) ) ;
#3002 = CARTESIAN_POINT ( 'NONE',  ( 0.06937500000000006200, 0.01568833867488100100, 0.03787500000000004800 ) ) ;
#3003 = DIRECTION ( 'NONE',  ( 1.000000000000000000, 8.503269937333648200E-017, 0.0000000000000000000 ) ) ;
#3004 = CARTESIAN_POINT ( 'NONE',  ( -0.1755000996808306300, 0.03787500000000001300, -0.01568833867488101900 ) ) ;
#3005 = VECTOR ( 'NONE', #2046, 39.37007874015748100 ) ;
#3006 = DIRECTION ( 'NONE',  ( 0.0000000000000000000, 0.0000000000000000000, 1.000000000000000000 ) ) ;
#3007 = CARTESIAN_POINT ( 'NONE',  ( -0.001788906530405789200, 0.04019648675812097200, -0.01664992997496427000 ) ) ;
#3008 = CARTESIAN_POINT ( 'NONE',  ( -0.2824611931504248400, -0.02842320836654263100, -0.02842320836654260400 ) ) ;
#3009 = ORIENTED_EDGE ( 'NONE', *, *, #4480, .F. ) ;
#3010 = CARTESIAN_POINT ( 'NONE',  ( 0.1896457834929180800, 0.04277996026178613300, -0.04277996026178614000 ) ) ;
#3011 = CARTESIAN_POINT ( 'NONE',  ( -0.01612509968083061800, 0.02678166933744051400, 0.02678166933744051400 ) ) ;
#3012 = CARTESIAN_POINT ( 'NONE',  ( -0.05803890653040580400, 0.01664992997496424200, -0.04019648675812097900 ) ) ;
#3013 = CARTESIAN_POINT ( 'NONE',  ( 0.1412500000000000400, -0.02678166933744051100, -0.02678166933744051400 ) ) ;
#3014 = CARTESIAN_POINT ( 'NONE',  ( 0.2892929036923621000, 5.351297846906672500E-017, 0.0000000000000000000 ) ) ;
#3015 = ADVANCED_FACE ( 'NONE', ( #4203 ), #3380, .F. ) ;
#3016 = CARTESIAN_POINT ( 'NONE',  ( 0.02008609346959423400, -0.02842320836654260700, 0.02842320836654261100 ) ) ;
#3017 = CARTESIAN_POINT ( 'NONE',  ( 0.04437500000000005300, -0.01568833867488101200, -0.03787500000000004100 ) ) ;
#3018 = CARTESIAN_POINT ( 'NONE',  ( -0.2899999999999999800, 0.0000000000000000000, 0.0000000000000000000 ) ) ;
#3019 = CARTESIAN_POINT ( 'NONE',  ( -0.1442500996808306100, -0.03787500000000006100, -0.01568833867488098400 ) ) ;
#3020 = CARTESIAN_POINT ( 'NONE',  ( -0.2855861931504248300, -0.04019648675812101400, -0.01664992997496422500 ) ) ;
#3021 = CARTESIAN_POINT ( 'NONE',  ( 0.2575000000000000600, 0.005345564448666743200, 0.05323668501916354500 ) ) ;
#3022 = CARTESIAN_POINT ( 'NONE',  ( -0.09183619315042486400, -0.04019648675812098600, 0.01664992997496424200 ) ) ;
#3023 = CARTESIAN_POINT ( 'NONE',  ( -0.2080389065304058300, 0.01664992997496423200, -0.04019648675812097900 ) ) ;
#3024 = CARTESIAN_POINT ( 'NONE',  ( 0.09324990031916939600, -0.01568833867488098400, 0.03787500000000004800 ) ) ;
#3025 = EDGE_CURVE ( 'NONE', #5039, #240, #810, .T. ) ;
#3026 = ORIENTED_EDGE ( 'NONE', *, *, #1663, .F. ) ;
#3027 = CARTESIAN_POINT ( 'NONE',  ( -0.1361639065304058000, -1.012576222419239200E-017, 0.04019648675812098600 ) ) ;
#3028 = CARTESIAN_POINT ( 'NONE',  ( 0.1162500000000000200, 0.02678166933744052800, 0.02678166933744051400 ) ) ;
#3029 = CARTESIAN_POINT ( 'NONE',  ( 0.1956000000000001100, -0.03995833333333325500, 5.775230196979055600E-018 ) ) ;
#3030 = CARTESIAN_POINT ( 'NONE',  ( 0.2556686591357503800, 0.03745990887799204000, 0.03361484805752489000 ) ) ;
#3031 = ORIENTED_EDGE ( 'NONE', *, *, #5175, .T. ) ;
#3032 = CARTESIAN_POINT ( 'NONE',  ( 0.1013360934695942300, 0.04019648675812098600, 0.0000000000000000000 ) ) ;
#3033 = CARTESIAN_POINT ( 'NONE',  ( 0.1631250000000000500, 0.03787500000000004800, 0.01568833867488099400 ) ) ;
#3034 = ORIENTED_EDGE ( 'NONE', *, *, #3044, .T. ) ;
#3035 = CARTESIAN_POINT ( 'NONE',  ( 0.2100000000000000800, 0.05435833333333334200, 0.0000000000000000000 ) ) ;
#3036 = CARTESIAN_POINT ( 'NONE',  ( -0.06300009968083061800, 0.01568833867488099100, 0.03787500000000004800 ) ) ;
#3037 = DIRECTION ( 'NONE',  ( 1.000000000000000000, 8.503269937333648200E-017, 0.0000000000000000000 ) ) ;
#3038 = CARTESIAN_POINT ( 'NONE',  ( -0.3299139065304058600, -0.02842320836654263800, 0.02842320836654261100 ) ) ;
#3039 = CARTESIAN_POINT ( 'NONE',  ( -0.04496119315042482200, -0.02842320836654260700, 0.02842320836654260700 ) ) ;
#3040 = CARTESIAN_POINT ( 'NONE',  ( 0.1740207834929180800, -0.06050000000000001900, -0.02505992052357224400 ) ) ;
#3041 = CARTESIAN_POINT ( 'NONE',  ( -0.01925009968083060000, 0.03787500000000004100, 0.01568833867488099400 ) ) ;
#3042 = CARTESIAN_POINT ( 'NONE',  ( -0.09425009968083061800, -0.03787500000000005400, -0.01568833867488098400 ) ) ;
#3043 = B_SPLINE_CURVE_WITH_KNOTS ( 'NONE', 3,
 ( #2109, #124, #3375, #4571, #2983, #4593, #461, #896 ),
 .UNSPECIFIED., .F., .F.,
 ( 4, 2, 2, 4 ),
 ( 0.0000000000000000000, 0.0002897087742440109300, 0.0005794175484880218600, 0.001158835096976043700 ),
 .UNSPECIFIED. ) ;
#3044 = EDGE_CURVE ( 'NONE', #1223, #550, #2271, .T. ) ;
#3045 = CARTESIAN_POINT ( 'NONE',  ( 0.1725000000000000700, 1.597861288082744900E-017, 0.03787500000000004100 ) ) ;
#3046 = CARTESIAN_POINT ( 'NONE',  ( 0.06047911682625133100, -0.04277996026178613300, 0.04277996026178614000 ) ) ;
#3047 = CARTESIAN_POINT ( 'NONE',  ( -0.2899999999999999800, 0.0000000000000000000, 0.0000000000000000000 ) ) ;
#3048 = CARTESIAN_POINT ( 'NONE',  ( 0.2847999957979616100, 0.01216811906028557300, -0.04285511621112728800 ) ) ;
#3049 = CARTESIAN_POINT ( 'NONE',  ( 0.0006250000000000104200, 0.01568833867488100500, -0.03787500000000004100 ) ) ;
#3050 =( BOUNDED_CURVE ( )  B_SPLINE_CURVE ( 1, ( #4107, #1613 ),
 .UNSPECIFIED., .F., .F. ) 
 B_SPLINE_CURVE_WITH_KNOTS ( ( 2, 2 ),
 ( 2.424349759030540200E-019, 0.0005339014884041372700 ),
 .UNSPECIFIED. ) 
 CURVE ( )  GEOMETRIC_REPRESENTATION_ITEM ( )  RATIONAL_B_SPLINE_CURVE ( ( 0.9684359879646926600, 0.9684359879646926600 ) ) 
 REPRESENTATION_ITEM ( '' )  );
#3051 = FACE_OUTER_BOUND ( 'NONE', #4914, .T. ) ;
#3052 = CARTESIAN_POINT ( 'NONE',  ( -0.08800009968083061200, -0.01568833867488102600, -0.03787500000000003400 ) ) ;
#3053 = CARTESIAN_POINT ( 'NONE',  ( 0.2561608370069360900, 0.03866728974528323100, -0.03353035122921903900 ) ) ;
#3054 = CARTESIAN_POINT ( 'NONE',  ( -0.002020883173748717500, 0.04277996026178614000, 0.04277996026178614000 ) ) ;
#3055 = ORIENTED_EDGE ( 'NONE', *, *, #4169, .F. ) ;
#3056 = CARTESIAN_POINT ( 'NONE',  ( 0.2566835177040812100, 0.008896864964898961900, 0.05132372430798827500 ) ) ;
#3057 = CARTESIAN_POINT ( 'NONE',  ( 0.05191380684957516000, -0.01664992997496422800, 0.04019648675812097900 ) ) ;
#3058 = CARTESIAN_POINT ( 'NONE',  ( -0.2236639065304058000, -0.04019648675812101400, 4.922649884530183500E-018 ) ) ;
#3059 = FACE_OUTER_BOUND ( 'NONE', #621, .T. ) ;
#3060 = CARTESIAN_POINT ( 'NONE',  ( 0.01824990031916937800, 0.01568833867488100800, -0.03787500000000004100 ) ) ;
#3061 = CARTESIAN_POINT ( 'NONE',  ( -0.1817500996808305800, 0.01568833867488098700, -0.03787500000000004100 ) ) ;
#3062 = DATE_AND_TIME ( #1563, #999 ) ;
#3063 = VERTEX_POINT ( 'NONE', #1022 ) ;
#3064 = ORIENTED_EDGE ( 'NONE', *, *, #2616, .F. ) ;
#3065 = AXIS2_PLACEMENT_3D ( 'NONE', #4183, #3796, #2496 ) ;
#3066 = LINE ( 'NONE', #4570, #3615 ) ;
#3067 = CIRCLE ( 'NONE', #3407, 0.007199999999999994600 ) ;
#3068 = CARTESIAN_POINT ( 'NONE',  ( 0.2828791510578059800, -0.02546463007451213800, 0.03242245470008593000 ) ) ;
#3069 = DIRECTION ( 'NONE',  ( 1.000000000000000000, 9.237637493568399400E-017, -0.0000000000000000000 ) ) ;
#3070 = CARTESIAN_POINT ( 'NONE',  ( 0.2549553266340770000, -0.01064171080908283600, 0.04792522506905795600 ) ) ;
#3071 = CARTESIAN_POINT ( 'NONE',  ( 0.2037500000000000400, 0.02678166933744052800, -0.02678166933744052400 ) ) ;
#3072 = CARTESIAN_POINT ( 'NONE',  ( -0.2087499999999999900, -0.02678166933744053800, -0.02678166933744051400 ) ) ;
#3073 = CARTESIAN_POINT ( 'NONE',  ( -0.08487509968083059600, -1.518338610005634000E-017, -0.03787500000000004100 ) ) ;
#3074 = CARTESIAN_POINT ( 'NONE',  ( -0.08014588317374872500, -0.06050000000000004700, -0.02505992052357224700 ) ) ;
#3075 = CARTESIAN_POINT ( 'NONE',  ( -0.3111639065304058200, -3.485178438358664100E-017, -0.04019648675812098600 ) ) ;
#3076 = CARTESIAN_POINT ( 'NONE',  ( 0.01128880684957515500, -0.04019648675812097900, 4.922649884530182800E-018 ) ) ;
#3077 = CARTESIAN_POINT ( 'NONE',  ( -0.2103542165070819700, 0.04277996026178610600, -0.04277996026178614700 ) ) ;
#3078 = CARTESIAN_POINT ( 'NONE',  ( -0.3043361931504249300, 0.01664992997496421100, 0.04019648675812097900 ) ) ;
#3079 = CARTESIAN_POINT ( 'NONE',  ( -0.1598750996808306100, -1.228413904951536500E-017, 0.03787500000000004100 ) ) ;
#3080 = EDGE_CURVE ( 'NONE', #4417, #1157, #4658, .T. ) ;
#3081 = CARTESIAN_POINT ( 'NONE',  ( 0.2100000000000000800, 0.03787500000000005400, 0.0000000000000000000 ) ) ;
#3082 = CARTESIAN_POINT ( 'NONE',  ( 0.2892929036923621000, 5.351297846906672500E-017, 0.0000000000000000000 ) ) ;
#3083 = CARTESIAN_POINT ( 'NONE',  ( 0.1323541168262513400, 0.02505992052357247600, -0.06049999999999982500 ) ) ;
#3084 = ORIENTED_EDGE ( 'NONE', *, *, #1283, .F. ) ;
#3085 = CARTESIAN_POINT ( 'NONE',  ( -0.1212499999999999700, -0.02678166933744052800, 0.02678166933744051800 ) ) ;
#3086 = CARTESIAN_POINT ( 'NONE',  ( -0.0005000996808305956200, -0.03787500000000004800, 0.01568833867488099800 ) ) ;
#3087 = DIRECTION ( 'NONE',  ( -1.000000000000000000, -0.0000000000000000000, -0.0000000000000000000 ) ) ;
#3088 = DIRECTION ( 'NONE',  ( -1.000000000000000000, -0.0000000000000000000, -0.0000000000000000000 ) ) ;
#3089 = CARTESIAN_POINT ( 'NONE',  ( -0.2830389065304058100, -0.01664992997496426300, 0.04019648675812098600 ) ) ;
#3090 = ORIENTED_EDGE ( 'NONE', *, *, #4217, .T. ) ;
#3091 = CARTESIAN_POINT ( 'NONE',  ( -0.001211193150424847900, 1.349631282263572900E-018, 0.04019648675812097900 ) ) ;
#3092 = CARTESIAN_POINT ( 'NONE',  ( 0.1600000000000000600, 0.03787499999999999900, 0.0000000000000000000 ) ) ;
#3093 = CARTESIAN_POINT ( 'NONE',  ( -0.2824611931504248400, -0.02842320836654263100, -0.02842320836654260400 ) ) ;
#3094 = CARTESIAN_POINT ( 'NONE',  ( -0.2848750996808306300, -3.218992597472363400E-017, -0.03787500000000004100 ) ) ;
#3095 = AXIS2_PLACEMENT_3D ( 'NONE', #4172, #3366, #5003 ) ;
#3096 = VERTEX_POINT ( 'NONE', #1400 ) ;
#3097 = CARTESIAN_POINT ( 'NONE',  ( 0.2575000000000000600, 0.0000000000000000000, 0.0000000000000000000 ) ) ;
#3098 = ORIENTED_EDGE ( 'NONE', *, *, #658, .F. ) ;
#3099 = CARTESIAN_POINT ( 'NONE',  ( 0.2874553266340770200, 0.04682531779643286200, 0.01474662063413613800 ) ) ;
#3100 = CARTESIAN_POINT ( 'NONE',  ( -0.1899999999999999700, 0.03787500000000002700, 0.0000000000000000000 ) ) ;
#3101 = CARTESIAN_POINT ( 'NONE',  ( 0.005749900319169372000, -0.03787500000000004800, -0.01568833867488098400 ) ) ;
#3102 = CARTESIAN_POINT ( 'NONE',  ( -0.1207708831737487200, -2.239184654118634600E-017, -0.06050000000000001900 ) ) ;
#3103 = CARTESIAN_POINT ( 'NONE',  ( -0.2230861931504248600, 0.01664992997496422500, -0.04019648675812097200 ) ) ;
#3104 = CARTESIAN_POINT ( 'NONE',  ( -0.1517889065304057800, 0.04019648675812096500, -0.01664992997496426600 ) ) ;
#3105 = CARTESIAN_POINT ( 'NONE',  ( 0.1081638068495752000, -0.04019648675812097200, 0.01664992997496424200 ) ) ;
#3106 = CARTESIAN_POINT ( 'NONE',  ( -0.2168361931504249100, 0.04019648675812095800, -0.01664992997496426300 ) ) ;
#3107 = CARTESIAN_POINT ( 'NONE',  ( -0.1317500996808306000, 0.01568833867488099100, -0.03787500000000004100 ) ) ;
#3108 = APPLICATION_CONTEXT ( 'configuration controlled 3d designs of mechanical parts and assemblies' ) ;
#3109 = CIRCLE ( 'NONE', #226, 0.05349999999999999900 ) ;
#3110 = EDGE_CURVE ( 'NONE', #698, #417, #582, .T. ) ;
#3111 = VERTEX_POINT ( 'NONE', #3891 ) ;
#3112 = LINE ( 'NONE', #1464, #2144 ) ;
#3113 = CARTESIAN_POINT ( 'NONE',  ( 0.1417291168262513300, 0.06050000000000002600, 0.0000000000000000000 ) ) ;
#3114 = ORIENTED_EDGE ( 'NONE', *, *, #3440, .T. ) ;
#3115 = CARTESIAN_POINT ( 'NONE',  ( -0.1024999999999999700, -1.668207895038129400E-017, -0.03787500000000004100 ) ) ;
#3116 = CARTESIAN_POINT ( 'NONE',  ( 0.1401249003191694400, 1.322567076248558200E-017, 0.03787500000000004100 ) ) ;
#3117 = FACE_OUTER_BOUND ( 'NONE', #2464, .T. ) ;
#3118 = DIRECTION ( 'NONE',  ( -1.000000000000000000, -0.0000000000000000000, -0.0000000000000000000 ) ) ;
#3119 = FACE_OUTER_BOUND ( 'NONE', #675, .T. ) ;
#3120 = ORIENTED_EDGE ( 'NONE', *, *, #207, .T. ) ;
#3121 = CARTESIAN_POINT ( 'NONE',  ( -0.2199611931504248700, 0.02842320836654258300, -0.02842320836654261100 ) ) ;
#3122 = CARTESIAN_POINT ( 'NONE',  ( -0.2080389065304058300, 0.01664992997496423200, -0.04019648675812097900 ) ) ;
#3123 = CARTESIAN_POINT ( 'NONE',  ( 0.2081638068495751400, -0.04019648675812096500, 0.01664992997496424200 ) ) ;
#3124 = CARTESIAN_POINT ( 'NONE',  ( 0.06464578349291805200, -0.04277996026178614000, 0.04277996026178614000 ) ) ;
#3125 = CARTESIAN_POINT ( 'NONE',  ( -0.2949611931504248500, -0.02842320836654262800, 0.02842320836654260700 ) ) ;
#3126 = CARTESIAN_POINT ( 'NONE',  ( -0.01925009968083060000, 0.03787500000000004100, 0.01568833867488099400 ) ) ;
#3127 = CARTESIAN_POINT ( 'NONE',  ( -0.2900393700787401400, -0.01064171080908292400, 0.04792522506905766400 ) ) ;
#3128 = EDGE_LOOP ( 'NONE', ( #2580, #3000, #3801, #3831 ) ) ;
#3129 = AXIS2_PLACEMENT_3D ( 'NONE', #5134, #1014, #4284 ) ;
#3130 = CARTESIAN_POINT ( 'NONE',  ( 0.1083957834929180900, 1.191304000155291800E-017, 0.06050000000000001900 ) ) ;
#3131 = CARTESIAN_POINT ( 'NONE',  ( 0.2172000000000000900, -0.1022999999999999000, 1.252813675527741800E-017 ) ) ;
#3132 = DIRECTION ( 'NONE',  ( 0.0000000000000000000, 1.000000000000000000, 0.0000000000000000000 ) ) ;
#3133 = CARTESIAN_POINT ( 'NONE',  ( -0.2274999999999999500, -1.803446686850714500E-017, 0.03787500000000004100 ) ) ;
#3134 = CARTESIAN_POINT ( 'NONE',  ( 0.1338749003191693800, 0.02678166933744052800, 0.02678166933744051400 ) ) ;
#3135 = CARTESIAN_POINT ( 'NONE',  ( 0.2549553266340770500, 0.04682531779643286200, -0.01474662063413613800 ) ) ;
#3136 = CARTESIAN_POINT ( 'NONE',  ( -0.1324611931504248400, -0.02842320836654262100, -0.02842320836654260400 ) ) ;
#3137 = CARTESIAN_POINT ( 'NONE',  ( -0.1361639065304058000, -1.012576222419239200E-017, 0.04019648675812098600 ) ) ;
#3138 = CARTESIAN_POINT ( 'NONE',  ( 0.2144138068495751700, -0.04019648675812097200, -0.01664992997496422500 ) ) ;
#3139 = CARTESIAN_POINT ( 'NONE',  ( 0.07089578349291808500, -0.06050000000000001900, 7.409113134841489000E-018 ) ) ;
#3140 = CARTESIAN_POINT ( 'NONE',  ( 0.2088749003191694200, -0.02678166933744050700, -0.02678166933744051400 ) ) ;
#3141 = CARTESIAN_POINT ( 'NONE',  ( 0.09324990031916939600, -0.01568833867488098400, 0.03787500000000004800 ) ) ;
#3142 = EDGE_CURVE ( 'NONE', #3355, #635, #1114, .T. ) ;
#3143 = PERSON_AND_ORGANIZATION_ROLE ( 'design_supplier' ) ;
#3144 = CARTESIAN_POINT ( 'NONE',  ( -0.1384792165070819200, -0.02505992052357227200, 0.06050000000000001900 ) ) ;
#3145 = CARTESIAN_POINT ( 'NONE',  ( -0.08014588317374872500, -0.06050000000000004700, -0.02505992052357225100 ) ) ;
#3146 = ORIENTED_EDGE ( 'NONE', *, *, #2282, .T. ) ;
#3147 = CARTESIAN_POINT ( 'NONE',  ( 0.1530123105092621700, 0.03786639444935300400, 0.04769352607421928300 ) ) ;
#3148 = EDGE_LOOP ( 'NONE', ( #62, #5046, #4137, #2339 ) ) ;
#3149 = CARTESIAN_POINT ( 'NONE',  ( 0.1287500000000000300, -0.02678166933744050700, 0.02678166933744051800 ) ) ;
#3150 = CARTESIAN_POINT ( 'NONE',  ( 0.07137490031916944600, 0.02678166933744051400, -0.02678166933744052400 ) ) ;
#3151 = CARTESIAN_POINT ( 'NONE',  ( -0.2899999999999999800, 0.0000000000000000000, 0.0000000000000000000 ) ) ;
#3152 = CARTESIAN_POINT ( 'NONE',  ( -0.2236639065304058000, -0.04019648675812101400, 4.922649884530183500E-018 ) ) ;
#3153 = CARTESIAN_POINT ( 'NONE',  ( 0.1831638068495752000, 0.04019648675812098600, -0.01664992997496426300 ) ) ;
#3154 = CARTESIAN_POINT ( 'NONE',  ( -0.001211193150424847900, 1.349631282263572900E-018, 0.04019648675812097900 ) ) ;
#3155 = ORIENTED_EDGE ( 'NONE', *, *, #921, .T. ) ;
#3156 = CARTESIAN_POINT ( 'NONE',  ( 0.07762490031916941000, 0.03787500000000004800, 0.0000000000000000000 ) ) ;
#3157 = CARTESIAN_POINT ( 'NONE',  ( 0.1597341481615816000, 0.03544898272805202500, 0.01627297249789726900 ) ) ;
#3158 = CARTESIAN_POINT ( 'NONE',  ( 0.2549553266340769400, -0.03618360698734936200, 0.03317860443492202200 ) ) ;
#3159 = EDGE_CURVE ( 'NONE', #4460, #4565, #5312, .T. ) ;
#3160 = FACE_OUTER_BOUND ( 'NONE', #4078, .T. ) ;
#3161 = CARTESIAN_POINT ( 'NONE',  ( 0.06937500000000006200, 0.01568833867488100100, 0.03787500000000004800 ) ) ;
#3162 = CARTESIAN_POINT ( 'NONE',  ( 0.09637490031916938500, -0.02678166933744051100, 0.02678166933744051800 ) ) ;
#3163 = CARTESIAN_POINT ( 'NONE',  ( -0.09472921650708195100, 0.02505992052357225400, 0.06050000000000001900 ) ) ;
#3164 = CARTESIAN_POINT ( 'NONE',  ( -0.1924139065304058300, 0.02842320836654259300, 0.02842320836654260700 ) ) ;
#3165 = CARTESIAN_POINT ( 'NONE',  ( 0.1675388068495751700, -0.02842320836654259300, -0.02842320836654260400 ) ) ;
#3166 = CARTESIAN_POINT ( 'NONE',  ( -0.06371119315042482500, 0.04019648675812097200, 0.0000000000000000000 ) ) ;
#3167 = CARTESIAN_POINT ( 'NONE',  ( 0.08699990031916943200, 0.01568833867488100500, 0.03787500000000004800 ) ) ;
#3168 = FACE_OUTER_BOUND ( 'NONE', #935, .T. ) ;
#3169 = CARTESIAN_POINT ( 'NONE',  ( 0.2572366247278914900, -0.04914585500152680200, -0.01996897769604542500 ) ) ;
#3170 = DIRECTION ( 'NONE',  ( -1.000000000000000000, -0.0000000000000000000, -0.0000000000000000000 ) ) ;
#3171 = ORIENTED_EDGE ( 'NONE', *, *, #3927, .F. ) ;
#3172 = CARTESIAN_POINT ( 'NONE',  ( 0.2549553266340769400, 0.01064171080908285000, 0.04792522506905769900 ) ) ;
#3173 = CARTESIAN_POINT ( 'NONE',  ( -0.3368749999999999800, 0.03787500000000001300, 0.01568833867488099400 ) ) ;
#3174 = PERSON_AND_ORGANIZATION ( #2589, #2539 ) ;
#3175 = ORIENTED_EDGE ( 'NONE', *, *, #2082, .F. ) ;
#3176 = CARTESIAN_POINT ( 'NONE',  ( -0.08952088317374870500, -0.04277996026178614700, 0.04277996026178614000 ) ) ;
#3177 = CARTESIAN_POINT ( 'NONE',  ( 0.2575000000000000600, 0.0000000000000000000, -0.05349999999999999200 ) ) ;
#3178 = EDGE_LOOP ( 'NONE', ( #2060, #1473, #2323, #2822 ) ) ;
#3179 = CARTESIAN_POINT ( 'NONE',  ( 0.1427707834929181100, 0.06050000000000001200, -0.02505992052357230000 ) ) ;
#3180 = CIRCLE ( 'NONE', #1092, 0.05349999999999999900 ) ;
#3181 = CARTESIAN_POINT ( 'NONE',  ( -0.04624999999999995100, 0.02678166933744050700, -0.02678166933744052400 ) ) ;
#3182 = AXIS2_PLACEMENT_3D ( 'NONE', #5227, #1128, #2766 ) ;
#3183 = CARTESIAN_POINT ( 'NONE',  ( 0.04821109346959422100, 0.04019648675812097900, -0.01664992997496426600 ) ) ;
#3184 = CARTESIAN_POINT ( 'NONE',  ( -0.2176458831737487500, 0.02505992052357225400, -0.06050000000000000500 ) ) ;
#3185 = CARTESIAN_POINT ( 'NONE',  ( -0.03871119315042482300, -0.04019648675812097900, 4.922649884530182800E-018 ) ) ;
#3186 = CARTESIAN_POINT ( 'NONE',  ( -0.03175009968083060400, 0.01568833867488100100, -0.03787500000000004100 ) ) ;
#3187 = CARTESIAN_POINT ( 'NONE',  ( -0.2509792165070819400, 0.06049999999999999100, 0.02505992052357226100 ) ) ;
#3188 = CARTESIAN_POINT ( 'NONE',  ( -0.2962499999999999600, 0.02678166933744048300, -0.02678166933744052400 ) ) ;
#3189 = CARTESIAN_POINT ( 'NONE',  ( 0.2503870152437289200, -0.02549365074506716000, 0.03241650481046946100 ) ) ;
#3190 = CARTESIAN_POINT ( 'NONE',  ( -0.2900393700787401400, -0.05970295784253709000, -7.311503622149235300E-018 ) ) ;
#3191 = CARTESIAN_POINT ( 'NONE',  ( 0.2898408819133560500, -0.006653379927950317300, 0.05280690509687630000 ) ) ;
#3192 = CARTESIAN_POINT ( 'NONE',  ( 0.2900000000000000400, 0.004662832236999779600, -0.05329641634790842400 ) ) ;
#3193 = DIRECTION ( 'NONE',  ( 0.0000000000000000000, 0.0000000000000000000, 1.000000000000000000 ) ) ;
#3194 = CARTESIAN_POINT ( 'NONE',  ( -0.3212500000000000400, -0.02678166933744054500, 0.02678166933744051800 ) ) ;
#3195 = CARTESIAN_POINT ( 'NONE',  ( 0.0006250000000000104200, 0.01568833867488100500, -0.03787500000000004100 ) ) ;
#3196 = CARTESIAN_POINT ( 'NONE',  ( -0.03639588317374871400, -0.06050000000000001900, 0.02505992052357226500 ) ) ;
#3197 = CARTESIAN_POINT ( 'NONE',  ( 0.07321109346959424300, -0.04019648675812098600, 0.01664992997496424200 ) ) ;
#3198 = ORIENTED_EDGE ( 'NONE', *, *, #4268, .F. ) ;
#3199 = CARTESIAN_POINT ( 'NONE',  ( -0.1551458831737487200, 0.06050000000000000500, 0.02505992052357226100 ) ) ;
#3200 = CARTESIAN_POINT ( 'NONE',  ( -0.2899999999999994800, 0.02472693263004417700, 0.03200786740675452800 ) ) ;
#3201 = CARTESIAN_POINT ( 'NONE',  ( -0.1637111931504248400, 0.04019648675812095800, 0.0000000000000000000 ) ) ;
#3202 = CARTESIAN_POINT ( 'NONE',  ( 0.1463749003191693900, -0.02678166933744050700, 0.02678166933744051800 ) ) ;
#3203 = EDGE_CURVE ( 'NONE', #581, #1386, #3554, .T. ) ;
#3204 = CARTESIAN_POINT ( 'NONE',  ( 0.2269138068495752100, 0.01664992997496426600, -0.04019648675812097200 ) ) ;
#3205 = VERTEX_POINT ( 'NONE', #5126 ) ;
#3206 = CARTESIAN_POINT ( 'NONE',  ( -0.3306249999999999500, 0.01568833867488096700, 0.03787500000000004800 ) ) ;
#3207 = CARTESIAN_POINT ( 'NONE',  ( -0.1884792165070819100, -0.02505992052357227200, 0.06050000000000000500 ) ) ;
#3208 = CARTESIAN_POINT ( 'NONE',  ( -0.2598750996808306100, -2.078740898684901200E-017, 0.03787500000000004100 ) ) ;
#3209 = CARTESIAN_POINT ( 'NONE',  ( -0.2337500000000000100, 0.02678166933744049700, 0.02678166933744051400 ) ) ;
#3210 = CARTESIAN_POINT ( 'NONE',  ( 0.1540833831737447300, 6.054006920698422100E-014, 0.05995611460450113500 ) ) ;
#3211 = ORIENTED_EDGE ( 'NONE', *, *, #3421, .T. ) ;
#3212 = CARTESIAN_POINT ( 'NONE',  ( 0.2522906462225145700, 0.04318564845335785100, -0.01087251936231902800 ) ) ;
#3213 = AXIS2_PLACEMENT_3D ( 'NONE', #5343, #4498, #770 ) ;
#3214 = CARTESIAN_POINT ( 'NONE',  ( -0.2774999999999999700, -2.228610183717396600E-017, 0.03787500000000004100 ) ) ;
#3215 = CARTESIAN_POINT ( 'NONE',  ( 0.03500000000000003800, -0.03787500000000004100, 4.638349751770605400E-018 ) ) ;
#3216 = CARTESIAN_POINT ( 'NONE',  ( -0.07077088317374870300, -1.814021157251952200E-017, -0.06050000000000001900 ) ) ;
#3217 = CARTESIAN_POINT ( 'NONE',  ( 0.2566841359493922700, -0.04000098957291295400, 0.03336632042223883200 ) ) ;
#3218 = ORIENTED_EDGE ( 'NONE', *, *, #4253, .F. ) ;
#3219 = CARTESIAN_POINT ( 'NONE',  ( 0.03258609346959423500, -0.02842320836654261100, -0.02842320836654260700 ) ) ;
#3220 = CARTESIAN_POINT ( 'NONE',  ( -0.1988958831737487300, 0.02505992052357224400, 0.06050000000000001900 ) ) ;
#3221 = CARTESIAN_POINT ( 'NONE',  ( -0.2899999999999999800, 0.0000000000000000000, 0.0000000000000000000 ) ) ;
#3222 = CARTESIAN_POINT ( 'NONE',  ( -0.2574611931504248700, 0.02842320836654258600, 0.02842320836654260400 ) ) ;
#3223 = CARTESIAN_POINT ( 'NONE',  ( -0.01058619315042483600, 0.04019648675812097900, 0.01664992997496423900 ) ) ;
#3224 = DIRECTION ( 'NONE',  ( -1.000000000000000000, -0.0000000000000000000, -0.0000000000000000000 ) ) ;
#3225 = AXIS2_PLACEMENT_3D ( 'NONE', #2717, #3865, #1881 ) ;
#3226 = CARTESIAN_POINT ( 'NONE',  ( -0.2899999999999999800, 0.0000000000000000000, 0.0000000000000000000 ) ) ;
#3227 = CARTESIAN_POINT ( 'NONE',  ( 0.005270783492918081600, 0.02505992052357226100, 0.06050000000000001900 ) ) ;
#3228 = CARTESIAN_POINT ( 'NONE',  ( -0.2103542165070819700, 0.04277996026178609900, -0.04277996026178614000 ) ) ;
#3229 = CARTESIAN_POINT ( 'NONE',  ( 0.2100000000000000800, -0.1022999999999999000, 1.296900960297046500E-017 ) ) ;
#3230 = CARTESIAN_POINT ( 'NONE',  ( 0.2555133603360868500, 0.04760259685994568100, 0.01549190013745793900 ) ) ;
#3231 = CYLINDRICAL_SURFACE ( 'NONE', #3738, 0.06050000000000002600 ) ;
#3232 = DIRECTION ( 'NONE',  ( 1.000000000000000000, 8.503269937333648200E-017, 0.0000000000000000000 ) ) ;
#3233 = ORIENTED_EDGE ( 'NONE', *, *, #3957, .F. ) ;
#3234 = CARTESIAN_POINT ( 'NONE',  ( -0.2587499999999999800, -0.02678166933744054500, -0.02678166933744051400 ) ) ;
#3235 = CARTESIAN_POINT ( 'NONE',  ( 0.2860707949959769300, 0.03370638865898759100, 0.03233188415231045400 ) ) ;
#3236 = CARTESIAN_POINT ( 'NONE',  ( -0.05202088317374870000, 0.04277996026178614000, 0.04277996026178614000 ) ) ;
#3237 = CONICAL_SURFACE ( 'NONE', #170, 0.03995833333333329700, 0.2617993877991424700 ) ;
#3238 = CARTESIAN_POINT ( 'NONE',  ( 0.2568857405672951300, -0.008371138797400130500, -0.05176355498527911200 ) ) ;
#3239 = FACE_OUTER_BOUND ( 'NONE', #4976, .T. ) ;
#3240 = EDGE_CURVE ( 'NONE', #1649, #2180, #4264, .T. ) ;
#3241 = CARTESIAN_POINT ( 'NONE',  ( -0.05178890653040579800, 0.04019648675812097200, -0.01664992997496426600 ) ) ;
#3242 = CARTESIAN_POINT ( 'NONE',  ( -0.1207708831737487200, -2.239184654118634600E-017, -0.06050000000000001900 ) ) ;
#3243 = ORIENTED_EDGE ( 'NONE', *, *, #4966, .T. ) ;
#3244 = CARTESIAN_POINT ( 'NONE',  ( -0.2978542165070819400, 0.04277996026178611200, 0.04277996026178613300 ) ) ;
#3245 = CARTESIAN_POINT ( 'NONE',  ( -0.1637111931504248400, 0.04019648675812095800, 0.0000000000000000000 ) ) ;
#3246 = CARTESIAN_POINT ( 'NONE',  ( 0.1456638068495751900, 0.01664992997496424600, 0.04019648675812097900 ) ) ;
#3247 = FACE_OUTER_BOUND ( 'NONE', #1775, .T. ) ;
#3248 = LOCAL_TIME ( 15, 52, 34.00000000000000000, #4720 ) ;
#3249 = ORIENTED_EDGE ( 'NONE', *, *, #3797, .F. ) ;
#3250 = CARTESIAN_POINT ( 'NONE',  ( 0.2822779401495811300, -0.04012499999999109800, -1.041407816593473700E-015 ) ) ;
#3251 = DIRECTION ( 'NONE',  ( -1.000000000000000000, -0.0000000000000000000, -0.0000000000000000000 ) ) ;
#3252 = CARTESIAN_POINT ( 'NONE',  ( 0.09878880684957518100, 9.852901219597221300E-018, 0.04019648675812097900 ) ) ;
#3253 = CARTESIAN_POINT ( 'NONE',  ( -0.06972921650708192900, -0.02505992052357230000, -0.06049999999999999100 ) ) ;
#3254 = CARTESIAN_POINT ( 'NONE',  ( -0.3130000996808305900, 0.01568833867488096700, 0.03787500000000004800 ) ) ;
#3255 = CARTESIAN_POINT ( 'NONE',  ( 0.2551524651320108400, 0.04710238268752759600, 0.01500269945676521900 ) ) ;
#3256 = VERTEX_POINT ( 'NONE', #2194 ) ;
#3257 = CARTESIAN_POINT ( 'NONE',  ( 0.2535690057693532100, 0.01114769173253582800, -0.04535321140792882700 ) ) ;
#3258 = CARTESIAN_POINT ( 'NONE',  ( 0.1950860934695942100, 0.02842320836654262100, -0.02842320836654261800 ) ) ;
#3259 = CARTESIAN_POINT ( 'NONE',  ( 0.2549553266340770000, 0.01064171080908284300, -0.04792522506905795600 ) ) ;
#3260 = CARTESIAN_POINT ( 'NONE',  ( 0.1011041168262513300, 0.02505992052357227200, 0.06050000000000001900 ) ) ;
#3261 = CARTESIAN_POINT ( 'NONE',  ( -0.1447292165070820100, 0.02505992052357225100, 0.06050000000000001900 ) ) ;
#3262 = AXIS2_PLACEMENT_3D ( 'NONE', #4825, #1083, #4358 ) ;
#3263 = CARTESIAN_POINT ( 'NONE',  ( -0.03928890653040580100, 0.01664992997496424200, 0.04019648675812098600 ) ) ;
#3264 = CARTESIAN_POINT ( 'NONE',  ( -0.1895208831737487400, -0.04277996026178615400, 0.04277996026178614000 ) ) ;
#3265 = CARTESIAN_POINT ( 'NONE',  ( -0.05746119315042482600, 0.02842320836654260400, 0.02842320836654260400 ) ) ;
#3266 = CARTESIAN_POINT ( 'NONE',  ( 0.05816380684957518600, -0.04019648675812097200, 0.01664992997496424200 ) ) ;
#3267 = CARTESIAN_POINT ( 'NONE',  ( 0.1369999003191694500, 0.01568833867488100800, 0.03787500000000004800 ) ) ;
#3268 = ADVANCED_FACE ( 'NONE', ( #1384 ), #2028, .T. ) ;
#3269 = CARTESIAN_POINT ( 'NONE',  ( 0.2874553266340769100, 0.01064171080908285100, 0.04792522506905769200 ) ) ;
#3270 = CARTESIAN_POINT ( 'NONE',  ( 0.1600000000000001100, -0.02262245262892833100, -0.03037664007180339000 ) ) ;
#3271 = CARTESIAN_POINT ( 'NONE',  ( 0.2897239404676752500, -0.04164107721201497400, 0.03284448424775206200 ) ) ;
#3272 = CARTESIAN_POINT ( 'NONE',  ( -0.2259792165070819400, -0.06050000000000006100, -0.02505992052357224400 ) ) ;
#3273 = DIRECTION ( 'NONE',  ( -1.000000000000000000, -0.0000000000000000000, -0.0000000000000000000 ) ) ;
#3274 = CARTESIAN_POINT ( 'NONE',  ( 0.2575000000000000600, -0.006188540527614650100, 0.05316293416863205500 ) ) ;
#3275 = CARTESIAN_POINT ( 'NONE',  ( -0.2899999999999999800, 1.616011611135121200E-034, 0.0000000000000000000 ) ) ;
#3276 = CARTESIAN_POINT ( 'NONE',  ( -0.2618749999999999700, -0.03787500000000006800, -0.01568833867488098400 ) ) ;
#3277 = ORIENTED_EDGE ( 'NONE', *, *, #1012, .F. ) ;
#3278 = CARTESIAN_POINT ( 'NONE',  ( 0.2900000000000000400, 0.0000000000000000000, 0.0000000000000000000 ) ) ;
#3279 = CARTESIAN_POINT ( 'NONE',  ( -0.05827088317374869800, 0.06050000000000001200, 0.0000000000000000000 ) ) ;
#3280 =( BOUNDED_CURVE ( )  B_SPLINE_CURVE ( 2, ( #625, #1037, #2261, #3020, #557, #1155, #234, #1874, #4027, #1569, #4740, #3529, #3222, #4047, #1609, #3934, #4432, #2283, #5187, #4897, #2831, #1984, #3517, #3103, #3121, #4477, #4065, #5297, #639, #1589, #4853, #1482, #5168, #4455, #4342, #4757, #1072, #652, #2004, #365, #2026, #2385, #3245, #2725, #1198, #3918, #2709, #1894, #672, #2295, #786, #249, #3136, #3543, #3651, #2430, #5279, #1050, #2409, #2813, #1466, #4874, #2694, #4329, #340, #768, #3634, #220, #1174, #4087, #5341, #1628, #826, #1218, #3284, #4495, #3265, #386, #1234, #3671, #807, #2043, #3692, #4915, #2449, #2880, #403, #5322, #2854, #2416, #5305, #31, #4615, #4926, #3641, #2054, #1646, #2879, #4103, #2448, #4933, #825, #1217, #3670, #3283, #3690, #1233, #5340, #402, #4513, #4086, #1626, #4494, #4913, #2042, #3716, #3700, #1616, #5307, #33, #815, #1239, #371, #2011, #1224, #2475, #3252, #2885, #1653, #5349, #4483, #793, #410, #3292, #3658, #2436, #2061, #2899, #446, #2863, #830, #430, #4541, #1206, #2074, #4110, #2417 ),
 .UNSPECIFIED., .F., .F. ) 
 B_SPLINE_CURVE_WITH_KNOTS ( ( 3, 2, 2, 2, 2, 2, 2, 2, 2, 2, 2, 2, 2, 2, 2, 2, 2, 2, 2, 2, 2, 2, 2, 2, 2, 2, 2, 2, 2, 2, 2, 2, 2, 2, 2, 2, 2, 2, 2, 2, 2, 2, 2, 2, 2, 2, 2, 2, 2, 2, 2, 2, 2, 2, 2, 2, 2, 2, 2, 2, 2, 2, 2, 2, 2, 2, 2, 2, 2, 2, 2, 2, 2, 3 ),
 ( 0.04302584856839192200, 0.04545454545454545600, 0.05681818181818181600, 0.06818181818181817700, 0.07954545454545454400, 0.09090909090909091200, 0.1022727272727272800, 0.1136363636363636300, 0.1250000000000000000, 0.1363636363636363500, 0.1477272727272727300, 0.1590909090909090900, 0.1704545454545454400, 0.1818181818181818200, 0.1931818181818181800, 0.2045454545454545600, 0.2159090909090909100, 0.2272727272727272700, 0.2386363636363636500, 0.2500000000000000000, 0.2613636363636363500, 0.2727272727272727100, 0.2840909090909091200, 0.2954545454545454700, 0.3068181818181818200, 0.3181818181818181800, 0.3295454545454545300, 0.3409090909090908800, 0.3522727272727272900, 0.3636363636363635900, 0.3750000000000000000, 0.3863636363636363500, 0.3977272727272727100, 0.4090909090909091200, 0.4204545454545454700, 0.4318181818181818200, 0.4431818181818181800, 0.4545454545454545300, 0.4659090909090908800, 0.4772727272727272900, 0.4886363636363635900, 0.5000000000000000000, 0.5113636363636363500, 0.5227272727272727100, 0.5340909090909090600, 0.5454545454545454100, 0.5568181818181816600, 0.5681818181818181200, 0.5795454545454545900, 0.5909090909090908300, 0.6022727272727272900, 0.6136363636363635400, 0.6250000000000000000, 0.6363636363636362400, 0.6477272727272727100, 0.6590909090909089500, 0.6704545454545454100, 0.6818181818181816600, 0.6931818181818181200, 0.7045454545454545900, 0.7159090909090908300, 0.7272727272727272900, 0.7386363636363635400, 0.7500000000000000000, 0.7613636363636362400, 0.7727272727272727100, 0.7840909090909089500, 0.7954545454545454100, 0.8068181818181816600, 0.8181818181818181200, 0.8295454545454545900, 0.8409090909090908300, 0.8522727272727272900, 0.8600899435043445300 ),
 .UNSPECIFIED. ) 
 CURVE ( )  GEOMETRIC_REPRESENTATION_ITEM ( )  RATIONAL_B_SPLINE_CURVE ( ( 0.9744163963710088500, 0.9837311282721097300, 1.000000000000000000, 0.9238795325112867400, 1.000000000000000000, 0.9238795325112867400, 1.000000000000000000, 0.9238795325112867400, 1.000000000000000000, 0.9238795325112867400, 1.000000000000000000, 0.9238795325112867400, 1.000000000000000000, 0.9238795325112867400, 1.000000000000000000, 0.9238795325112867400, 1.000000000000000000, 0.9238795325112867400, 1.000000000000000000, 0.9238795325112867400, 1.000000000000000000, 0.9238795325112867400, 1.000000000000000000, 0.9238795325112867400, 1.000000000000000000, 0.9238795325112867400, 1.000000000000000000, 0.9238795325112867400, 1.000000000000000000, 0.9238795325112867400, 1.000000000000000000, 0.9238795325112867400, 1.000000000000000000, 0.9238795325112867400, 1.000000000000000000, 0.9238795325112867400, 1.000000000000000000, 0.9238795325112867400, 1.000000000000000000, 0.9238795325112867400, 1.000000000000000000, 0.9238795325112867400, 1.000000000000000000, 0.9238795325112867400, 1.000000000000000000, 0.9238795325112867400, 1.000000000000000000, 0.9238795325112867400, 1.000000000000000000, 0.9238795325112867400, 1.000000000000000000, 0.9238795325112867400, 1.000000000000000000, 0.9238795325112867400, 1.000000000000000000, 0.9238795325112867400, 1.000000000000000000, 0.9238795325112867400, 1.000000000000000000, 0.9238795325112867400, 1.000000000000000000, 0.9238795325112867400, 1.000000000000000000, 0.9238795325112867400, 1.000000000000000000, 0.9238795325112867400, 1.000000000000000000, 0.9238795325112867400, 1.000000000000000000, 0.9238795325112867400, 1.000000000000000000, 0.9238795325112867400, 1.000000000000000000, 0.9238795325112867400, 1.000000000000000000, 0.9238795325112867400, 1.000000000000000000, 0.9238795325112867400, 1.000000000000000000, 0.9238795325112867400, 1.000000000000000000, 0.9238795325112867400, 1.000000000000000000, 0.9238795325112867400, 1.000000000000000000, 0.9238795325112867400, 1.000000000000000000, 0.9238795325112867400, 1.000000000000000000, 0.9238795325112867400, 1.000000000000000000, 0.9238795325112867400, 1.000000000000000000, 0.9238795325112867400, 1.000000000000000000, 0.9238795325112867400, 1.000000000000000000, 0.9238795325112867400, 1.000000000000000000, 0.9238795325112867400, 1.000000000000000000, 0.9238795325112867400, 1.000000000000000000, 0.9238795325112867400, 1.000000000000000000, 0.9238795325112867400, 1.000000000000000000, 0.9238795325112867400, 1.000000000000000000, 0.9238795325112867400, 1.000000000000000000, 0.9238795325112867400, 1.000000000000000000, 0.9238795325112867400, 1.000000000000000000, 0.9238795325112867400, 1.000000000000000000, 0.9238795325112867400, 1.000000000000000000, 0.9238795325112867400, 1.000000000000000000, 0.9238795325112867400, 1.000000000000000000, 0.9238795325112867400, 1.000000000000000000, 0.9238795325112867400, 1.000000000000000000, 0.9238795325112867400, 1.000000000000000000, 0.9238795325112867400, 1.000000000000000000, 0.9238795325112867400, 1.000000000000000000, 0.9238795325112867400, 1.000000000000000000, 0.9238795325112867400, 1.000000000000000000, 0.9238795325112867400, 1.000000000000000000, 0.9238795325112867400, 1.000000000000000000, 0.9238795325112867400, 1.000000000000000000, 0.9238795325112867400, 1.000000000000000000, 0.9476355864470265000, 0.9673157069650875100 ) ) 
 REPRESENTATION_ITEM ( '' )  );
#3281 = DIRECTION ( 'NONE',  ( 1.000000000000000000, 8.503269937333647000E-017, 0.0000000000000000000 ) ) ;
#3282 = CARTESIAN_POINT ( 'NONE',  ( -0.1642889065304057900, -0.01664992997496427300, -0.04019648675812097900 ) ) ;
#3283 = CARTESIAN_POINT ( 'NONE',  ( 0.03003880684957519300, 0.02842320836654260400, -0.02842320836654261100 ) ) ;
#3284 = CARTESIAN_POINT ( 'NONE',  ( -0.06371119315042482500, 0.04019648675812097200, 0.0000000000000000000 ) ) ;
#3285 = CARTESIAN_POINT ( 'NONE',  ( 0.1112888068495751800, -0.04019648675812097200, 4.922649884530182800E-018 ) ) ;
#3286 = EDGE_LOOP ( 'NONE', ( #2471, #3923, #1918, #665 ) ) ;
#3287 = CARTESIAN_POINT ( 'NONE',  ( 0.2575000000000000600, -0.04848746660646084000, 0.02261007700312737600 ) ) ;
#3288 = CARTESIAN_POINT ( 'NONE',  ( -0.06972921650708194300, -0.02505992052357230000, -0.06050000000000000500 ) ) ;
#3289 = CARTESIAN_POINT ( 'NONE',  ( 0.2880138757210604100, -0.03721872141591119100, -0.03347928314214977700 ) ) ;
#3290 = CARTESIAN_POINT ( 'NONE',  ( 0.2888032563670678300, -0.04860388233436252500, -0.01684755867259481200 ) ) ;
#3291 = VERTEX_POINT ( 'NONE', #4728 ) ;
#3292 = CARTESIAN_POINT ( 'NONE',  ( 0.1206638068495752000, -0.01664992997496424900, -0.04019648675812097200 ) ) ;
#3293 = CARTESIAN_POINT ( 'NONE',  ( -0.1947292165070819400, 0.02505992052357224400, 0.06050000000000000500 ) ) ;
#3294 = CARTESIAN_POINT ( 'NONE',  ( -0.2817500996808305900, 0.01568833867488098400, -0.03787500000000004100 ) ) ;
#3295 = EDGE_CURVE ( 'NONE', #1668, #98, #3280, .T. ) ;
#3296 = CARTESIAN_POINT ( 'NONE',  ( -0.07749999999999995800, -5.279561962506669200E-018, 0.03787500000000004100 ) ) ;
#3297 = CARTESIAN_POINT ( 'NONE',  ( -0.2707708831737487000, -3.514675144718681600E-017, -0.06050000000000001900 ) ) ;
#3298 = CARTESIAN_POINT ( 'NONE',  ( 0.2011041168262512600, 0.02505992052357228200, 0.06050000000000001900 ) ) ;
#3299 = CARTESIAN_POINT ( 'NONE',  ( 0.004461093469594178000, 0.04019648675812098600, 0.01664992997496424200 ) ) ;
#3300 = CARTESIAN_POINT ( 'NONE',  ( -0.1774999999999999900, -1.378283189984032000E-017, 0.03787500000000004100 ) ) ;
#3301 = VECTOR ( 'NONE', #4751, 39.37007874015748100 ) ;
#3302 = CARTESIAN_POINT ( 'NONE',  ( -0.2900000000000109200, 0.03787499999999490600, -0.007041221098328784600 ) ) ;
#3303 = CARTESIAN_POINT ( 'NONE',  ( 0.2828809142074064600, -0.04081303058062546500, 0.005849029813764510200 ) ) ;
#3304 = ADVANCED_FACE ( 'NONE', ( #3117 ), #2469, .F. ) ;
#3305 = DIRECTION ( 'NONE',  ( 0.0000000000000000000, 1.000000000000000000, 0.0000000000000000000 ) ) ;
#3306 = CIRCLE ( 'NONE', #2612, 0.1077089906166827200 ) ;
#3307 = CARTESIAN_POINT ( 'NONE',  ( 0.02089578349291806900, -0.06050000000000001200, 7.409113134841487400E-018 ) ) ;
#3308 = CARTESIAN_POINT ( 'NONE',  ( -0.1161250996808306100, 0.02678166933744050700, 0.02678166933744051400 ) ) ;
#3309 = VERTEX_POINT ( 'NONE', #1259 ) ;
#3310 = VECTOR ( 'NONE', #3450, 39.37007874015748100 ) ;
#3311 = CARTESIAN_POINT ( 'NONE',  ( -0.2767889065304058900, -0.04019648675812101400, 0.01664992997496424200 ) ) ;
#3312 = VECTOR ( 'NONE', #1778, 39.37007874015748100 ) ;
#3313 = ORIENTED_EDGE ( 'NONE', *, *, #1390, .F. ) ;
#3314 = CARTESIAN_POINT ( 'NONE',  ( -0.1899999999999999700, 0.03787500000000002700, 0.0000000000000000000 ) ) ;
#3315 = ORIENTED_EDGE ( 'NONE', *, *, #3495, .F. ) ;
#3316 = CARTESIAN_POINT ( 'NONE',  ( -0.2899999999999999800, -0.03964458115066397900, 0.006638127227179004500 ) ) ;
#3317 = CARTESIAN_POINT ( 'NONE',  ( 0.1479791168262512800, 0.04277996026178615400, 0.04277996026178614000 ) ) ;
#3318 = CARTESIAN_POINT ( 'NONE',  ( 0.2498769853744549900, 5.122214988120493500E-017, 0.0000000000000000000 ) ) ;
#3319 = EDGE_CURVE ( 'NONE', #2270, #1386, #3755, .T. ) ;
#3320 = FACE_OUTER_BOUND ( 'NONE', #3837, .T. ) ;
#3321 = CARTESIAN_POINT ( 'NONE',  ( -0.1424139065304058100, 0.02842320836654260000, 0.02842320836654260700 ) ) ;
#3322 = CARTESIAN_POINT ( 'NONE',  ( -0.1743749999999999700, -0.01568833867488100800, 0.03787500000000004800 ) ) ;
#3323 = CARTESIAN_POINT ( 'NONE',  ( -0.2899999999999999200, 0.02852606231894209300, -0.02588247053858699200 ) ) ;
#3324 = CARTESIAN_POINT ( 'NONE',  ( 0.2875218524135784700, -0.03630263560017030200, -0.03321928875391517300 ) ) ;
#3325 = CARTESIAN_POINT ( 'NONE',  ( -0.2707708831737487000, -3.514675144718681600E-017, -0.06050000000000001900 ) ) ;
#3326 = CARTESIAN_POINT ( 'NONE',  ( 0.2888032764617964300, -0.03889241011817469500, 0.03366840604824686300 ) ) ;
#3327 = CARTESIAN_POINT ( 'NONE',  ( 0.07089578349291808500, -0.06050000000000001200, 7.409113134841487400E-018 ) ) ;
#3328 = CARTESIAN_POINT ( 'NONE',  ( -0.08175009968083062100, 0.01568833867488099800, -0.03787500000000004100 ) ) ;
#3329 = CARTESIAN_POINT ( 'NONE',  ( -0.2424139065304058400, 0.02842320836654259000, 0.02842320836654260700 ) ) ;
#3330 = CARTESIAN_POINT ( 'NONE',  ( -0.03999999999999998000, 0.03787500000000003400, 0.0000000000000000000 ) ) ;
#3331 = CARTESIAN_POINT ( 'NONE',  ( 0.0000000000000000000, 0.0000000000000000000, 0.0000000000000000000 ) ) ;
#3332 = CARTESIAN_POINT ( 'NONE',  ( 0.1386041168262513400, 0.06050000000000000500, -0.02505992052357230000 ) ) ;
#3333 = ADVANCED_FACE ( 'NONE', ( #4771 ), #2606, .T. ) ;
#3334 = AXIS2_PLACEMENT_3D ( 'NONE', #3698, #5330, #3715 ) ;
#3335 = CARTESIAN_POINT ( 'NONE',  ( -0.04241390653040581800, 0.02842320836654260700, 0.02842320836654260700 ) ) ;
#3336 = CARTESIAN_POINT ( 'NONE',  ( -0.03687499999999996300, 0.03787500000000004100, 0.01568833867488099400 ) ) ;
#3337 = CARTESIAN_POINT ( 'NONE',  ( 0.2875218524135784700, 0.03630263560017024700, 0.03321928875391518000 ) ) ;
#3338 = CARTESIAN_POINT ( 'NONE',  ( 0.2822779401495884600, -0.04012499999999959800, 0.002941304153814075200 ) ) ;
#3339 = ORIENTED_EDGE ( 'NONE', *, *, #2895, .F. ) ;
#3340 = CARTESIAN_POINT ( 'NONE',  ( 0.1044610934695942000, 0.04019648675812099300, 0.01664992997496424200 ) ) ;
#3341 = CARTESIAN_POINT ( 'NONE',  ( -0.2918361931504248600, -0.04019648675812100000, 0.01664992997496424200 ) ) ;
#3342 = CARTESIAN_POINT ( 'NONE',  ( -0.01972921650708192600, -0.02505992052357230000, -0.06049999999999999100 ) ) ;
#3343 = CARTESIAN_POINT ( 'NONE',  ( -0.08487509968083059600, -1.518338610005634000E-017, -0.03787500000000004100 ) ) ;
#3344 = B_SPLINE_CURVE_WITH_KNOTS ( 'NONE', 3,
 ( #758, #4056, #1620, #4442, #1244, #4470, #3624, #3682, #3257, #3663 ),
 .UNSPECIFIED., .F., .F.,
 ( 4, 2, 2, 2, 4 ),
 ( 2.362615790331468400E-007, 0.0002232099568003488400, 0.0004461836520216645300, 0.0006691573472429802200, 0.0008921310424642958600 ),
 .UNSPECIFIED. ) ;
#3345 = ORIENTED_EDGE ( 'NONE', *, *, #4535, .F. ) ;
#3346 = CARTESIAN_POINT ( 'NONE',  ( -0.1861639065304058200, -1.437739719285921500E-017, 0.04019648675812098600 ) ) ;
#3347 = ADVANCED_FACE ( 'NONE', ( #26 ), #3827, .T. ) ;
#3348 = EDGE_CURVE ( 'NONE', #2297, #5039, #4167, .T. ) ;
#3349 = CARTESIAN_POINT ( 'NONE',  ( -0.07124999999999995200, -0.02678166933744052400, 0.02678166933744051800 ) ) ;
#3350 = DIRECTION ( 'NONE',  ( 0.0000000000000000000, 1.000000000000000000, 0.0000000000000000000 ) ) ;
#3351 = DIRECTION ( 'NONE',  ( 0.0000000000000000000, 0.0000000000000000000, 1.000000000000000000 ) ) ;
#3352 = ORIENTED_EDGE ( 'NONE', *, *, #4373, .T. ) ;
#3353 = CARTESIAN_POINT ( 'NONE',  ( -0.06116390653040578600, -1.359360954025252000E-017, -0.04019648675812098600 ) ) ;
#3354 = CARTESIAN_POINT ( 'NONE',  ( -0.1212499999999999700, -0.02678166933744052800, 0.02678166933744051800 ) ) ;
#3355 = VERTEX_POINT ( 'NONE', #1594 ) ;
#3356 = CARTESIAN_POINT ( 'NONE',  ( -0.2505000996808306500, -0.03787500000000006800, 0.01568833867488099800 ) ) ;
#3357 = CARTESIAN_POINT ( 'NONE',  ( 0.04508609346959423900, 0.02842320836654260700, -0.02842320836654261800 ) ) ;
#3358 = ADVANCED_FACE ( 'NONE', ( #1890 ), #343, .T. ) ;
#3359 = CARTESIAN_POINT ( 'NONE',  ( -0.1918361931504248300, -0.04019648675812099300, 0.01664992997496424200 ) ) ;
#3360 = CARTESIAN_POINT ( 'NONE',  ( 0.04902078349291805900, 0.06050000000000000500, 0.02505992052357225400 ) ) ;
#3361 = CARTESIAN_POINT ( 'NONE',  ( -0.1630000996808306200, 0.01568833867488098400, 0.03787500000000004800 ) ) ;
#3362 = CARTESIAN_POINT ( 'NONE',  ( -0.2205389065304058100, -0.04019648675812102100, -0.01664992997496422800 ) ) ;
#3363 = AXIS2_PLACEMENT_3D ( 'NONE', #1540, #664, #1131 ) ;
#3364 = CARTESIAN_POINT ( 'NONE',  ( 0.1912500000000000300, -0.02678166933744050700, -0.02678166933744051400 ) ) ;
#3365 = CARTESIAN_POINT ( 'NONE',  ( 0.03235411682625127100, 0.02505992052357227900, -0.06050000000000001200 ) ) ;
#3366 = DIRECTION ( 'NONE',  ( -1.000000000000000000, -0.0000000000000000000, -0.0000000000000000000 ) ) ;
#3367 = CARTESIAN_POINT ( 'NONE',  ( 0.05758609346959417400, 0.02842320836654261800, 0.02842320836654260700 ) ) ;
#3368 = ORIENTED_EDGE ( 'NONE', *, *, #1457, .T. ) ;
#3369 = CARTESIAN_POINT ( 'NONE',  ( -0.1149999999999999600, -0.03787500000000005400, 4.638349751770605400E-018 ) ) ;
#3370 = LINE ( 'NONE', #3177, #2666 ) ;
#3371 = ADVANCED_FACE ( 'NONE', ( #4599 ), #2891, .F. ) ;
#3372 = COORDINATED_UNIVERSAL_TIME_OFFSET ( 6, 0, .BEHIND. ) ;
#3373 = CIRCLE ( 'NONE', #93, 0.05350000000000004100 ) ;
#3374 = DIRECTION ( 'NONE',  ( 1.000000000000000000, 9.237637493568399400E-017, -0.0000000000000000000 ) ) ;
#3375 = CARTESIAN_POINT ( 'NONE',  ( 0.1594783211748326500, -0.03994945448746625000, 0.002107025313726812100 ) ) ;
#3376 = VERTEX_POINT ( 'NONE', #3707 ) ;
#3377 = CARTESIAN_POINT ( 'NONE',  ( 0.1232110934695942500, -0.04019648675812097900, 0.01664992997496424200 ) ) ;
#3378 = CARTESIAN_POINT ( 'NONE',  ( -0.1855861931504248500, -0.04019648675812100000, -0.01664992997496422500 ) ) ;
#3379 = CARTESIAN_POINT ( 'NONE',  ( -0.04160421650708194500, -8.418649044475582400E-019, 0.06050000000000001200 ) ) ;
#3380 = CYLINDRICAL_SURFACE ( 'NONE', #4765, 0.05349999999999999200 ) ;
#3381 = CARTESIAN_POINT ( 'NONE',  ( -0.1911250996808306300, -0.02678166933744053800, -0.02678166933744051400 ) ) ;
#3382 = SHAPE_DEFINITION_REPRESENTATION ( #4993, #325 ) ;
#3383 = EDGE_LOOP ( 'NONE', ( #1478, #1957, #544, #5281 ) ) ;
#3384 = B_SPLINE_CURVE_WITH_KNOTS ( 'NONE', 3,
 ( #4990, #427, #2107, #1681, #1703, #499 ),
 .UNSPECIFIED., .F., .F.,
 ( 4, 2, 4 ),
 ( 2.360400634554869200E-007, 0.0001149950634880807500, 0.0002297540869127060200 ),
 .UNSPECIFIED. ) ;
#3385 = CARTESIAN_POINT ( 'NONE',  ( -0.1676458831737487100, 0.02505992052357236200, -0.06049999999999990100 ) ) ;
#3386 = CARTESIAN_POINT ( 'NONE',  ( 0.01937500000000004800, 0.01568833867488099800, 0.03787500000000004800 ) ) ;
#3387 = CARTESIAN_POINT ( 'NONE',  ( 0.2881686616513689500, 0.01038135700502125700, 0.04924866140773120200 ) ) ;
#3388 = CARTESIAN_POINT ( 'NONE',  ( 0.1600000000000000600, 0.03787499999999999900, 0.0000000000000000000 ) ) ;
#3389 = ADVANCED_FACE ( 'NONE', ( #1321 ), #3507, .F. ) ;
#3390 = ORIENTED_EDGE ( 'NONE', *, *, #4157, .F. ) ;
#3391 = EDGE_CURVE ( 'NONE', #1784, #355, #2984, .T. ) ;
#3392 = CARTESIAN_POINT ( 'NONE',  ( 0.1200860934695941900, -0.02842320836654260000, 0.02842320836654261100 ) ) ;
#3393 = CARTESIAN_POINT ( 'NONE',  ( 0.1037500000000000200, 0.02678166933744051800, -0.02678166933744052400 ) ) ;
#3394 = CARTESIAN_POINT ( 'NONE',  ( -0.2681250000000000000, -0.03787500000000006800, 0.01568833867488099800 ) ) ;
#3395 = CARTESIAN_POINT ( 'NONE',  ( -0.2005000996808306000, -0.03787500000000006100, 0.01568833867488099800 ) ) ;
#3396 = CARTESIAN_POINT ( 'NONE',  ( 0.09589578349291809400, 0.06050000000000001900, 0.0000000000000000000 ) ) ;
#3397 = CARTESIAN_POINT ( 'NONE',  ( 0.04196109346959419500, 0.01664992997496425300, -0.04019648675812097900 ) ) ;
#3398 = CARTESIAN_POINT ( 'NONE',  ( -0.2168361931504249100, 0.04019648675812095800, -0.01664992997496426300 ) ) ;
#3399 = CARTESIAN_POINT ( 'NONE',  ( 0.1833957834929181000, 3.472266184870181000E-018, -0.06050000000000001200 ) ) ;
#3400 = CARTESIAN_POINT ( 'NONE',  ( 0.06199990031916942400, -0.01568833867488100800, -0.03787500000000004100 ) ) ;
#3401 = AXIS2_PLACEMENT_3D ( 'NONE', #1265, #2956, #2066 ) ;
#3402 = CARTESIAN_POINT ( 'NONE',  ( -0.1611639065304058300, -2.209687947758617000E-017, -0.04019648675812098600 ) ) ;
#3403 = ADVANCED_FACE ( 'NONE', ( #4918 ), #4075, .F. ) ;
#3404 = CARTESIAN_POINT ( 'NONE',  ( 0.1318750000000000800, -0.03787500000000004100, 0.01568833867488099800 ) ) ;
#3405 = EDGE_LOOP ( 'NONE', ( #4767, #2051, #4328, #227 ) ) ;
#3406 = CARTESIAN_POINT ( 'NONE',  ( 0.2497824044682834000, -0.01749366582235793700, -0.03623838717165084300 ) ) ;
#3407 = AXIS2_PLACEMENT_3D ( 'NONE', #1030, #2254, #632 ) ;
#3408 = CARTESIAN_POINT ( 'NONE',  ( 0.03258609346959423500, -0.02842320836654261100, -0.02842320836654260700 ) ) ;
#3409 = ORIENTED_EDGE ( 'NONE', *, *, #5245, .F. ) ;
#3410 = CARTESIAN_POINT ( 'NONE',  ( 0.1256250000000000400, -0.01568833867488098400, 0.03787500000000004800 ) ) ;
#3411 = DIRECTION ( 'NONE',  ( -0.2588190451025289000, 0.0000000000000000000, 0.9659258262890659800 ) ) ;
#3412 = CARTESIAN_POINT ( 'NONE',  ( -0.1723750996808306200, 0.03787500000000002700, 0.0000000000000000000 ) ) ;
#3413 = CARTESIAN_POINT ( 'NONE',  ( 0.09508609346959418000, 0.02842320836654261100, -0.02842320836654261800 ) ) ;
#3414 = ORIENTED_EDGE ( 'NONE', *, *, #1354, .F. ) ;
#3415 = ADVANCED_FACE ( 'NONE', ( #4523 ), #2673, .T. ) ;
#3416 = CARTESIAN_POINT ( 'NONE',  ( 0.2497779401495810700, -0.04012499999999109800, 1.026784802114872400E-015 ) ) ;
#3417 = CARTESIAN_POINT ( 'NONE',  ( -0.2549139065304058500, 0.02842320836654258300, -0.02842320836654261800 ) ) ;
#3418 = CARTESIAN_POINT ( 'NONE',  ( 0.03387490031916943300, 0.02678166933744051800, 0.02678166933744051400 ) ) ;
#3419 = CARTESIAN_POINT ( 'NONE',  ( -0.1580389065304058100, 0.01664992997496423500, -0.04019648675812097900 ) ) ;
#3420 = VERTEX_POINT ( 'NONE', #963 ) ;
#3421 = EDGE_CURVE ( 'NONE', #3974, #392, #3794, .T. ) ;
#3422 = AXIS2_PLACEMENT_3D ( 'NONE', #441, #3374, #3729 ) ;
#3423 = CARTESIAN_POINT ( 'NONE',  ( 0.03812500000000002000, -0.03787500000000004800, -0.01568833867488098400 ) ) ;
#3424 = CARTESIAN_POINT ( 'NONE',  ( 0.2503870134186502700, -0.01532669519452702900, -0.03828639677933252200 ) ) ;
#3425 = DIRECTION ( 'NONE',  ( 1.000000000000000000, 9.237637493568399400E-017, -0.0000000000000000000 ) ) ;
#3426 = CARTESIAN_POINT ( 'NONE',  ( 0.1794610934695942400, -0.04019648675812098600, -0.01664992997496422800 ) ) ;
#3427 = CARTESIAN_POINT ( 'NONE',  ( 0.07875000000000001400, -0.02678166933744051100, 0.02678166933744051800 ) ) ;
#3428 = CARTESIAN_POINT ( 'NONE',  ( -0.1692500996808306000, 0.03787500000000002700, 0.01568833867488099400 ) ) ;
#3429 = CARTESIAN_POINT ( 'NONE',  ( 0.2900000000000000400, 0.04382463436946106000, 0.03068633934478105100 ) ) ;
#3430 = CARTESIAN_POINT ( 'NONE',  ( 0.04566380684957518200, 0.01664992997496424200, 0.04019648675812097900 ) ) ;
#3431 = LINE ( 'NONE', #1958, #4907 ) ;
#3432 = CARTESIAN_POINT ( 'NONE',  ( 0.1802707834929180600, -0.02505992052357227500, -0.06049999999999999100 ) ) ;
#3433 = CARTESIAN_POINT ( 'NONE',  ( 0.09637490031916938500, -0.02678166933744051100, 0.02678166933744051800 ) ) ;
#3434 = CARTESIAN_POINT ( 'NONE',  ( -0.07366390653040579000, -0.04019648675812099300, 4.922649884530183500E-018 ) ) ;
#3435 = VECTOR ( 'NONE', #2689, 39.37007874015748100 ) ;
#3436 = AXIS2_PLACEMENT_3D ( 'NONE', #5236, #1908, #4790 ) ;
#3437 = CARTESIAN_POINT ( 'NONE',  ( 0.01625000000000006600, 0.02678166933744051800, 0.02678166933744051400 ) ) ;
#3438 = VERTEX_POINT ( 'NONE', #924 ) ;
#3439 = DIRECTION ( 'NONE',  ( 1.000000000000000000, 9.237637493568399400E-017, -0.0000000000000000000 ) ) ;
#3440 = EDGE_CURVE ( 'NONE', #4846, #4090, #3987, .T. ) ;
#3441 = CIRCLE ( 'NONE', #5226, 0.05349999999999999200 ) ;
#3442 = ORIENTED_EDGE ( 'NONE', *, *, #3975, .F. ) ;
#3443 = CARTESIAN_POINT ( 'NONE',  ( 0.1544610934695941900, 0.04019648675812099300, 0.01664992997496424200 ) ) ;
#3444 = CARTESIAN_POINT ( 'NONE',  ( 0.1725000000000000700, 1.597861288082744900E-017, 0.03787500000000004100 ) ) ;
#3445 = ORIENTED_EDGE ( 'NONE', *, *, #946, .T. ) ;
#3446 =( BOUNDED_SURFACE ( )  B_SPLINE_SURFACE ( 1, 2, ( 
 ( #2843, #373, #2048, #3254, #795, #3660, #4073, #2887, #1618, #2032, #4905, #2865, #2397, #3294, #394, #3680, #4095, #2456, #3702, #4939, #3208, #756, #3620, #1164, #4440, #4036, #1992, #4863, #2971, #2077, #2551, #1729, #1747, #3718, #4600, #432, #1261, #5032, #92, #4975, #3777, #464, #3381, #1686, #505, #2936, #4958, #1671, #2151, #1275, #2916, #3361, #2132, #5013, #920, #2569, #486, #2495, #1332, #2901, #4619, #4559, #1310, #3736, #2096, #4182, #3308, #4998, #2527, #4196, #3793, #35, #53, #2952, #448, #848, #3343, #3328, #74, #2512, #885, #901, #4127, #4543, #864, #4146, #3754, #1295, #4166, #1711, #4576, #2115, #4680, #2640, #3861, #5130, #3455, #3041, #3011, #595, #960, #178, #563, #113, #4265, #2198, #2607, #5051, #4230, #3060, #1786, #2219, #3811, #3828, #3418, #1365, #3877, #579, #4668, #941, #523, #539, #5106, #3400, #4651, #1800, #1404, #4247, #2183, #2588, #1813, #5072, #143, #3024, #3433, #3467, #975, #3846, #5090, #1385, #2167, #1010, #2624, #160, #990, #1421, #4281, #1828, #4696, #2231, #2990, #1345, #4216, #1764, #4637, #128, #2729, #1848, #2299, #1486, #1502, #3483, #4346, #193, #1025, #4780, #5192, #4731, #3533, #224, #3140, #1454, #253, #2698, #4713, #1433, #1913 ),
 ( #205, #5144, #1878, #3078, #2315, #2657, #3125, #1089, #1898, #2250, #3093, #238, #629, #611, #4761, #3894, #5160, #4362, #1056, #3502, #4312, #3547, #677, #4297, #1470, #2682, #1041, #3955, #3906, #1864, #2266, #3106, #4333, #644, #3521, #3922, #4745, #2287, #1076, #5172, #2713, #656, #3937, #746, #1519, #1139, #5258, #3593, #3201, #1175, #2776, #2005, #4377, #706, #316, #1156, #4048, #1120, #1548, #1927, #4008, #1945, #4812, #2795, #1533, #3988, #4456, #1101, #5280, #4397, #2747, #4875, #2349, #4794, #2386, #300, #2333, #3609, #5243, #266, #3166, #4028, #4830, #1570, #4412, #4433, #1985, #3575, #3185, #5221, #722, #1968, #2368, #4854, #2814, #341, #3562, #3223, #769, #3635, #3154, #1590, #2760, #3969, #5205, #693, #284, #4478, #1610, #1235, #4898, #4934, #2855, #4514, #787, #4066, #404, #3693, #2027, #3266, #2431, #5323, #3672, #4104, #387, #808, #1647, #3652, #1219, #4088, #1629, #5298, #2467, #9, #2450, #2055, #3285, #1199, #4496, #4916, #2044, #2832, #827, #366, #5342, #2410, #2881, #3246, #2228, #4293, #2838, #1972, #3566, #711, #5285, #1105, #5224, #4798, #1537, #4835, #2353, #4403, #4861, #1554, #2338, #4034, #4416, #1934, #3973, #2779, #1576, #2764, #2373, #3204, #5261, #1160, #4463 ) ),
 .UNSPECIFIED., .F., .F., .T. ) 
 B_SPLINE_SURFACE_WITH_KNOTS ( ( 2, 2 ),
 ( 3, 2, 2, 2, 2, 2, 2, 2, 2, 2, 2, 2, 2, 2, 2, 2, 2, 2, 2, 2, 2, 2, 2, 2, 2, 2, 2, 2, 2, 2, 2, 2, 2, 2, 2, 2, 2, 2, 2, 2, 2, 2, 2, 2, 2, 2, 2, 2, 2, 2, 2, 2, 2, 2, 2, 2, 2, 2, 2, 2, 2, 2, 2, 2, 2, 2, 2, 2, 2, 2, 2, 2, 2, 2, 2, 2, 2, 2, 2, 2, 2, 2, 2, 2, 2, 2, 2, 2, 3 ),
 ( 0.0000000000000000000, 1.000000000000000000 ),
 ( 0.0000000000000000000, 0.01136363636363636400, 0.02272727272727272800, 0.03409090909090908800, 0.04545454545454545600, 0.05681818181818181600, 0.06818181818181817700, 0.07954545454545454400, 0.09090909090909091200, 0.1022727272727272800, 0.1136363636363636300, 0.1250000000000000000, 0.1363636363636363500, 0.1477272727272727300, 0.1590909090909090900, 0.1704545454545454400, 0.1818181818181818200, 0.1931818181818181800, 0.2045454545454545600, 0.2159090909090909100, 0.2272727272727272700, 0.2386363636363636500, 0.2500000000000000000, 0.2613636363636363500, 0.2727272727272727100, 0.2840909090909091200, 0.2954545454545454700, 0.3068181818181818200, 0.3181818181818181800, 0.3295454545454545300, 0.3409090909090908800, 0.3522727272727272900, 0.3636363636363636500, 0.3750000000000000000, 0.3863636363636363500, 0.3977272727272727100, 0.4090909090909091200, 0.4204545454545454700, 0.4318181818181818200, 0.4431818181818181800, 0.4545454545454545300, 0.4659090909090908800, 0.4772727272727272900, 0.4886363636363636500, 0.5000000000000000000, 0.5113636363636363500, 0.5227272727272727100, 0.5340909090909090600, 0.5454545454545454100, 0.5568181818181817700, 0.5681818181818182300, 0.5795454545454545900, 0.5909090909090909400, 0.6022727272727272900, 0.6136363636363636500, 0.6250000000000000000, 0.6363636363636363500, 0.6477272727272727100, 0.6590909090909090600, 0.6704545454545454100, 0.6818181818181817700, 0.6931818181818182300, 0.7045454545454545900, 0.7159090909090909400, 0.7272727272727272900, 0.7386363636363636500, 0.7500000000000000000, 0.7613636363636363500, 0.7727272727272727100, 0.7840909090909090600, 0.7954545454545454100, 0.8068181818181817700, 0.8181818181818182300, 0.8295454545454545900, 0.8409090909090909400, 0.8522727272727272900, 0.8636363636363636500, 0.8750000000000000000, 0.8863636363636363500, 0.8977272727272727100, 0.9090909090909090600, 0.9204545454545454100, 0.9318181818181817700, 0.9431818181818182300, 0.9545454545454545900, 0.9659090909090909400, 0.9772727272727272900, 0.9886363636363636500, 1.000000000000000000 ),
 .UNSPECIFIED. ) 
 GEOMETRIC_REPRESENTATION_ITEM ( )  RATIONAL_B_SPLINE_SURFACE ( (
 ( 1.000000000000000000, 0.9238795325112867400, 1.000000000000000000, 0.9238795325112867400, 1.000000000000000000, 0.9238795325112867400, 1.000000000000000000, 0.9238795325112867400, 1.000000000000000000, 0.9238795325112867400, 1.000000000000000000, 0.9238795325112867400, 1.000000000000000000, 0.9238795325112867400, 1.000000000000000000, 0.9238795325112867400, 1.000000000000000000, 0.9238795325112867400, 1.000000000000000000, 0.9238795325112867400, 1.000000000000000000, 0.9238795325112867400, 1.000000000000000000, 0.9238795325112867400, 1.000000000000000000, 0.9238795325112867400, 1.000000000000000000, 0.9238795325112867400, 1.000000000000000000, 0.9238795325112867400, 1.000000000000000000, 0.9238795325112867400, 1.000000000000000000, 0.9238795325112867400, 1.000000000000000000, 0.9238795325112867400, 1.000000000000000000, 0.9238795325112867400, 1.000000000000000000, 0.9238795325112867400, 1.000000000000000000, 0.9238795325112867400, 1.000000000000000000, 0.9238795325112867400, 1.000000000000000000, 0.9238795325112867400, 1.000000000000000000, 0.9238795325112867400, 1.000000000000000000, 0.9238795325112867400, 1.000000000000000000, 0.9238795325112867400, 1.000000000000000000, 0.9238795325112867400, 1.000000000000000000, 0.9238795325112867400, 1.000000000000000000, 0.9238795325112867400, 1.000000000000000000, 0.9238795325112867400, 1.000000000000000000, 0.9238795325112867400, 1.000000000000000000, 0.9238795325112867400, 1.000000000000000000, 0.9238795325112867400, 1.000000000000000000, 0.9238795325112867400, 1.000000000000000000, 0.9238795325112867400, 1.000000000000000000, 0.9238795325112867400, 1.000000000000000000, 0.9238795325112867400, 1.000000000000000000, 0.9238795325112867400, 1.000000000000000000, 0.9238795325112867400, 1.000000000000000000, 0.9238795325112867400, 1.000000000000000000, 0.9238795325112867400, 1.000000000000000000, 0.9238795325112867400, 1.000000000000000000, 0.9238795325112867400, 1.000000000000000000, 0.9238795325112867400, 1.000000000000000000, 0.9238795325112867400, 1.000000000000000000, 0.9238795325112867400, 1.000000000000000000, 0.9238795325112867400, 1.000000000000000000, 0.9238795325112867400, 1.000000000000000000, 0.9238795325112867400, 1.000000000000000000, 0.9238795325112867400, 1.000000000000000000, 0.9238795325112867400, 1.000000000000000000, 0.9238795325112867400, 1.000000000000000000, 0.9238795325112867400, 1.000000000000000000, 0.9238795325112867400, 1.000000000000000000, 0.9238795325112867400, 1.000000000000000000, 0.9238795325112867400, 1.000000000000000000, 0.9238795325112867400, 1.000000000000000000, 0.9238795325112867400, 1.000000000000000000, 0.9238795325112867400, 1.000000000000000000, 0.9238795325112867400, 1.000000000000000000, 0.9238795325112867400, 1.000000000000000000, 0.9238795325112867400, 1.000000000000000000, 0.9238795325112867400, 1.000000000000000000, 0.9238795325112867400, 1.000000000000000000, 0.9238795325112867400, 1.000000000000000000, 0.9238795325112867400, 1.000000000000000000, 0.9238795325112867400, 1.000000000000000000, 0.9238795325112867400, 1.000000000000000000, 0.9238795325112867400, 1.000000000000000000, 0.9238795325112867400, 1.000000000000000000, 0.9238795325112867400, 1.000000000000000000, 0.9238795325112867400, 1.000000000000000000, 0.9238795325112867400, 1.000000000000000000, 0.9238795325112867400, 1.000000000000000000, 0.9238795325112867400, 1.000000000000000000, 0.9238795325112867400, 1.000000000000000000, 0.9238795325112867400, 1.000000000000000000, 0.9238795325112867400, 1.000000000000000000, 0.9238795325112867400, 1.000000000000000000, 0.9238795325112867400, 1.000000000000000000, 0.9238795325112867400, 1.000000000000000000, 0.9238795325112867400, 1.000000000000000000, 0.9238795325112867400, 1.000000000000000000, 0.9238795325112867400, 1.000000000000000000, 0.9238795325112867400, 1.000000000000000000, 0.9238795325112867400, 1.000000000000000000, 0.9238795325112867400, 1.000000000000000000, 0.9238795325112867400, 1.000000000000000000),
 ( 1.000000000000000000, 0.9238795325112867400, 1.000000000000000000, 0.9238795325112867400, 1.000000000000000000, 0.9238795325112867400, 1.000000000000000000, 0.9238795325112867400, 1.000000000000000000, 0.9238795325112867400, 1.000000000000000000, 0.9238795325112867400, 1.000000000000000000, 0.9238795325112867400, 1.000000000000000000, 0.9238795325112867400, 1.000000000000000000, 0.9238795325112867400, 1.000000000000000000, 0.9238795325112867400, 1.000000000000000000, 0.9238795325112867400, 1.000000000000000000, 0.9238795325112867400, 1.000000000000000000, 0.9238795325112867400, 1.000000000000000000, 0.9238795325112867400, 1.000000000000000000, 0.9238795325112867400, 1.000000000000000000, 0.9238795325112867400, 1.000000000000000000, 0.9238795325112867400, 1.000000000000000000, 0.9238795325112867400, 1.000000000000000000, 0.9238795325112867400, 1.000000000000000000, 0.9238795325112867400, 1.000000000000000000, 0.9238795325112867400, 1.000000000000000000, 0.9238795325112867400, 1.000000000000000000, 0.9238795325112867400, 1.000000000000000000, 0.9238795325112867400, 1.000000000000000000, 0.9238795325112867400, 1.000000000000000000, 0.9238795325112867400, 1.000000000000000000, 0.9238795325112867400, 1.000000000000000000, 0.9238795325112867400, 1.000000000000000000, 0.9238795325112867400, 1.000000000000000000, 0.9238795325112867400, 1.000000000000000000, 0.9238795325112867400, 1.000000000000000000, 0.9238795325112867400, 1.000000000000000000, 0.9238795325112867400, 1.000000000000000000, 0.9238795325112867400, 1.000000000000000000, 0.9238795325112867400, 1.000000000000000000, 0.9238795325112867400, 1.000000000000000000, 0.9238795325112867400, 1.000000000000000000, 0.9238795325112867400, 1.000000000000000000, 0.9238795325112867400, 1.000000000000000000, 0.9238795325112867400, 1.000000000000000000, 0.9238795325112867400, 1.000000000000000000, 0.9238795325112867400, 1.000000000000000000, 0.9238795325112867400, 1.000000000000000000, 0.9238795325112867400, 1.000000000000000000, 0.9238795325112867400, 1.000000000000000000, 0.9238795325112867400, 1.000000000000000000, 0.9238795325112867400, 1.000000000000000000, 0.9238795325112867400, 1.000000000000000000, 0.9238795325112867400, 1.000000000000000000, 0.9238795325112867400, 1.000000000000000000, 0.9238795325112867400, 1.000000000000000000, 0.9238795325112867400, 1.000000000000000000, 0.9238795325112867400, 1.000000000000000000, 0.9238795325112867400, 1.000000000000000000, 0.9238795325112867400, 1.000000000000000000, 0.9238795325112867400, 1.000000000000000000, 0.9238795325112867400, 1.000000000000000000, 0.9238795325112867400, 1.000000000000000000, 0.9238795325112867400, 1.000000000000000000, 0.9238795325112867400, 1.000000000000000000, 0.9238795325112867400, 1.000000000000000000, 0.9238795325112867400, 1.000000000000000000, 0.9238795325112867400, 1.000000000000000000, 0.9238795325112867400, 1.000000000000000000, 0.9238795325112867400, 1.000000000000000000, 0.9238795325112867400, 1.000000000000000000, 0.9238795325112867400, 1.000000000000000000, 0.9238795325112867400, 1.000000000000000000, 0.9238795325112867400, 1.000000000000000000, 0.9238795325112867400, 1.000000000000000000, 0.9238795325112867400, 1.000000000000000000, 0.9238795325112867400, 1.000000000000000000, 0.9238795325112867400, 1.000000000000000000, 0.9238795325112867400, 1.000000000000000000, 0.9238795325112867400, 1.000000000000000000, 0.9238795325112867400, 1.000000000000000000, 0.9238795325112867400, 1.000000000000000000, 0.9238795325112867400, 1.000000000000000000, 0.9238795325112867400, 1.000000000000000000, 0.9238795325112867400, 1.000000000000000000, 0.9238795325112867400, 1.000000000000000000, 0.9238795325112867400, 1.000000000000000000, 0.9238795325112867400, 1.000000000000000000, 0.9238795325112867400, 1.000000000000000000, 0.9238795325112867400, 1.000000000000000000, 0.9238795325112867400, 1.000000000000000000, 0.9238795325112867400, 1.000000000000000000, 0.9238795325112867400, 1.000000000000000000) ) ) 
 REPRESENTATION_ITEM ( '' )  SURFACE ( )  );
#3447 = CARTESIAN_POINT ( 'NONE',  ( 0.2874553266340769700, -0.03618360698734933400, -0.03317860443492207100 ) ) ;
#3448 = CARTESIAN_POINT ( 'NONE',  ( -0.07237509968083059900, 0.03787500000000003400, 0.0000000000000000000 ) ) ;
#3449 = VECTOR ( 'NONE', #3251, 39.37007874015748100 ) ;
#3450 = DIRECTION ( 'NONE',  ( 1.000000000000000000, 8.503269937333648200E-017, 0.0000000000000000000 ) ) ;
#3451 = CARTESIAN_POINT ( 'NONE',  ( -0.3267889065304057600, -0.04019648675812102100, 0.01664992997496424200 ) ) ;
#3452 = CARTESIAN_POINT ( 'NONE',  ( -0.03871119315042482300, -0.04019648675812097900, 4.922649884530182800E-018 ) ) ;
#3453 = ORIENTED_EDGE ( 'NONE', *, *, #3348, .T. ) ;
#3454 = CARTESIAN_POINT ( 'NONE',  ( 0.1771457834929180700, -0.04277996026178613300, -0.04277996026178613300 ) ) ;
#3455 = CARTESIAN_POINT ( 'NONE',  ( -0.02237509968083062000, 0.03787500000000003400, 0.0000000000000000000 ) ) ;
#3456 = CARTESIAN_POINT ( 'NONE',  ( -0.2505000996808305900, -0.03787500000000006100, 0.01568833867488099800 ) ) ;
#3457 = B_SPLINE_CURVE_WITH_KNOTS ( 'NONE', 3,
 ( #4106, #5283, #2433, #4091, #4877, #2413, #4859, #771, #4900, #1179, #1631, #4500, #2836, #3638, #4920, #5345 ),
 .UNSPECIFIED., .F., .F.,
 ( 4, 3, 3, 3, 3, 4 ),
 ( 2.174828397006082000E-007, 5.241970570175126100E-005, 0.0001046978584841810600, 0.0001590522546669582500, 0.0002189630888829144000, 0.0002296468795086123000 ),
 .UNSPECIFIED. ) ;
#3458 = CARTESIAN_POINT ( 'NONE',  ( 0.2874553266340769100, -0.01064171080908287400, 0.04792522506905766400 ) ) ;
#3459 = CARTESIAN_POINT ( 'NONE',  ( -0.2899999999999999800, -0.04381933458840146800, 0.01932499961555205600 ) ) ;
#3460 = CARTESIAN_POINT ( 'NONE',  ( -0.06660421650708192600, -1.778590865846394100E-017, -0.06050000000000001900 ) ) ;
#3461 = CARTESIAN_POINT ( 'NONE',  ( 0.05062500000000002400, 0.01568833867488100800, -0.03787500000000004100 ) ) ;
#3462 = CARTESIAN_POINT ( 'NONE',  ( 0.1539376495212457000, 0.0000000000000000000, 0.06050000000000006100 ) ) ;
#3463 = CARTESIAN_POINT ( 'NONE',  ( -0.03175009968083060400, 0.01568833867488100100, -0.03787500000000004100 ) ) ;
#3464 = CARTESIAN_POINT ( 'NONE',  ( -0.005145883173748701600, 0.06050000000000001900, 0.02505992052357226100 ) ) ;
#3465 = CARTESIAN_POINT ( 'NONE',  ( -0.1074611931504248400, 0.02842320836654260000, 0.02842320836654260400 ) ) ;
#3466 = CARTESIAN_POINT ( 'NONE',  ( -0.2174139065304058200, -0.02842320836654263100, -0.02842320836654260700 ) ) ;
#3467 = CARTESIAN_POINT ( 'NONE',  ( 0.09949990031916942900, -0.03787500000000004100, 0.01568833867488099800 ) ) ;
#3468 = CARTESIAN_POINT ( 'NONE',  ( -0.1567500996808305900, -0.01568833867488100800, 0.03787500000000004800 ) ) ;
#3469 = AXIS2_PLACEMENT_3D ( 'NONE', #1662, #2943, #3351 ) ;
#3470 = ORIENTED_EDGE ( 'NONE', *, *, #4808, .T. ) ;
#3471 = CARTESIAN_POINT ( 'NONE',  ( 0.2575000000000000600, 0.0000000000000000000, 0.0000000000000000000 ) ) ;
#3472 = ORIENTED_EDGE ( 'NONE', *, *, #2103, .F. ) ;
#3473 = CARTESIAN_POINT ( 'NONE',  ( 0.1479791168262512800, 0.04277996026178615400, 0.04277996026178614000 ) ) ;
#3474 = CARTESIAN_POINT ( 'NONE',  ( -0.2911250996808306100, -0.02678166933744054900, -0.02678166933744051400 ) ) ;
#3475 = VERTEX_POINT ( 'NONE', #1370 ) ;
#3476 = CARTESIAN_POINT ( 'NONE',  ( -0.2181250000000000100, -0.03787500000000006100, 0.01568833867488099800 ) ) ;
#3477 = CARTESIAN_POINT ( 'NONE',  ( -0.009875099680830615900, 4.707658564851055400E-019, 0.03787500000000004100 ) ) ;
#3478 = CARTESIAN_POINT ( 'NONE',  ( -0.1916042165070819500, -1.359676981044803000E-017, 0.06050000000000001900 ) ) ;
#3479 = ORIENTED_EDGE ( 'NONE', *, *, #1079, .T. ) ;
#3480 = CARTESIAN_POINT ( 'NONE',  ( -0.3486639065304058500, 0.04019648675812095100, 0.0000000000000000000 ) ) ;
#3481 = CARTESIAN_POINT ( 'NONE',  ( -0.1105861931504248500, 0.04019648675812097200, 0.01664992997496423900 ) ) ;
#3482 = CARTESIAN_POINT ( 'NONE',  ( -0.1978542165070819600, 0.04277996026178611900, 0.04277996026178614000 ) ) ;
#3483 = CARTESIAN_POINT ( 'NONE',  ( 0.1807499003191694000, 0.03787500000000004800, 0.01568833867488099400 ) ) ;
#3484 = CARTESIAN_POINT ( 'NONE',  ( -0.1661250996808306100, 0.02678166933744050000, 0.02678166933744051400 ) ) ;
#3485 = SECURITY_CLASSIFICATION_LEVEL ( 'unclassified' ) ;
#3486 = EDGE_CURVE ( 'NONE', #1706, #4639, #2812, .T. ) ;
#3487 = CARTESIAN_POINT ( 'NONE',  ( -0.2899999999999999800, 0.0000000000000000000, 0.0000000000000000000 ) ) ;
#3488 = DIRECTION ( 'NONE',  ( 0.0000000000000000000, 1.000000000000000000, 0.0000000000000000000 ) ) ;
#3489 = CARTESIAN_POINT ( 'NONE',  ( -0.03222921650708193000, -0.06050000000000002600, 0.02505992052357226500 ) ) ;
#3490 = CARTESIAN_POINT ( 'NONE',  ( 0.2896818314476152200, 0.04911403328151015700, 0.01978381737729290000 ) ) ;
#3491 = LINE ( 'NONE', #1853, #3435 ) ;
#3492 = CARTESIAN_POINT ( 'NONE',  ( -0.2524999999999999500, -2.943698385638176800E-017, -0.03787500000000004100 ) ) ;
#3493 = CARTESIAN_POINT ( 'NONE',  ( 0.03699990031916942200, 0.01568833867488099800, 0.03787500000000004800 ) ) ;
#3494 = CARTESIAN_POINT ( 'NONE',  ( 0.2568862695175789200, 0.04064466835444298400, -0.03313078032974532700 ) ) ;
#3495 = EDGE_CURVE ( 'NONE', #2514, #3475, #3762, .T. ) ;
#3496 = DIRECTION ( 'NONE',  ( -0.0000000000000000000, 0.0000000000000000000, -1.000000000000000000 ) ) ;
#3497 = VERTEX_POINT ( 'NONE', #4656 ) ;
#3498 = CARTESIAN_POINT ( 'NONE',  ( -0.2674139065304058600, -0.02842320836654263800, -0.02842320836654260700 ) ) ;
#3499 = CARTESIAN_POINT ( 'NONE',  ( 0.001913806849575135800, -0.01664992997496423500, 0.04019648675812097900 ) ) ;
#3500 = CARTESIAN_POINT ( 'NONE',  ( -0.2384792165070819500, -0.02505992052357232700, 0.06049999999999997000 ) ) ;
#3501 = FACE_OUTER_BOUND ( 'NONE', #2609, .T. ) ;
#3502 = CARTESIAN_POINT ( 'NONE',  ( -0.2543361931504248800, 0.01664992997496421400, 0.04019648675812097900 ) ) ;
#3503 = CARTESIAN_POINT ( 'NONE',  ( -0.2598750996808306100, -2.078740898684901200E-017, 0.03787500000000004100 ) ) ;
#3504 = CALENDAR_DATE ( 2025, 29, 1 ) ;
#3505 = FACE_OUTER_BOUND ( 'NONE', #967, .T. ) ;
#3506 = ORIENTED_EDGE ( 'NONE', *, *, #241, .T. ) ;
#3507 = CYLINDRICAL_SURFACE ( 'NONE', #3746, 0.006687500000000019800 ) ;
#3508 = VECTOR ( 'NONE', #3769, 39.37007874015748100 ) ;
#3509 = VERTEX_POINT ( 'NONE', #3029 ) ;
#3510 = CARTESIAN_POINT ( 'NONE',  ( 0.2847999957979616700, -0.01216811906028557800, 0.04285511621112728800 ) ) ;
#3511 = CARTESIAN_POINT ( 'NONE',  ( -0.2899999999999999800, 0.0000000000000000000, 0.06050000000000002600 ) ) ;
#3512 = ORIENTED_EDGE ( 'NONE', *, *, #5054, .F. ) ;
#3513 = ORIENTED_EDGE ( 'NONE', *, *, #2301, .F. ) ;
#3514 = CARTESIAN_POINT ( 'NONE',  ( -0.1806249999999999800, 0.01568833867488098400, 0.03787500000000004800 ) ) ;
#3515 = CARTESIAN_POINT ( 'NONE',  ( -0.03800009968083061000, -0.01568833867488101900, -0.03787500000000003400 ) ) ;
#3516 = CARTESIAN_POINT ( 'NONE',  ( 0.2100000000000000800, 4.618818746784199700E-017, 0.0000000000000000000 ) ) ;
#3517 = CARTESIAN_POINT ( 'NONE',  ( -0.2262111931504248400, -2.762802584579749900E-017, -0.04019648675812097900 ) ) ;
#3518 = CARTESIAN_POINT ( 'NONE',  ( -0.2142889065304058000, -0.01664992997496428000, -0.04019648675812097900 ) ) ;
#3519 = CARTESIAN_POINT ( 'NONE',  ( 0.08628880684957517000, 0.04019648675812098600, 0.0000000000000000000 ) ) ;
#3520 = CARTESIAN_POINT ( 'NONE',  ( 0.2894984389634989200, 0.04907987290224952200, -0.01900852833141275200 ) ) ;
#3521 = CARTESIAN_POINT ( 'NONE',  ( -0.2074611931504248600, 0.02842320836654259000, 0.02842320836654260400 ) ) ;
#3522 = CARTESIAN_POINT ( 'NONE',  ( -0.1192500996808306500, 0.03787500000000002700, 0.01568833867488099400 ) ) ;
#3523 = EDGE_CURVE ( 'NONE', #4381, #2739, #2902, .T. ) ;
#3524 = APPROVAL_STATUS ( 'not_yet_approved' ) ;
#3525 = DIRECTION ( 'NONE',  ( 0.0000000000000000000, -1.000000000000000000, 1.224646799147353700E-016 ) ) ;
#3526 = ORIENTED_EDGE ( 'NONE', *, *, #1550, .F. ) ;
#3527 = CARTESIAN_POINT ( 'NONE',  ( -0.08999999999999996900, 0.03787500000000003400, 0.0000000000000000000 ) ) ;
#3528 = CARTESIAN_POINT ( 'NONE',  ( -0.2899999999999999800, 7.409113134841490500E-018, -0.06050000000000002600 ) ) ;
#3529 = CARTESIAN_POINT ( 'NONE',  ( -0.2605861931504248600, 0.04019648675812095800, 0.01664992997496423500 ) ) ;
#3530 = CARTESIAN_POINT ( 'NONE',  ( -0.1892889065304058400, 0.01664992997496422500, 0.04019648675812098600 ) ) ;
#3531 = ORIENTED_EDGE ( 'NONE', *, *, #4335, .F. ) ;
#3532 = CARTESIAN_POINT ( 'NONE',  ( 0.2237888068495752200, 1.063668887220392100E-017, -0.04019648675812097900 ) ) ;
#3533 = CARTESIAN_POINT ( 'NONE',  ( 0.2026249003191694400, -0.03787500000000002700, 4.638349751770605400E-018 ) ) ;
#3534 = CARTESIAN_POINT ( 'NONE',  ( -0.04737509968083059000, -0.03787500000000004800, 4.638349751770605400E-018 ) ) ;
#3535 = AXIS2_PLACEMENT_3D ( 'NONE', #1676, #60, #4581 ) ;
#3536 =( BOUNDED_CURVE ( )  B_SPLINE_CURVE ( 2, ( #5027, #107, #1724, #5008, #3396, #4226, #934, #4645, #1290 ),
 .UNSPECIFIED., .F., .T. ) 
 B_SPLINE_CURVE_WITH_KNOTS ( ( 3, 2, 2, 2, 3 ),
 ( 0.7954545454545455300, 0.8068181818181818800, 0.8181818181818183400, 0.8295454545454545900, 0.8409090909090909400 ),
 .UNSPECIFIED. ) 
 CURVE ( )  GEOMETRIC_REPRESENTATION_ITEM ( )  RATIONAL_B_SPLINE_CURVE ( ( 0.9999999999999992200, 0.9238795325112875200, 1.000000000000000000, 0.9238795325112867400, 1.000000000000000000, 0.9238795325112867400, 1.000000000000000000, 0.9238795325112867400, 1.000000000000000000 ) ) 
 REPRESENTATION_ITEM ( '' )  );
#3537 = ORIENTED_EDGE ( 'NONE', *, *, #4428, .F. ) ;
#3538 = CARTESIAN_POINT ( 'NONE',  ( 0.1146457834929180500, -0.04277996026178613300, 0.04277996026178614000 ) ) ;
#3539 = ORIENTED_EDGE ( 'NONE', *, *, #5037, .T. ) ;
#3540 = CARTESIAN_POINT ( 'NONE',  ( 0.1388360934695942200, 3.412930334414772100E-018, -0.04019648675812098600 ) ) ;
#3541 = CARTESIAN_POINT ( 'NONE',  ( -0.2024999999999999600, -2.518534888771494100E-017, -0.03787500000000004100 ) ) ;
#3542 = CARTESIAN_POINT ( 'NONE',  ( -0.2899999999999999800, -0.02262245262552027900, -0.03037664007434159200 ) ) ;
#3543 = CARTESIAN_POINT ( 'NONE',  ( -0.1293361931504248300, -0.01664992997496427000, -0.04019648675812097200 ) ) ;
#3544 = CARTESIAN_POINT ( 'NONE',  ( -0.2174139065304058200, -0.02842320836654263100, -0.02842320836654260700 ) ) ;
#3545 = CARTESIAN_POINT ( 'NONE',  ( -0.3082708831737487300, 0.06049999999999999100, 0.0000000000000000000 ) ) ;
#3546 = CARTESIAN_POINT ( 'NONE',  ( 0.2895980145792954600, 0.04911403328065238500, -0.01939527442705110300 ) ) ;
#3547 = CARTESIAN_POINT ( 'NONE',  ( -0.2480861931504248500, -0.01664992997496425300, 0.04019648675812097900 ) ) ;
#3548 = CARTESIAN_POINT ( 'NONE',  ( -0.02550009968083060200, 0.03787500000000002700, -0.01568833867488101500 ) ) ;
#3549 = DIRECTION ( 'NONE',  ( 0.0000000000000000000, 0.0000000000000000000, 1.000000000000000000 ) ) ;
#3550 = CYLINDRICAL_SURFACE ( 'NONE', #4083, 0.006687500000000006800 ) ;
#3551 = CARTESIAN_POINT ( 'NONE',  ( 0.2860690057693530700, -0.01114769173253590600, -0.04535321140792858400 ) ) ;
#3552 = ORIENTED_EDGE ( 'NONE', *, *, #1854, .F. ) ;
#3553 = CARTESIAN_POINT ( 'NONE',  ( 0.02562500000000001600, -0.01568833867488099100, 0.03787500000000004800 ) ) ;
#3554 = LINE ( 'NONE', #4259, #485 ) ;
#3555 = CYLINDRICAL_SURFACE ( 'NONE', #4234, 0.01957795784253701600 ) ;
#3556 = ORIENTED_EDGE ( 'NONE', *, *, #7, .T. ) ;
#3557 = EDGE_CURVE ( 'NONE', #616, #2180, #1636, .T. ) ;
#3558 = CARTESIAN_POINT ( 'NONE',  ( -0.2330389065304057900, -0.01664992997496425600, 0.04019648675812098600 ) ) ;
#3559 = CARTESIAN_POINT ( 'NONE',  ( 0.1112888068495751800, -0.04019648675812097200, 4.922649884530182800E-018 ) ) ;
#3560 = ORIENTED_EDGE ( 'NONE', *, *, #3557, .T. ) ;
#3561 = DIRECTION ( 'NONE',  ( -1.000000000000000000, -0.0000000000000000000, -0.0000000000000000000 ) ) ;
#3562 = CARTESIAN_POINT ( 'NONE',  ( -0.01371119315042485100, 0.04019648675812097900, 0.0000000000000000000 ) ) ;
#3563 = CARTESIAN_POINT ( 'NONE',  ( 0.1026249003191694200, -0.03787500000000003400, 4.638349751770605400E-018 ) ) ;
#3564 = CARTESIAN_POINT ( 'NONE',  ( 0.2568859849007683600, -0.04901426559109520200, -0.01863297453183665800 ) ) ;
#3565 = CARTESIAN_POINT ( 'NONE',  ( -0.2899999999999999800, 0.03787500000000001300, 0.0000000000000000000 ) ) ;
#3566 = CARTESIAN_POINT ( 'NONE',  ( 0.1612888068495751900, -0.04019648675812095800, 4.922649884530182800E-018 ) ) ;
#3567 = ORIENTED_EDGE ( 'NONE', *, *, #1735, .F. ) ;
#3568 = AXIS2_PLACEMENT_3D ( 'NONE', #99, #1772, #2188 ) ;
#3569 = CARTESIAN_POINT ( 'NONE',  ( 0.2572966925768165300, 0.04909570473790164000, 0.02035642673897305000 ) ) ;
#3570 = CARTESIAN_POINT ( 'NONE',  ( -0.02749999999999997900, -1.027926993839848600E-018, 0.03787500000000004100 ) ) ;
#3571 = DIRECTION ( 'NONE',  ( -0.0000000000000000000, 0.0000000000000000000, -1.000000000000000000 ) ) ;
#3572 = CARTESIAN_POINT ( 'NONE',  ( -0.08616390653040580100, -5.874127255525563500E-018, 0.04019648675812098600 ) ) ;
#3573 = CARTESIAN_POINT ( 'NONE',  ( 0.1894138068495752100, 0.04019648675812099300, 0.01664992997496423900 ) ) ;
#3574 = CARTESIAN_POINT ( 'NONE',  ( -0.3322292165070819300, -0.06050000000000004700, 0.02505992052357226100 ) ) ;
#3575 = CARTESIAN_POINT ( 'NONE',  ( -0.04183619315042484000, -0.04019648675812097900, 0.01664992997496424200 ) ) ;
#3576 = CARTESIAN_POINT ( 'NONE',  ( 0.02137490031916942600, 0.02678166933744051100, -0.02678166933744052400 ) ) ;
#3577 = EDGE_CURVE ( 'NONE', #5112, #1028, #2868, .T. ) ;
#3578 = DIRECTION ( 'NONE',  ( 1.000000000000000000, 8.503269937333648200E-017, 0.0000000000000000000 ) ) ;
#3579 = CARTESIAN_POINT ( 'NONE',  ( -0.2478542165070819800, 0.04277996026178611200, 0.04277996026178614000 ) ) ;
#3580 = CARTESIAN_POINT ( 'NONE',  ( 0.2822824050838381700, -0.02263653820765537700, -0.03326914924299485800 ) ) ;
#3581 = CARTESIAN_POINT ( 'NONE',  ( 0.01047911682625131900, -0.04277996026178614000, 0.04277996026178614000 ) ) ;
#3582 = ORIENTED_EDGE ( 'NONE', *, *, #5075, .F. ) ;
#3583 = CARTESIAN_POINT ( 'NONE',  ( 0.1539376495212457000, 0.03196676493737805900, 0.05136512376543469300 ) ) ;
#3584 = CARTESIAN_POINT ( 'NONE',  ( -0.2337500000000000100, 0.02678166933744049700, 0.02678166933744051400 ) ) ;
#3585 = ORIENTED_EDGE ( 'NONE', *, *, #2791, .F. ) ;
#3586 = CARTESIAN_POINT ( 'NONE',  ( 0.01312500000000001300, 0.03787500000000004800, 0.01568833867488099400 ) ) ;
#3587 = DIRECTION ( 'NONE',  ( -1.000000000000000000, 0.0000000000000000000, 0.0000000000000000000 ) ) ;
#3588 = CARTESIAN_POINT ( 'NONE',  ( 0.1539376495212457000, 0.03196676493737805900, 0.05136512376543469300 ) ) ;
#3589 = CARTESIAN_POINT ( 'NONE',  ( 0.1107110934695942400, 0.01664992997496424900, 0.04019648675812098600 ) ) ;
#3590 = CARTESIAN_POINT ( 'NONE',  ( -0.1520208831737487300, 0.04277996026178613300, 0.04277996026178614000 ) ) ;
#3591 = DIRECTION ( 'NONE',  ( -1.000000000000000000, -0.0000000000000000000, -0.0000000000000000000 ) ) ;
#3592 =( BOUNDED_CURVE ( )  B_SPLINE_CURVE ( 2, ( #2177, #517, #2162, #1704, #2563, #1340, #479, #3841, #5007, #1740, #4632, #915, #2965, #3356, #2145, #3770, #106, #1304, #86, #2600, #4614, #2982, #5067, #5044, #3786, #2544, #2108, #1723, #1327, #3395, #500, #4190, #4209, #1779, #533, #2582, #123, #3004, #3412, #3428, #955, #4991, #4177, #1359, #4592, #4225, #138, #3019, #555, #1795, #4663, #1036, #984, #2225, #2651, #2213, #3887, #2193, #3901, #188, #1430, #589, #5154, #5139, #153, #3052, #3073, #5084, #4258, #604, #3448, #2619, #3855, #3036, #5100, #574, #4676, #1399, #1809, #2633, #1843, #3515, #173, #3463, #637, #200, #1005, #1858, #3871, #1446, #3477, #1414, #2692, #3086, #1020, #3101, #4690, #1822, #4277, #623, #5122, #4290, #4706, #2245, #2672, #3493, #4305, #4726, #1049, #2260, #217, #1378, #4243, #232, #3981, #2772, #3150, #2754, #668, #4770, #1889, #1113, #1480, #2325, #3162, #4392, #262, #1922, #3916, #2311, #688, #2280, #717, #4754, #1497, #4372, #3134, #2723, #3116, #1907, #5166, #293, #281, #701, #3963, #5199, #2741 ),
 .UNSPECIFIED., .F., .F. ) 
 B_SPLINE_CURVE_WITH_KNOTS ( ( 3, 2, 2, 2, 2, 2, 2, 2, 2, 2, 2, 2, 2, 2, 2, 2, 2, 2, 2, 2, 2, 2, 2, 2, 2, 2, 2, 2, 2, 2, 2, 2, 2, 2, 2, 2, 2, 2, 2, 2, 2, 2, 2, 2, 2, 2, 2, 2, 2, 2, 2, 2, 2, 2, 2, 2, 2, 2, 2, 2, 2, 2, 2, 2, 2, 2, 2, 2, 2, 2, 2, 2, 2, 3 ),
 ( 0.05894812904808638400, 0.06818181818181817700, 0.07954545454545454400, 0.09090909090909091200, 0.1022727272727272800, 0.1136363636363636300, 0.1250000000000000000, 0.1363636363636363500, 0.1477272727272727300, 0.1590909090909090900, 0.1704545454545454100, 0.1818181818181818200, 0.1931818181818181800, 0.2045454545454545600, 0.2159090909090909100, 0.2272727272727272700, 0.2386363636363636200, 0.2500000000000000000, 0.2613636363636363500, 0.2727272727272727100, 0.2840909090909091200, 0.2954545454545454700, 0.3068181818181818200, 0.3181818181818181800, 0.3295454545454545300, 0.3409090909090908800, 0.3522727272727272900, 0.3636363636363636500, 0.3750000000000000000, 0.3863636363636363500, 0.3977272727272727100, 0.4090909090909091200, 0.4204545454545455300, 0.4318181818181817700, 0.4431818181818181800, 0.4545454545454545300, 0.4659090909090908800, 0.4772727272727272900, 0.4886363636363636500, 0.5000000000000000000, 0.5113636363636364600, 0.5227272727272727100, 0.5340909090909090600, 0.5454545454545454100, 0.5568181818181817700, 0.5681818181818183400, 0.5795454545454545900, 0.5909090909090910500, 0.6022727272727272900, 0.6136363636363637600, 0.6250000000000000000, 0.6363636363636364600, 0.6477272727272727100, 0.6590909090909091700, 0.6704545454545454100, 0.6818181818181818800, 0.6931818181818181200, 0.7045454545454545900, 0.7159090909090910500, 0.7272727272727272900, 0.7386363636363637600, 0.7500000000000000000, 0.7613636363636364600, 0.7727272727272727100, 0.7840909090909091700, 0.7954545454545454100, 0.8068181818181818800, 0.8181818181818183400, 0.8295454545454545900, 0.8409090909090910500, 0.8522727272727272900, 0.8636363636363637600, 0.8750000000000000000, 0.8771299472299045600 ),
 .UNSPECIFIED. ) 
 CURVE ( )  GEOMETRIC_REPRESENTATION_ITEM ( )  RATIONAL_B_SPLINE_CURVE ( ( 0.9768131965905579900, 0.9381471994515497800, 1.000000000000000000, 0.9238795325112867400, 1.000000000000000000, 0.9238795325112867400, 1.000000000000000000, 0.9238795325112867400, 1.000000000000000000, 0.9238795325112867400, 1.000000000000000000, 0.9238795325112867400, 1.000000000000000000, 0.9238795325112867400, 1.000000000000000000, 0.9238795325112867400, 1.000000000000000000, 0.9238795325112867400, 1.000000000000000000, 0.9238795325112867400, 1.000000000000000000, 0.9238795325112867400, 1.000000000000000000, 0.9238795325112867400, 1.000000000000000000, 0.9238795325112867400, 1.000000000000000000, 0.9238795325112867400, 1.000000000000000000, 0.9238795325112867400, 1.000000000000000000, 0.9238795325112867400, 1.000000000000000000, 0.9238795325112867400, 1.000000000000000000, 0.9238795325112867400, 1.000000000000000000, 0.9238795325112867400, 1.000000000000000000, 0.9238795325112867400, 1.000000000000000000, 0.9238795325112867400, 1.000000000000000000, 0.9238795325112867400, 1.000000000000000000, 0.9238795325112867400, 1.000000000000000000, 0.9238795325112867400, 1.000000000000000000, 0.9238795325112867400, 1.000000000000000000, 0.9238795325112867400, 1.000000000000000000, 0.9238795325112867400, 1.000000000000000000, 0.9238795325112867400, 1.000000000000000000, 0.9238795325112867400, 1.000000000000000000, 0.9238795325112867400, 1.000000000000000000, 0.9238795325112867400, 1.000000000000000000, 0.9238795325112867400, 1.000000000000000000, 0.9238795325112867400, 1.000000000000000000, 0.9238795325112867400, 1.000000000000000000, 0.9238795325112867400, 1.000000000000000000, 0.9238795325112867400, 1.000000000000000000, 0.9238795325112867400, 1.000000000000000000, 0.9238795325112867400, 1.000000000000000000, 0.9238795325112867400, 1.000000000000000000, 0.9238795325112867400, 1.000000000000000000, 0.9238795325112867400, 1.000000000000000000, 0.9238795325112867400, 1.000000000000000000, 0.9238795325112867400, 1.000000000000000000, 0.9238795325112867400, 1.000000000000000000, 0.9238795325112867400, 1.000000000000000000, 0.9238795325112867400, 1.000000000000000000, 0.9238795325112867400, 1.000000000000000000, 0.9238795325112867400, 1.000000000000000000, 0.9238795325112867400, 1.000000000000000000, 0.9238795325112867400, 1.000000000000000000, 0.9238795325112867400, 1.000000000000000000, 0.9238795325112867400, 1.000000000000000000, 0.9238795325112867400, 1.000000000000000000, 0.9238795325112867400, 1.000000000000000000, 0.9238795325112867400, 1.000000000000000000, 0.9238795325112867400, 1.000000000000000000, 0.9238795325112867400, 1.000000000000000000, 0.9238795325112867400, 1.000000000000000000, 0.9238795325112867400, 1.000000000000000000, 0.9238795325112867400, 1.000000000000000000, 0.9238795325112867400, 1.000000000000000000, 0.9238795325112867400, 1.000000000000000000, 0.9238795325112867400, 1.000000000000000000, 0.9238795325112867400, 1.000000000000000000, 0.9238795325112867400, 1.000000000000000000, 0.9238795325112867400, 1.000000000000000000, 0.9238795325112867400, 1.000000000000000000, 0.9238795325112867400, 1.000000000000000000, 0.9238795325112867400, 1.000000000000000000, 0.9238795325112867400, 1.000000000000000000, 0.9238795325112867400, 1.000000000000000000, 0.9238795325112867400, 1.000000000000000000, 0.9857323330597369500, 0.9768131965905579900 ) ) 
 REPRESENTATION_ITEM ( '' )  );
#3593 = CARTESIAN_POINT ( 'NONE',  ( -0.1668361931504248600, 0.04019648675812095800, -0.01664992997496426300 ) ) ;
#3594 = ORIENTED_EDGE ( 'NONE', *, *, #1854, .T. ) ;
#3595 = CARTESIAN_POINT ( 'NONE',  ( -0.0005000996808305956200, -0.03787500000000004800, 0.01568833867488099800 ) ) ;
#3596 = AXIS2_PLACEMENT_3D ( 'NONE', #323, #3273, #353 ) ;
#3597 = CARTESIAN_POINT ( 'NONE',  ( 0.2550874181506270800, -0.04701222515261524500, -0.01491452697009714600 ) ) ;
#3598 = CARTESIAN_POINT ( 'NONE',  ( 0.2497735273518779700, -0.01754819639298004300, 0.03619497170255230000 ) ) ;
#3599 = CARTESIAN_POINT ( 'NONE',  ( 0.2900000000000000400, -0.004662832236999762300, -0.05329641634790842400 ) ) ;
#3600 = DIRECTION ( 'NONE',  ( 1.000000000000000000, 8.503269937333648200E-017, 0.0000000000000000000 ) ) ;
#3601 = CARTESIAN_POINT ( 'NONE',  ( -0.2900393700787401400, 0.004079978207374756900, -0.04663436430441983400 ) ) ;
#3602 = CARTESIAN_POINT ( 'NONE',  ( -0.2899999999999999800, 0.03787500000000001300, 0.0000000000000000000 ) ) ;
#3603 = CARTESIAN_POINT ( 'NONE',  ( 0.01937500000000004800, 0.01568833867488099800, 0.03787500000000004800 ) ) ;
#3604 = CARTESIAN_POINT ( 'NONE',  ( -0.06452088317374869700, 0.04277996026178611900, -0.04277996026178614700 ) ) ;
#3605 = EDGE_CURVE ( 'NONE', #3732, #1094, #976, .T. ) ;
#3606 = CARTESIAN_POINT ( 'NONE',  ( -0.06116390653040578600, -1.359360954025252000E-017, -0.04019648675812098600 ) ) ;
#3607 = CARTESIAN_POINT ( 'NONE',  ( -0.1926458831737487000, -0.02505992052357227500, 0.06050000000000001900 ) ) ;
#3608 = CARTESIAN_POINT ( 'NONE',  ( 0.1450860934695942000, 0.02842320836654261800, -0.02842320836654261800 ) ) ;
#3609 = CARTESIAN_POINT ( 'NONE',  ( -0.07308619315042484700, 0.01664992997496424200, -0.04019648675812097200 ) ) ;
#3610 = CARTESIAN_POINT ( 'NONE',  ( 0.2088749003191694200, -0.02678166933744050700, -0.02678166933744051400 ) ) ;
#3611 = VECTOR ( 'NONE', #1498, 39.37007874015748100 ) ;
#3612 = CARTESIAN_POINT ( 'NONE',  ( -0.08222921650708194000, -0.06050000000000002600, 0.02505992052357226500 ) ) ;
#3613 = DIRECTION ( 'NONE',  ( -1.000000000000000000, -0.0000000000000000000, -0.0000000000000000000 ) ) ;
#3614 = ORIENTED_EDGE ( 'NONE', *, *, #2184, .F. ) ;
#3615 = VECTOR ( 'NONE', #5026, 39.37007874015748100 ) ;
#3616 = CARTESIAN_POINT ( 'NONE',  ( -0.3212500000000000400, -0.02678166933744054500, 0.02678166933744051800 ) ) ;
#3617 = COORDINATED_UNIVERSAL_TIME_OFFSET ( 6, 0, .BEHIND. ) ;
#3618 = ORIENTED_EDGE ( 'NONE', *, *, #198, .T. ) ;
#3619 = CARTESIAN_POINT ( 'NONE',  ( -0.2166042165070819200, -3.054081356446441500E-017, -0.06050000000000001200 ) ) ;
#3620 = CARTESIAN_POINT ( 'NONE',  ( -0.2536250996808306300, -0.02678166933744053800, 0.02678166933744051800 ) ) ;
#3621 = CARTESIAN_POINT ( 'NONE',  ( 0.1011041168262513300, 0.02505992052357227200, 0.06050000000000001900 ) ) ;
#3622 = EDGE_LOOP ( 'NONE', ( #748, #648, #520, #4267 ) ) ;
#3623 = LINE ( 'NONE', #3511, #4985 ) ;
#3624 = CARTESIAN_POINT ( 'NONE',  ( 0.2503791500028752500, 0.01534635725095027900, -0.03826424080507190300 ) ) ;
#3625 = CIRCLE ( 'NONE', #2486, 0.05349999999999999900 ) ;
#3626 = FACE_OUTER_BOUND ( 'NONE', #244, .T. ) ;
#3627 = CARTESIAN_POINT ( 'NONE',  ( -0.2681250000000000000, -0.03787500000000006100, 0.01568833867488099800 ) ) ;
#3628 = CARTESIAN_POINT ( 'NONE',  ( 0.09125000000000001200, -0.02678166933744051400, -0.02678166933744051400 ) ) ;
#3629 = CARTESIAN_POINT ( 'NONE',  ( 0.05110411682625130800, 0.02505992052357226500, 0.06050000000000001900 ) ) ;
#3630 = CARTESIAN_POINT ( 'NONE',  ( -0.1541042165070819500, 0.06050000000000000500, 0.0000000000000000000 ) ) ;
#3631 = CARTESIAN_POINT ( 'NONE',  ( 0.1294610934695942000, -0.04019648675812098600, -0.01664992997496422800 ) ) ;
#3632 = CARTESIAN_POINT ( 'NONE',  ( -0.1832708831737487100, -0.06050000000000003300, 7.409113134841489000E-018 ) ) ;
#3633 = DIRECTION ( 'NONE',  ( -1.000000000000000000, -0.0000000000000000000, -0.0000000000000000000 ) ) ;
#3634 = CARTESIAN_POINT ( 'NONE',  ( -0.08871119315042483300, -0.04019648675812098600, 4.922649884530182800E-018 ) ) ;
#3635 = CARTESIAN_POINT ( 'NONE',  ( -0.004336193150424832700, 0.01664992997496423900, 0.04019648675812097900 ) ) ;
#3636 = CARTESIAN_POINT ( 'NONE',  ( 0.1901249003191694300, 1.747730573115240300E-017, 0.03787500000000004100 ) ) ;
#3637 = ORIENTED_EDGE ( 'NONE', *, *, #117, .F. ) ;
#3638 = CARTESIAN_POINT ( 'NONE',  ( 0.2875874181506270500, -0.04701222515261523100, 0.01491452697009712800 ) ) ;
#3639 = CARTESIAN_POINT ( 'NONE',  ( 0.2497824050838380600, -0.02263653820765527600, 0.03326914924299487200 ) ) ;
#3640 = CARTESIAN_POINT ( 'NONE',  ( -0.1916042165070819500, -1.359676981044803000E-017, 0.06050000000000001200 ) ) ;
#3641 = CARTESIAN_POINT ( 'NONE',  ( -0.001211193150424847900, 1.349631282263572900E-018, 0.04019648675812097900 ) ) ;
#3642 = CARTESIAN_POINT ( 'NONE',  ( 0.08860411682625130000, 0.06050000000000001200, -0.02505992052357230000 ) ) ;
#3643 = CARTESIAN_POINT ( 'NONE',  ( -0.2368750000000000300, 0.03787500000000002000, 0.01568833867488099400 ) ) ;
#3644 = DIRECTION ( 'NONE',  ( -1.000000000000000000, -0.0000000000000000000, -0.0000000000000000000 ) ) ;
#3645 = CARTESIAN_POINT ( 'NONE',  ( 0.09797911682625128100, 0.04277996026178614700, 0.04277996026178614000 ) ) ;
#3646 = CARTESIAN_POINT ( 'NONE',  ( 0.2575000000000000600, -0.004662832236999763100, -0.05329641634790837500 ) ) ;
#3647 = CARTESIAN_POINT ( 'NONE',  ( 0.001336093469594194500, 0.04019648675812097900, 0.0000000000000000000 ) ) ;
#3648 = ORIENTED_EDGE ( 'NONE', *, *, #1214, .T. ) ;
#3649 = CARTESIAN_POINT ( 'NONE',  ( -0.2676458831737487700, 0.02505992052357225100, -0.06050000000000000500 ) ) ;
#3650 = CARTESIAN_POINT ( 'NONE',  ( -0.2884792165070819100, -0.02505992052357228200, 0.06050000000000000500 ) ) ;
#3651 = CARTESIAN_POINT ( 'NONE',  ( -0.1262111931504248400, -1.912475590846384800E-017, -0.04019648675812097900 ) ) ;
#3652 = CARTESIAN_POINT ( 'NONE',  ( 0.08316380684957519500, 0.04019648675812097900, -0.01664992997496426300 ) ) ;
#3653 = CARTESIAN_POINT ( 'NONE',  ( 0.1244999003191694400, 0.03787500000000004800, -0.01568833867488101500 ) ) ;
#3654 = EDGE_CURVE ( 'NONE', #4502, #3376, #4544, .T. ) ;
#3655 = DIRECTION ( 'NONE',  ( 0.0000000000000000000, 0.0000000000000000000, 1.000000000000000000 ) ) ;
#3656 = CARTESIAN_POINT ( 'NONE',  ( 0.2874553266340769100, 0.03618360698734932700, -0.03317860443492203600 ) ) ;
#3657 = ORIENTED_EDGE ( 'NONE', *, *, #3203, .F. ) ;
#3658 = CARTESIAN_POINT ( 'NONE',  ( 0.1237888068495751900, 2.133418934870271700E-018, -0.04019648675812097900 ) ) ;
#3659 = CARTESIAN_POINT ( 'NONE',  ( -0.2197292165070819400, -0.02505992052357230600, -0.06049999999999999100 ) ) ;
#3660 = CARTESIAN_POINT ( 'NONE',  ( -0.3067500996808306700, -0.01568833867488101500, 0.03787500000000004800 ) ) ;
#3661 = CARTESIAN_POINT ( 'NONE',  ( 0.2497735279532557800, 0.02257166837733536000, 0.03329466960846570000 ) ) ;
#3662 = ORIENTED_EDGE ( 'NONE', *, *, #5217, .T. ) ;
#3663 = CARTESIAN_POINT ( 'NONE',  ( 0.2549553266340770000, 0.01064171080908284300, -0.04792522506905795600 ) ) ;
#3664 = CARTESIAN_POINT ( 'NONE',  ( 0.1544610934695941900, 0.04019648675812099300, 0.01664992997496424200 ) ) ;
#3665 = CARTESIAN_POINT ( 'NONE',  ( 0.2828870152437290000, 0.02549365074506719500, 0.03241650481046947500 ) ) ;
#3666 = CARTESIAN_POINT ( 'NONE',  ( 0.06360411682625132000, -0.06050000000000000500, 0.02505992052357226500 ) ) ;
#3667 = DIRECTION ( 'NONE',  ( -1.000000000000000000, 0.0000000000000000000, 0.0000000000000000000 ) ) ;
#3668 = VERTEX_POINT ( 'NONE', #229 ) ;
#3669 = CARTESIAN_POINT ( 'NONE',  ( -0.001788906530405789200, 0.04019648675812097200, -0.01664992997496426600 ) ) ;
#3670 = CARTESIAN_POINT ( 'NONE',  ( 0.02691380684957514100, 0.01664992997496424600, -0.04019648675812097200 ) ) ;
#3671 = CARTESIAN_POINT ( 'NONE',  ( -0.04808619315042483200, -0.01664992997496424200, 0.04019648675812097900 ) ) ;
#3672 = CARTESIAN_POINT ( 'NONE',  ( 0.06753880684957520900, -0.02842320836654260400, -0.02842320836654260400 ) ) ;
#3673 = CARTESIAN_POINT ( 'NONE',  ( 0.1963749003191694000, -0.02678166933744050000, 0.02678166933744051800 ) ) ;
#3674 = AXIS2_PLACEMENT_3D ( 'NONE', #1475, #4337, #684 ) ;
#3675 = CARTESIAN_POINT ( 'NONE',  ( -0.1957708831737486900, -1.395107272450360300E-017, 0.06050000000000001900 ) ) ;
#3676 = CARTESIAN_POINT ( 'NONE',  ( 0.2900000000000000400, 9.715098770946713200E-018, 0.0000000000000000000 ) ) ;
#3677 = CARTESIAN_POINT ( 'NONE',  ( 0.2897239459756329500, -0.04926470353665105000, -0.01963999782110459300 ) ) ;
#3678 = DIRECTION ( 'NONE',  ( 1.000000000000000000, 9.237637493568399400E-017, -0.0000000000000000000 ) ) ;
#3679 = CARTESIAN_POINT ( 'NONE',  ( -0.2228542165070819500, -0.04277996026178616100, -0.04277996026178613300 ) ) ;
#3680 = CARTESIAN_POINT ( 'NONE',  ( -0.2755000996808306700, 0.03787500000000000600, -0.01568833867488101500 ) ) ;
#3681 = CIRCLE ( 'NONE', #1788, 0.05350000000000004100 ) ;
#3682 = CARTESIAN_POINT ( 'NONE',  ( 0.2522906303669598700, 0.01217696386140352000, -0.04283609478980483800 ) ) ;
#3683 = CARTESIAN_POINT ( 'NONE',  ( -0.03687499999999996300, 0.03787500000000004100, 0.01568833867488099400 ) ) ;
#3684 = CARTESIAN_POINT ( 'NONE',  ( 0.1443750000000000600, -0.01568833867488100800, -0.03787500000000003400 ) ) ;
#3685 = DIRECTION ( 'NONE',  ( 0.0000000000000000000, 0.0000000000000000000, 1.000000000000000000 ) ) ;
#3686 = CARTESIAN_POINT ( 'NONE',  ( 0.2575000000000000600, -0.04343187647810085200, 0.03124725574445932600 ) ) ;
#3687 = ORIENTED_EDGE ( 'NONE', *, *, #725, .T. ) ;
#3688 = EDGE_CURVE ( 'NONE', #1058, #133, #3942, .T. ) ;
#3689 = CARTESIAN_POINT ( 'NONE',  ( -0.09866390653040579800, 0.04019648675812097200, 0.0000000000000000000 ) ) ;
#3690 = CARTESIAN_POINT ( 'NONE',  ( 0.03316380684957517800, 0.04019648675812097200, -0.01664992997496426300 ) ) ;
#3691 = ORIENTED_EDGE ( 'NONE', *, *, #1409, .F. ) ;
#3692 = CARTESIAN_POINT ( 'NONE',  ( -0.03871119315042482300, -0.04019648675812097900, 4.922649884530182800E-018 ) ) ;
#3693 = CARTESIAN_POINT ( 'NONE',  ( 0.05191380684957516000, -0.01664992997496422800, 0.04019648675812097900 ) ) ;
#3694 = CONICAL_SURFACE ( 'NONE', #3852, 0.05349999999999999200, 1.047197551196592700 ) ;
#3695 = TOROIDAL_SURFACE ( 'NONE', #911, 0.05435833333333329300, 0.01439999999999999300 ) ;
#3696 = ORIENTED_EDGE ( 'NONE', *, *, #2371, .F. ) ;
#3697 = CARTESIAN_POINT ( 'NONE',  ( 0.07922911682625130600, -5.385306666519049200E-018, -0.06050000000000001900 ) ) ;
#3698 = CARTESIAN_POINT ( 'NONE',  ( 0.1677751058491021300, 4.228760481413908200E-017, 0.0000000000000000000 ) ) ;
#3699 = ORIENTED_EDGE ( 'NONE', *, *, #4756, .T. ) ;
#3700 = CARTESIAN_POINT ( 'NONE',  ( 0.06753880684957520900, -0.02842320836654260400, -0.02842320836654260400 ) ) ;
#3701 = CARTESIAN_POINT ( 'NONE',  ( -0.06035421650708192000, 0.04277996026178611200, -0.04277996026178614000 ) ) ;
#3702 = CARTESIAN_POINT ( 'NONE',  ( -0.2661250996808305900, 0.02678166933744049300, 0.02678166933744051400 ) ) ;
#3703 = LINE ( 'NONE', #1868, #423 ) ;
#3704 = ORIENTED_EDGE ( 'NONE', *, *, #1689, .F. ) ;
#3705 = CARTESIAN_POINT ( 'NONE',  ( -0.1274999999999999700, -9.531196931173496600E-018, 0.03787500000000004100 ) ) ;
#3706 = CARTESIAN_POINT ( 'NONE',  ( 0.1537500000000000300, 0.02678166933744052400, -0.02678166933744052400 ) ) ;
#3707 = CARTESIAN_POINT ( 'NONE',  ( 0.2575000000000000600, 0.04848746660646076300, -0.02261007700312740000 ) ) ;
#3708 = CARTESIAN_POINT ( 'NONE',  ( 0.2568862695175789800, -0.04064466835444304600, 0.03313078032974529900 ) ) ;
#3709 = ADVANCED_FACE ( 'NONE', ( #1061 ), #3694, .F. ) ;
#3710 = CARTESIAN_POINT ( 'NONE',  ( -0.1299139065304058000, -0.02842320836654262100, 0.02842320836654261100 ) ) ;
#3711 = CARTESIAN_POINT ( 'NONE',  ( -0.03374999999999998100, 0.02678166933744051400, 0.02678166933744051400 ) ) ;
#3712 = EDGE_CURVE ( 'NONE', #2514, #4453, #2998, .T. ) ;
#3713 = CARTESIAN_POINT ( 'NONE',  ( -0.2899999999999999200, 0.02320631599054791600, -0.03073175554915530100 ) ) ;
#3714 = CARTESIAN_POINT ( 'NONE',  ( 0.2874553266340769700, -0.03618360698734933400, -0.03317860443492207100 ) ) ;
#3715 = DIRECTION ( 'NONE',  ( 0.0000000000000000000, 1.000000000000000000, 0.0000000000000000000 ) ) ;
#3716 = CARTESIAN_POINT ( 'NONE',  ( 0.06441380684957515000, -0.04019648675812097900, -0.01664992997496422500 ) ) ;
#3717 = CARTESIAN_POINT ( 'NONE',  ( 0.04589578349291807700, 0.06050000000000001200, 0.0000000000000000000 ) ) ;
#3718 = CARTESIAN_POINT ( 'NONE',  ( -0.2192500996808306700, 0.03787500000000002000, 0.01568833867488099400 ) ) ;
#3719 = B_SPLINE_CURVE_WITH_KNOTS ( 'NONE', 3,
 ( #407, #2929, #442, #3303, #3338, #4124 ),
 .UNSPECIFIED., .F., .F.,
 ( 4, 2, 4 ),
 ( 2.967205183085455100E-007, 0.0002237070632990984600, 0.0004471174060798883800 ),
 .UNSPECIFIED. ) ;
#3720 = CARTESIAN_POINT ( 'NONE',  ( -0.1520208831737487300, 0.04277996026178613300, 0.04277996026178614000 ) ) ;
#3721 = CARTESIAN_POINT ( 'NONE',  ( -0.1337499999999999800, 0.02678166933744050700, 0.02678166933744051400 ) ) ;
#3722 = VERTEX_POINT ( 'NONE', #1015 ) ;
#3723 = CARTESIAN_POINT ( 'NONE',  ( 0.2900000000000000400, 0.0000000000000000000, 0.05349999999999999900 ) ) ;
#3724 = CARTESIAN_POINT ( 'NONE',  ( 0.2847906303669597800, 0.01217696386140361400, 0.04283609478980462300 ) ) ;
#3725 = CARTESIAN_POINT ( 'NONE',  ( 0.2551530209608806600, -0.03654494795702643200, 0.03329080065217200600 ) ) ;
#3726 = CARTESIAN_POINT ( 'NONE',  ( -0.1486639065304058100, 0.04019648675812097200, 0.0000000000000000000 ) ) ;
#3727 = ORIENTED_EDGE ( 'NONE', *, *, #4373, .F. ) ;
#3728 = CARTESIAN_POINT ( 'NONE',  ( -0.1524999999999999700, -2.093371391904811800E-017, -0.03787500000000004100 ) ) ;
#3729 = DIRECTION ( 'NONE',  ( 0.0000000000000000000, 1.000000000000000000, 0.0000000000000000000 ) ) ;
#3730 = CARTESIAN_POINT ( 'NONE',  ( 0.2549553266340769400, -0.03618360698734936200, 0.03317860443492202200 ) ) ;
#3731 = CARTESIAN_POINT ( 'NONE',  ( 0.2498769853744550200, 4.987187882009743900E-017, 0.0000000000000000000 ) ) ;
#3732 = VERTEX_POINT ( 'NONE', #633 ) ;
#3733 = ADVANCED_FACE ( 'NONE', ( #5050 ), #1252, .T. ) ;
#3734 = DIRECTION ( 'NONE',  ( 0.0000000000000000000, 0.0000000000000000000, 1.000000000000000000 ) ) ;
#3735 = CARTESIAN_POINT ( 'NONE',  ( 0.01152078349291805300, -0.02505992052357225100, 0.06050000000000000500 ) ) ;
#3736 = CARTESIAN_POINT ( 'NONE',  ( -0.1255000996808306200, 0.03787500000000002000, -0.01568833867488101500 ) ) ;
#3737 = CARTESIAN_POINT ( 'NONE',  ( -0.2861639065304058000, -2.288066713019285900E-017, 0.04019648675812098600 ) ) ;
#3738 = AXIS2_PLACEMENT_3D ( 'NONE', #3047, #600, #2628 ) ;
#3739 = CARTESIAN_POINT ( 'NONE',  ( -0.03062499999999996500, 0.01568833867488099100, 0.03787500000000004800 ) ) ;
#3740 = CARTESIAN_POINT ( 'NONE',  ( -0.06452088317374869700, 0.04277996026178611900, -0.04277996026178614700 ) ) ;
#3741 = MECHANICAL_CONTEXT ( 'NONE', #873, 'mechanical' ) ;
#3742 = CARTESIAN_POINT ( 'NONE',  ( 0.1604791168262512900, -0.04277996026178611900, 0.04277996026178614000 ) ) ;
#3743 = CARTESIAN_POINT ( 'NONE',  ( 0.2897433235420150400, 0.04911403328065387000, -0.02006887121585411800 ) ) ;
#3744 = CARTESIAN_POINT ( 'NONE',  ( -0.1767889065304058300, -0.04019648675812100000, 0.01664992997496424200 ) ) ;
#3745 = CARTESIAN_POINT ( 'NONE',  ( -0.1368750000000000200, 0.03787500000000002700, 0.01568833867488099400 ) ) ;
#3746 = AXIS2_PLACEMENT_3D ( 'NONE', #837, #59, #3350 ) ;
#3747 = CARTESIAN_POINT ( 'NONE',  ( 0.2883575139935030700, 0.03794169081948142700, 0.03356519128185141800 ) ) ;
#3748 = CARTESIAN_POINT ( 'NONE',  ( 0.2893862695175789500, -0.04064466835444303200, -0.03313078032974533400 ) ) ;
#3749 = DIRECTION ( 'NONE',  ( 0.0000000000000000000, 1.000000000000000000, 0.0000000000000000000 ) ) ;
#3750 = CARTESIAN_POINT ( 'NONE',  ( -0.02053890653040583000, -0.04019648675812100700, -0.01664992997496422800 ) ) ;
#3751 = CARTESIAN_POINT ( 'NONE',  ( -0.3137111931504248400, 0.04019648675812095100, 0.0000000000000000000 ) ) ;
#3752 = FACE_OUTER_BOUND ( 'NONE', #2141, .T. ) ;
#3753 = CARTESIAN_POINT ( 'NONE',  ( 0.01777078349291808300, -0.06050000000000000500, 0.02505992052357226100 ) ) ;
#3754 = CARTESIAN_POINT ( 'NONE',  ( -0.05362509968083059600, -0.02678166933744052400, 0.02678166933744051800 ) ) ;
#3755 = B_SPLINE_CURVE_WITH_KNOTS ( 'NONE', 3,
 ( #2914, #4937, #3326, #3271, #861, #1669 ),
 .UNSPECIFIED., .F., .F.,
 ( 4, 2, 4 ),
 ( 2.360400634552940300E-007, 0.0001149950634880803900, 0.0002297540869127054800 ),
 .UNSPECIFIED. ) ;
#3756 = ORIENTED_EDGE ( 'NONE', *, *, #4233, .T. ) ;
#3757 = CONICAL_SURFACE ( 'NONE', #4951, 0.06050000000000006100, 1.308996938995738800 ) ;
#3758 = CARTESIAN_POINT ( 'NONE',  ( -0.2705389065304058000, -0.04019648675812102100, -0.01664992997496422800 ) ) ;
#3759 = CARTESIAN_POINT ( 'NONE',  ( 0.0006250000000000104200, 0.01568833867488100500, -0.03787500000000004100 ) ) ;
#3760 = VERTEX_POINT ( 'NONE', #1031 ) ;
#3761 = CARTESIAN_POINT ( 'NONE',  ( 0.2104791168262513100, -0.04277996026178611900, 0.04277996026178614000 ) ) ;
#3762 = CIRCLE ( 'NONE', #3568, 0.1022999999999999600 ) ;
#3763 = EDGE_CURVE ( 'NONE', #3438, #4052, #2538, .T. ) ;
#3764 = CIRCLE ( 'NONE', #1066, 0.007200000000000028400 ) ;
#3765 = CYLINDRICAL_SURFACE ( 'NONE', #5344, 0.06050000000000002600 ) ;
#3766 = CARTESIAN_POINT ( 'NONE',  ( -0.03928890653040580100, 0.01664992997496424200, 0.04019648675812098600 ) ) ;
#3767 = CARTESIAN_POINT ( 'NONE',  ( -0.1899999999999999700, 0.03787500000000002700, 0.0000000000000000000 ) ) ;
#3768 = ORIENTED_EDGE ( 'NONE', *, *, #4701, .F. ) ;
#3769 = DIRECTION ( 'NONE',  ( 1.000000000000000000, 8.503269937333648200E-017, 0.0000000000000000000 ) ) ;
#3770 = CARTESIAN_POINT ( 'NONE',  ( -0.2442500996808306100, -0.03787500000000006800, -0.01568833867488098400 ) ) ;
#3771 = CARTESIAN_POINT ( 'NONE',  ( 0.2896818314476152200, 0.04911403328151015700, 0.01978381737729290000 ) ) ;
#3772 = MANIFOLD_SOLID_BREP ( 'Combine1', #2680 ) ;
#3773 = CARTESIAN_POINT ( 'NONE',  ( 0.1357110934695942600, -0.01664992997496424900, -0.04019648675812097900 ) ) ;
#3774 = CARTESIAN_POINT ( 'NONE',  ( -0.1762111931504248300, -2.337639087713067200E-017, -0.04019648675812097900 ) ) ;
#3775 = ORIENTED_EDGE ( 'NONE', *, *, #1012, .T. ) ;
#3776 = CARTESIAN_POINT ( 'NONE',  ( 0.1365207834929181000, 0.02505992052357228600, -0.06049999999999999800 ) ) ;
#3777 = CARTESIAN_POINT ( 'NONE',  ( -0.1973750996808305800, -0.03787500000000006100, 4.638349751770605400E-018 ) ) ;
#3778 = EDGE_CURVE ( 'NONE', #2180, #3509, #1507, .T. ) ;
#3779 = ADVANCED_FACE ( 'NONE', ( #159 ), #4382, .F. ) ;
#3780 = CARTESIAN_POINT ( 'NONE',  ( 0.1693750000000000300, 0.01568833867488100800, 0.03787500000000004800 ) ) ;
#3781 = CARTESIAN_POINT ( 'NONE',  ( 0.1600000000000001100, -0.01979884022965373900, -0.03247947427529319200 ) ) ;
#3782 = CARTESIAN_POINT ( 'NONE',  ( 0.1044610934695942000, 0.04019648675812099300, 0.01664992997496424200 ) ) ;
#3783 = CARTESIAN_POINT ( 'NONE',  ( -0.2024999999999999600, -2.518534888771494100E-017, -0.03787500000000004100 ) ) ;
#3784 = EDGE_CURVE ( 'NONE', #3205, #1580, #3441, .T. ) ;
#3785 = CARTESIAN_POINT ( 'NONE',  ( -0.2899999999999999800, 0.0000000000000000000, 0.06050000000000002600 ) ) ;
#3786 = CARTESIAN_POINT ( 'NONE',  ( -0.2161250996808306300, 0.02678166933744049700, 0.02678166933744051400 ) ) ;
#3787 = DIRECTION ( 'NONE',  ( -1.000000000000000000, -0.0000000000000000000, -0.0000000000000000000 ) ) ;
#3788 = ORIENTED_EDGE ( 'NONE', *, *, #1263, .T. ) ;
#3789 = CARTESIAN_POINT ( 'NONE',  ( 0.1419610934695942100, 0.01664992997496426300, -0.04019648675812097900 ) ) ;
#3790 = ADVANCED_FACE ( 'NONE', ( #940 ), #3882, .T. ) ;
#3791 = CARTESIAN_POINT ( 'NONE',  ( -0.1418361931504248400, -0.04019648675812098600, 0.01664992997496424200 ) ) ;
#3792 = CARTESIAN_POINT ( 'NONE',  ( 0.09902078349291806900, 0.06050000000000001900, 0.02505992052357225400 ) ) ;
#3793 = CARTESIAN_POINT ( 'NONE',  ( -0.1036250996808306000, -0.02678166933744052800, 0.02678166933744051800 ) ) ;
#3794 = B_SPLINE_CURVE_WITH_KNOTS ( 'NONE', 3,
 ( #4186, #3850, #2171, #3424, #3406, #3835, #1393, #5019, #4625, #5058 ),
 .UNSPECIFIED., .F., .F.,
 ( 4, 2, 2, 2, 4 ),
 ( 2.278217223725085300E-007, 0.0002232015456123099400, 0.0004461752695022474900, 0.0006691489933921850800, 0.0008921227172821227700 ),
 .UNSPECIFIED. ) ;
#3795 = ORIENTED_EDGE ( 'NONE', *, *, #5275, .T. ) ;
#3796 = DIRECTION ( 'NONE',  ( -1.000000000000000000, -0.0000000000000000000, -0.0000000000000000000 ) ) ;
#3797 = EDGE_CURVE ( 'NONE', #4450, #3291, #3623, .T. ) ;
#3798 = CARTESIAN_POINT ( 'NONE',  ( 0.02875000000000007100, -0.02678166933744051400, 0.02678166933744051800 ) ) ;
#3799 = CARTESIAN_POINT ( 'NONE',  ( 0.2897239354300747400, 0.007623633744576795500, 0.05248446169495248100 ) ) ;
#3800 = CARTESIAN_POINT ( 'NONE',  ( 0.1599999999999990000, 0.003596791158653554900, -0.03833879145060616700 ) ) ;
#3801 = ORIENTED_EDGE ( 'NONE', *, *, #3159, .F. ) ;
#3802 = CARTESIAN_POINT ( 'NONE',  ( 0.04821109346959422100, 0.04019648675812097900, -0.01664992997496426600 ) ) ;
#3803 = CARTESIAN_POINT ( 'NONE',  ( 0.08187500000000007300, -0.03787500000000004100, 0.01568833867488099800 ) ) ;
#3804 = ORIENTED_EDGE ( 'NONE', *, *, #4782, .F. ) ;
#3805 = ADVANCED_FACE ( 'NONE', ( #36 ), #610, .F. ) ;
#3806 = CARTESIAN_POINT ( 'NONE',  ( -0.2649999999999999600, -0.03787500000000006800, 4.638349751770605400E-018 ) ) ;
#3807 = CARTESIAN_POINT ( 'NONE',  ( -0.2618749999999999700, -0.03787500000000006800, -0.01568833867488098400 ) ) ;
#3808 = CARTESIAN_POINT ( 'NONE',  ( 0.02633609346959420200, -0.04019648675812098600, 4.922649884530183500E-018 ) ) ;
#3809 = CARTESIAN_POINT ( 'NONE',  ( -0.2887111931504248700, -0.04019648675812100700, 4.922649884530182800E-018 ) ) ;
#3810 = CARTESIAN_POINT ( 'NONE',  ( -0.3392889065304057800, 0.01664992997496421100, 0.04019648675812098600 ) ) ;
#3811 = CARTESIAN_POINT ( 'NONE',  ( 0.02762490031916939300, 0.03787500000000004100, 0.0000000000000000000 ) ) ;
#3812 = CARTESIAN_POINT ( 'NONE',  ( -0.1424139065304058100, 0.02842320836654260000, 0.02842320836654260700 ) ) ;
#3813 = AXIS2_PLACEMENT_3D ( 'NONE', #925, #2501, #1335 ) ;
#3814 = CARTESIAN_POINT ( 'NONE',  ( 0.06000000000000004600, 0.03787500000000004800, 0.0000000000000000000 ) ) ;
#3815 = DIRECTION ( 'NONE',  ( 1.000000000000000000, 8.503269937333648200E-017, 0.0000000000000000000 ) ) ;
#3816 = ADVANCED_FACE ( 'NONE', ( #617 ), #4843, .F. ) ;
#3817 = VECTOR ( 'NONE', #1599, 39.37007874015748100 ) ;
#3818 = CARTESIAN_POINT ( 'NONE',  ( 0.1607110934695941700, 0.01664992997496425300, 0.04019648675812098600 ) ) ;
#3819 = CARTESIAN_POINT ( 'NONE',  ( 0.1350000000000000600, -0.03787500000000003400, 4.638349751770605400E-018 ) ) ;
#3820 = FACE_OUTER_BOUND ( 'NONE', #4943, .T. ) ;
#3821 = CARTESIAN_POINT ( 'NONE',  ( 0.1600000000000000600, 0.0000000000000000000, 0.03787500000000000600 ) ) ;
#3822 = CARTESIAN_POINT ( 'NONE',  ( -0.2900393700787401400, 0.04848746660646075700, 0.02261007700312738000 ) ) ;
#3823 = ORIENTED_EDGE ( 'NONE', *, *, #1178, .T. ) ;
#3824 = CARTESIAN_POINT ( 'NONE',  ( 0.02946109346959418400, -0.04019648675812099300, -0.01664992997496422800 ) ) ;
#3825 = CARTESIAN_POINT ( 'NONE',  ( -0.2105861931504248400, 0.04019648675812096500, 0.01664992997496423900 ) ) ;
#3826 = CARTESIAN_POINT ( 'NONE',  ( -0.2392889065304058300, 0.01664992997496422100, 0.04019648675812098600 ) ) ;
#3827 = SPHERICAL_SURFACE ( 'NONE', #2354, 0.1433732811530954400 ) ;
#3828 = CARTESIAN_POINT ( 'NONE',  ( 0.03074990031916937500, 0.03787500000000004800, 0.01568833867488099400 ) ) ;
#3829 = EDGE_LOOP ( 'NONE', ( #246, #3699 ) ) ;
#3830 = B_SPLINE_CURVE_WITH_KNOTS ( 'NONE', 3,
 ( #3250, #2883, #318, #789, #4069, #1221 ),
 .UNSPECIFIED., .F., .F.,
 ( 4, 2, 4 ),
 ( 0.0004471174060798883800, 0.0006696551586105911400, 0.0008921929111412940200 ),
 .UNSPECIFIED. ) ;
#3831 = ORIENTED_EDGE ( 'NONE', *, *, #164, .T. ) ;
#3832 = CARTESIAN_POINT ( 'NONE',  ( -0.1017889065304058100, 0.04019648675812095800, -0.01664992997496427000 ) ) ;
#3833 = FACE_OUTER_BOUND ( 'NONE', #5348, .T. ) ;
#3834 = CARTESIAN_POINT ( 'NONE',  ( 0.07562500000000003900, -0.01568833867488098400, 0.03787500000000004800 ) ) ;
#3835 = CARTESIAN_POINT ( 'NONE',  ( 0.2497735279532557800, -0.02257166837733539200, -0.03329466960846569300 ) ) ;
#3836 = CARTESIAN_POINT ( 'NONE',  ( 0.2563032764617964000, 0.03889241011817483300, 0.03366840604824688400 ) ) ;
#3837 = EDGE_LOOP ( 'NONE', ( #3512, #526, #2121, #2714, #5098, #1487 ) ) ;
#3838 = CARTESIAN_POINT ( 'NONE',  ( 0.08258609346959418200, -0.02842320836654260700, -0.02842320836654260700 ) ) ;
#3839 = CARTESIAN_POINT ( 'NONE',  ( 0.05687500000000005700, 0.03787500000000004100, -0.01568833867488101500 ) ) ;
#3840 = CARTESIAN_POINT ( 'NONE',  ( 0.03964578349291810600, 0.04277996026178613300, -0.04277996026178614700 ) ) ;
#3841 = CARTESIAN_POINT ( 'NONE',  ( -0.2692500996808305800, 0.03787500000000001300, 0.01568833867488099400 ) ) ;
#3842 = CARTESIAN_POINT ( 'NONE',  ( 0.1600000000000000600, 0.0000000000000000000, 0.0000000000000000000 ) ) ;
#3843 = CARTESIAN_POINT ( 'NONE',  ( 0.2900000000000000400, 9.715098770946713200E-018, 0.0000000000000000000 ) ) ;
#3844 = CARTESIAN_POINT ( 'NONE',  ( 0.02066380684957517400, -0.01664992997496425600, -0.04019648675812097200 ) ) ;
#3845 = CARTESIAN_POINT ( 'NONE',  ( -0.2017889065304057900, 0.04019648675812095800, -0.01664992997496426600 ) ) ;
#3846 = CARTESIAN_POINT ( 'NONE',  ( 0.1057499003191694100, -0.03787500000000004800, -0.01568833867488098400 ) ) ;
#3847 = EDGE_CURVE ( 'NONE', #1444, #3096, #3370, .T. ) ;
#3848 = CARTESIAN_POINT ( 'NONE',  ( -0.08928890653040583200, 0.01664992997496423500, 0.04019648675812098600 ) ) ;
#3849 = CARTESIAN_POINT ( 'NONE',  ( 0.09125000000000001200, -0.02678166933744051400, -0.02678166933744051400 ) ) ;
#3850 = CARTESIAN_POINT ( 'NONE',  ( 0.2535707919458982700, -0.01114703981184364700, -0.04535652526591953800 ) ) ;
#3851 = CARTESIAN_POINT ( 'NONE',  ( -0.2899999999999999800, -0.04133286121275860800, 0.04228747265702073600 ) ) ;
#3852 = AXIS2_PLACEMENT_3D ( 'NONE', #3097, #5113, #3866 ) ;
#3853 = ORIENTED_EDGE ( 'NONE', *, *, #3440, .F. ) ;
#3854 = CARTESIAN_POINT ( 'NONE',  ( 0.01000000000000003000, 0.03787500000000004100, 0.0000000000000000000 ) ) ;
#3855 = CARTESIAN_POINT ( 'NONE',  ( -0.06612509968083059300, 0.02678166933744051100, 0.02678166933744051400 ) ) ;
#3856 = DIRECTION ( 'NONE',  ( -1.000000000000000000, -0.0000000000000000000, -0.0000000000000000000 ) ) ;
#3857 = CARTESIAN_POINT ( 'NONE',  ( -0.2892889065304058400, 0.01664992997496421400, 0.04019648675812098600 ) ) ;
#3858 = EDGE_LOOP ( 'NONE', ( #3390, #1000, #3795, #5146 ) ) ;
#3859 = CARTESIAN_POINT ( 'NONE',  ( -0.05121119315042482700, -2.902003686403247700E-018, 0.04019648675812097900 ) ) ;
#3860 = CARTESIAN_POINT ( 'NONE',  ( 0.1490207834929180900, 0.06050000000000001900, 0.02505992052357225400 ) ) ;
#3861 = CARTESIAN_POINT ( 'NONE',  ( -0.02862509968083058700, 0.02678166933744050700, -0.02678166933744052400 ) ) ;
#3862 = CARTESIAN_POINT ( 'NONE',  ( -0.1880000996808306200, -0.01568833867488103600, -0.03787500000000004100 ) ) ;
#3863 = EDGE_LOOP ( 'NONE', ( #4624, #671, #3552, #3618 ) ) ;
#3864 = EDGE_CURVE ( 'NONE', #4629, #3355, #5033, .T. ) ;
#3865 = DIRECTION ( 'NONE',  ( 1.000000000000000000, 9.237637493568399400E-017, -0.0000000000000000000 ) ) ;
#3866 = DIRECTION ( 'NONE',  ( 0.0000000000000000000, 0.0000000000000000000, -1.000000000000000000 ) ) ;
#3867 = CARTESIAN_POINT ( 'NONE',  ( -0.2900393700787401400, 0.04382463436946097000, 0.03068633934478104700 ) ) ;
#3868 = CARTESIAN_POINT ( 'NONE',  ( -0.04472921650708194100, 0.02505992052357225800, 0.06050000000000001900 ) ) ;
#3869 = CARTESIAN_POINT ( 'NONE',  ( 0.1506250000000000600, 0.01568833867488101500, -0.03787500000000004100 ) ) ;
#3870 = CARTESIAN_POINT ( 'NONE',  ( -0.2899999999999999800, 7.409113134841490500E-018, -0.06050000000000002600 ) ) ;
#3871 = CARTESIAN_POINT ( 'NONE',  ( -0.01612509968083061800, 0.02678166933744051400, 0.02678166933744051400 ) ) ;
#3872 = CARTESIAN_POINT ( 'NONE',  ( -0.2853542165070819300, -0.04277996026178616100, 0.04277996026178614000 ) ) ;
#3873 = DIRECTION ( 'NONE',  ( 0.0000000000000000000, 0.0000000000000000000, 1.000000000000000000 ) ) ;
#3874 = CARTESIAN_POINT ( 'NONE',  ( 0.2563032764617965700, -0.03889241011817488200, -0.03366840604824687000 ) ) ;
#3875 = CARTESIAN_POINT ( 'NONE',  ( 0.06128880684957516800, -0.04019648675812097200, 4.922649884530182800E-018 ) ) ;
#3876 = CARTESIAN_POINT ( 'NONE',  ( -0.2299139065304058300, -0.02842320836654262800, 0.02842320836654261100 ) ) ;
#3877 = CARTESIAN_POINT ( 'NONE',  ( 0.04012490031916939700, 4.722400825151930000E-018, 0.03787500000000004100 ) ) ;
#3878 = CARTESIAN_POINT ( 'NONE',  ( -0.2067500996808306300, -0.01568833867488100800, 0.03787500000000004800 ) ) ;
#3879 = CONICAL_SURFACE ( 'NONE', #5132, 0.05350000000000004100, 1.047197551196600100 ) ;
#3880 = ORIENTED_EDGE ( 'NONE', *, *, #1586, .F. ) ;
#3881 = CARTESIAN_POINT ( 'NONE',  ( -0.2899999999999999800, -0.03964458115066397900, 0.006638127227179004500 ) ) ;
#3882 = CYLINDRICAL_SURFACE ( 'NONE', #4122, 0.06050000000000002600 ) ;
#3883 = CYLINDRICAL_SURFACE ( 'NONE', #887, 0.06050000000000002600 ) ;
#3884 = CARTESIAN_POINT ( 'NONE',  ( 0.1912500000000000300, -0.02678166933744050700, -0.02678166933744051400 ) ) ;
#3885 = ORIENTED_EDGE ( 'NONE', *, *, #3688, .T. ) ;
#3886 = CARTESIAN_POINT ( 'NONE',  ( -0.1056249999999999800, -0.01568833867488102600, -0.03787500000000003400 ) ) ;
#3887 = CARTESIAN_POINT ( 'NONE',  ( -0.1161250996808306100, 0.02678166933744050700, 0.02678166933744051400 ) ) ;
#3888 = CARTESIAN_POINT ( 'NONE',  ( -0.1759792165070819300, -0.06050000000000005400, -0.02505992052357225100 ) ) ;
#3889 = FACE_OUTER_BOUND ( 'NONE', #4353, .T. ) ;
#3890 = CIRCLE ( 'NONE', #3334, 0.03995833333333329700 ) ;
#3891 = CARTESIAN_POINT ( 'NONE',  ( -0.04160421650708194500, -8.418649044475582400E-019, 0.06050000000000001900 ) ) ;
#3892 = CARTESIAN_POINT ( 'NONE',  ( -0.06683619315042485500, 0.04019648675812096500, -0.01664992997496426300 ) ) ;
#3893 = CARTESIAN_POINT ( 'NONE',  ( 0.2893859849007682800, 0.04901426559109518800, -0.01863297453183665800 ) ) ;
#3894 = CARTESIAN_POINT ( 'NONE',  ( -0.2668361931504248400, 0.04019648675812093800, -0.01664992997496426300 ) ) ;
#3895 = CARTESIAN_POINT ( 'NONE',  ( -0.2723750996808306200, 0.03787500000000001300, 0.0000000000000000000 ) ) ;
#3896 = EDGE_CURVE ( 'NONE', #5112, #3722, #4999, .T. ) ;
#3897 = ORIENTED_EDGE ( 'NONE', *, *, #2116, .F. ) ;
#3898 = DIRECTION ( 'NONE',  ( -1.000000000000000000, -0.0000000000000000000, -0.0000000000000000000 ) ) ;
#3899 = CARTESIAN_POINT ( 'NONE',  ( -0.2899999999999999800, 0.0000000000000000000, 0.0000000000000000000 ) ) ;
#3900 = CARTESIAN_POINT ( 'NONE',  ( -0.1712499999999999900, -0.02678166933744053100, 0.02678166933744051800 ) ) ;
#3901 = CARTESIAN_POINT ( 'NONE',  ( -0.1098750996808306000, -8.032504080848542800E-018, 0.03787500000000004100 ) ) ;
#3902 = DIRECTION ( 'NONE',  ( 0.0000000000000000000, 1.000000000000000000, 0.0000000000000000000 ) ) ;
#3903 = CARTESIAN_POINT ( 'NONE',  ( -0.2705389065304058000, -0.04019648675812102100, -0.01664992997496422800 ) ) ;
#3904 = CARTESIAN_POINT ( 'NONE',  ( 0.2019138068495751600, -0.01664992997496421400, 0.04019648675812097900 ) ) ;
#3905 = CARTESIAN_POINT ( 'NONE',  ( -0.2072292165070819000, 0.06049999999999997000, -0.02505992052357230000 ) ) ;
#3906 = CARTESIAN_POINT ( 'NONE',  ( -0.2262111931504248400, -2.762802584579749900E-017, -0.04019648675812097900 ) ) ;
#3907 = CARTESIAN_POINT ( 'NONE',  ( -0.2348750996808306200, -2.793829100605681100E-017, -0.03787500000000004100 ) ) ;
#3908 = AXIS2_PLACEMENT_3D ( 'NONE', #1494, #686, #3193 ) ;
#3909 = ORIENTED_EDGE ( 'NONE', *, *, #2676, .T. ) ;
#3910 = CARTESIAN_POINT ( 'NONE',  ( 0.2573869385570697900, 0.04911403328071135100, -0.02073461551088146700 ) ) ;
#3911 = ORIENTED_EDGE ( 'NONE', *, *, #1044, .T. ) ;
#3912 = AXIS2_PLACEMENT_3D ( 'NONE', #3899, #2255, #1065 ) ;
#3913 = CARTESIAN_POINT ( 'NONE',  ( -0.06347921650708193700, 0.02505992052357227200, -0.06050000000000001200 ) ) ;
#3914 = EDGE_LOOP ( 'NONE', ( #2668, #5308, #2991, #163 ) ) ;
#3915 = CARTESIAN_POINT ( 'NONE',  ( -0.2462500000000000000, 0.02678166933744049000, -0.02678166933744052400 ) ) ;
#3916 = CARTESIAN_POINT ( 'NONE',  ( 0.1088749003191693800, -0.02678166933744051400, -0.02678166933744051400 ) ) ;
#3917 = DIRECTION ( 'NONE',  ( 0.0000000000000000000, 1.000000000000000000, 0.0000000000000000000 ) ) ;
#3918 = CARTESIAN_POINT ( 'NONE',  ( -0.1543361931504248500, 0.01664992997496422100, 0.04019648675812097900 ) ) ;
#3919 = CARTESIAN_POINT ( 'NONE',  ( -0.1799139065304058100, -0.02842320836654262500, 0.02842320836654261100 ) ) ;
#3920 = CARTESIAN_POINT ( 'NONE',  ( 0.1737888068495752100, 6.385053903537092600E-018, -0.04019648675812097900 ) ) ;
#3921 = CARTESIAN_POINT ( 'NONE',  ( 0.2891838032805312800, 0.04889630993750220000, -0.01795776481650297000 ) ) ;
#3922 = CARTESIAN_POINT ( 'NONE',  ( -0.2043361931504248700, 0.01664992997496421800, 0.04019648675812097900 ) ) ;
#3923 = ORIENTED_EDGE ( 'NONE', *, *, #2690, .T. ) ;
#3924 = CARTESIAN_POINT ( 'NONE',  ( -0.1130000996808306200, 0.01568833867488098400, 0.03787500000000004800 ) ) ;
#3925 = PERSON_AND_ORGANIZATION_ROLE ( 'design_owner' ) ;
#3926 =( BOUNDED_CURVE ( )  B_SPLINE_CURVE ( 2, ( #299, #721, #1912, #745, #1547, #2314, #5204, #5278, #4046 ),
 .UNSPECIFIED., .F., .T. ) 
 B_SPLINE_CURVE_WITH_KNOTS ( ( 3, 2, 2, 2, 3 ),
 ( 0.3409090909090909400, 0.3522727272727273500, 0.3636363636363636500, 0.3750000000000000000, 0.3863636363636363500 ),
 .UNSPECIFIED. ) 
 CURVE ( )  GEOMETRIC_REPRESENTATION_ITEM ( )  RATIONAL_B_SPLINE_CURVE ( ( 0.9999999999999996700, 0.9238795325112870700, 1.000000000000000000, 0.9238795325112867400, 1.000000000000000000, 0.9238795325112867400, 1.000000000000000000, 0.9238795325112867400, 1.000000000000000000 ) ) 
 REPRESENTATION_ITEM ( '' )  );
#3927 = EDGE_CURVE ( 'NONE', #1357, #1347, #4588, .T. ) ;
#3928 = DIRECTION ( 'NONE',  ( 0.0000000000000000000, 1.000000000000000000, 0.0000000000000000000 ) ) ;
#3929 = CARTESIAN_POINT ( 'NONE',  ( 0.2822735279532557200, 0.02257166837733519000, -0.03329466960846575600 ) ) ;
#3930 = VECTOR ( 'NONE', #277, 39.37007874015748100 ) ;
#3931 = CARTESIAN_POINT ( 'NONE',  ( -0.08687499999999998000, 0.03787500000000003400, 0.01568833867488099400 ) ) ;
#3932 = CARTESIAN_POINT ( 'NONE',  ( 0.1167291168262513100, -0.06050000000000001200, 7.409113134841489000E-018 ) ) ;
#3933 = EDGE_CURVE ( 'NONE', #417, #866, #2718, .T. ) ;
#3934 = CARTESIAN_POINT ( 'NONE',  ( -0.2480861931504248500, -0.01664992997496425300, 0.04019648675812097900 ) ) ;
#3935 = CARTESIAN_POINT ( 'NONE',  ( -0.1236639065304058100, -0.04019648675812100700, 4.922649884530183500E-018 ) ) ;
#3936 = CARTESIAN_POINT ( 'NONE',  ( 0.1581638068495752300, -0.04019648675812096500, 0.01664992997496424200 ) ) ;
#3937 = CARTESIAN_POINT ( 'NONE',  ( -0.1824611931504248600, -0.02842320836654262500, -0.02842320836654260400 ) ) ;
#3938 = CARTESIAN_POINT ( 'NONE',  ( 0.07449990031916942100, 0.03787500000000004100, -0.01568833867488101500 ) ) ;
#3939 = LINE ( 'NONE', #3528, #1442 ) ;
#3940 = CARTESIAN_POINT ( 'NONE',  ( 0.1600000000000000600, 0.03787499999999999900, 0.0000000000000000000 ) ) ;
#3941 = ORIENTED_EDGE ( 'NONE', *, *, #2690, .F. ) ;
#3942 = CIRCLE ( 'NONE', #4285, 0.1077089906166827200 ) ;
#3943 = LINE ( 'NONE', #1758, #3312 ) ;
#3944 = ORIENTED_EDGE ( 'NONE', *, *, #4488, .F. ) ;
#3945 = CARTESIAN_POINT ( 'NONE',  ( 0.1177707834929181100, -0.06050000000000001200, 0.02505992052357226500 ) ) ;
#3946 = CARTESIAN_POINT ( 'NONE',  ( 0.2875215013865404800, 0.01061755827469291000, -0.04804799777751864200 ) ) ;
#3947 = DIRECTION ( 'NONE',  ( 1.000000000000000000, 8.503269937333648200E-017, 0.0000000000000000000 ) ) ;
#3948 = ORIENTED_EDGE ( 'NONE', *, *, #1033, .F. ) ;
#3949 = CARTESIAN_POINT ( 'NONE',  ( -0.1181249999999999700, -0.03787500000000005400, 0.01568833867488099800 ) ) ;
#3950 = CARTESIAN_POINT ( 'NONE',  ( 0.1136041168262513400, -0.06050000000000001200, 0.02505992052357226500 ) ) ;
#3951 = CARTESIAN_POINT ( 'NONE',  ( -0.2900393700787401400, 0.04682531779643215500, 0.01474662063413561100 ) ) ;
#3952 = CARTESIAN_POINT ( 'NONE',  ( -0.2517889065304058100, 0.04019648675812095800, -0.01664992997496426600 ) ) ;
#3953 = CARTESIAN_POINT ( 'NONE',  ( 0.2269138068495752100, 0.01664992997496426600, -0.04019648675812097200 ) ) ;
#3954 = CARTESIAN_POINT ( 'NONE',  ( 0.2100000000000000800, -0.05435833333333325200, 6.656975892365149800E-018 ) ) ;
#3955 = CARTESIAN_POINT ( 'NONE',  ( -0.2293361931504248300, -0.01664992997496427700, -0.04019648675812097200 ) ) ;
#3956 = CARTESIAN_POINT ( 'NONE',  ( 0.02762490031916939300, 0.03787500000000004100, 0.0000000000000000000 ) ) ;
#3957 = EDGE_CURVE ( 'NONE', #3355, #3497, #1387, .T. ) ;
#3958 = CC_DESIGN_PERSON_AND_ORGANIZATION_ASSIGNMENT ( #1954, #4349, ( #2558 ) ) ;
#3959 = CARTESIAN_POINT ( 'NONE',  ( 0.1598960986809687100, 0.03783045573825452600, 0.006615080595487912200 ) ) ;
#3960 = CARTESIAN_POINT ( 'NONE',  ( 0.2569984389634989400, 0.04907987290224952200, 0.01900852833141274500 ) ) ;
#3961 = DIRECTION ( 'NONE',  ( 1.000000000000000000, 8.503269937333648200E-017, 0.0000000000000000000 ) ) ;
#3962 = CARTESIAN_POINT ( 'NONE',  ( -0.02437500000000000100, -0.01568833867488099400, 0.03787500000000004800 ) ) ;
#3963 = CARTESIAN_POINT ( 'NONE',  ( 0.1588749003191694000, -0.02678166933744051100, -0.02678166933744051400 ) ) ;
#3964 = DIRECTION ( 'NONE',  ( 0.0000000000000000000, 0.0000000000000000000, 1.000000000000000000 ) ) ;
#3965 = CARTESIAN_POINT ( 'NONE',  ( -0.2486639065304057900, 0.04019648675812095800, 0.0000000000000000000 ) ) ;
#3966 = ORIENTED_EDGE ( 'NONE', *, *, #4622, .T. ) ;
#3967 = CARTESIAN_POINT ( 'NONE',  ( 0.1050388068495751400, -0.02842320836654259300, 0.02842320836654260700 ) ) ;
#3968 = CARTESIAN_POINT ( 'NONE',  ( -0.3541042165070819600, 0.06049999999999997700, 0.0000000000000000000 ) ) ;
#3969 = CARTESIAN_POINT ( 'NONE',  ( 0.008163806849575171500, -0.04019648675812097900, 0.01664992997496424200 ) ) ;
#3970 = CARTESIAN_POINT ( 'NONE',  ( 0.09012490031916940700, 8.974035793818754300E-018, 0.03787500000000004100 ) ) ;
#3971 = AXIS2_PLACEMENT_3D ( 'NONE', #3014, #1754, #5079 ) ;
#3972 = CARTESIAN_POINT ( 'NONE',  ( -0.1259792165070819600, -0.06050000000000005400, -0.02505992052357225100 ) ) ;
#3973 = CARTESIAN_POINT ( 'NONE',  ( 0.2112888068495752100, -0.04019648675812095800, 4.922649884530182800E-018 ) ) ;
#3974 = VERTEX_POINT ( 'NONE', #4820 ) ;
#3975 = EDGE_CURVE ( 'NONE', #2610, #1357, #4577, .T. ) ;
#3976 = CARTESIAN_POINT ( 'NONE',  ( 0.2881686616513690100, -0.01038135700502129800, -0.04924866140773118100 ) ) ;
#3977 = DIRECTION ( 'NONE',  ( 1.000000000000000000, 8.503269937333647000E-017, -0.0000000000000000000 ) ) ;
#3978 = ORIENTED_EDGE ( 'NONE', *, *, #3784, .F. ) ;
#3979 = DIRECTION ( 'NONE',  ( 0.0000000000000000000, 1.000000000000000000, 0.0000000000000000000 ) ) ;
#3980 = CARTESIAN_POINT ( 'NONE',  ( 0.03187500000000006300, -0.03787500000000004800, 0.01568833867488099800 ) ) ;
#3981 = CARTESIAN_POINT ( 'NONE',  ( 0.06512490031916939900, -2.428481194055867100E-018, -0.03787500000000004100 ) ) ;
#3982 = DIRECTION ( 'NONE',  ( -1.000000000000000000, -0.0000000000000000000, -0.0000000000000000000 ) ) ;
#3983 = EDGE_CURVE ( 'NONE', #4639, #3291, #5059, .T. ) ;
#3984 = CARTESIAN_POINT ( 'NONE',  ( -0.07678890653040582000, -0.04019648675812099300, 0.01664992997496424200 ) ) ;
#3985 = CARTESIAN_POINT ( 'NONE',  ( -0.1332708831737487200, -0.06050000000000002600, 7.409113134841489000E-018 ) ) ;
#3986 = CARTESIAN_POINT ( 'NONE',  ( -0.2197292165070819100, -0.02505992052357221600, -0.06050000000000010200 ) ) ;
#3987 =( BOUNDED_CURVE ( )  B_SPLINE_CURVE ( 2, ( #2555, #4251, #2615, #4671, #2627, #1753, #5095, #2155, #2594 ),
 .UNSPECIFIED., .F., .F. ) 
 B_SPLINE_CURVE_WITH_KNOTS ( ( 3, 2, 2, 2, 3 ),
 ( 0.6590909090909090600, 0.6704545454545454100, 0.6818181818181817700, 0.6931818181818182300, 0.7045454545454545900 ),
 .UNSPECIFIED. ) 
 CURVE ( )  GEOMETRIC_REPRESENTATION_ITEM ( )  RATIONAL_B_SPLINE_CURVE ( ( 1.000000000000000000, 0.9238795325112867400, 1.000000000000000000, 0.9238795325112867400, 1.000000000000000000, 0.9238795325112867400, 1.000000000000000000, 0.9238795325112867400, 1.000000000000000000 ) ) 
 REPRESENTATION_ITEM ( '' )  );
#3988 = CARTESIAN_POINT ( 'NONE',  ( -0.1105861931504248500, 0.04019648675812097200, 0.01664992997496423900 ) ) ;
#3989 = CARTESIAN_POINT ( 'NONE',  ( -0.01612509968083061800, 0.02678166933744051400, 0.02678166933744051400 ) ) ;
#3990 = CARTESIAN_POINT ( 'NONE',  ( -0.2572292165070819700, 0.06049999999999997000, -0.02505992052357230000 ) ) ;
#3991 = CARTESIAN_POINT ( 'NONE',  ( 0.2874553266340769100, -0.01064171080908288100, -0.04792522506905767100 ) ) ;
#3992 = CARTESIAN_POINT ( 'NONE',  ( 0.1115207834929180800, -0.02505992052357225100, 0.06050000000000001900 ) ) ;
#3993 = CARTESIAN_POINT ( 'NONE',  ( 0.2895801081827800700, 0.007865834204482981300, -0.05218630065608765400 ) ) ;
#3994 = TOROIDAL_SURFACE ( 'NONE', #5293, 0.1022999999999999600, 0.007199999999999998100 ) ;
#3995 = CARTESIAN_POINT ( 'NONE',  ( -0.2900393700787401400, -0.04682531779643227900, -0.01474662063413561900 ) ) ;
#3996 = ORIENTED_EDGE ( 'NONE', *, *, #530, .F. ) ;
#3997 = CARTESIAN_POINT ( 'NONE',  ( -0.2274999999999999500, -1.803446686850714500E-017, 0.03787500000000004100 ) ) ;
#3998 = CARTESIAN_POINT ( 'NONE',  ( -0.05249999999999994900, -1.243044398171446900E-017, -0.03787500000000004100 ) ) ;
#3999 = CARTESIAN_POINT ( 'NONE',  ( 0.06985411682625128300, -0.06050000000000002600, -0.02505992052357224700 ) ) ;
#4000 = TOROIDAL_SURFACE ( 'NONE', #2190, 0.1022999999999999600, 0.007199999999999994600 ) ;
#4001 = APPROVAL_DATE_TIME ( #3062, #269 ) ;
#4002 = EDGE_LOOP ( 'NONE', ( #5213, #951, #3243, #561 ) ) ;
#4003 = AXIS2_PLACEMENT_3D ( 'NONE', #2746, #3633, #1518 ) ;
#4004 = CARTESIAN_POINT ( 'NONE',  ( 0.02008609346959423400, -0.02842320836654260700, 0.02842320836654261100 ) ) ;
#4005 = CARTESIAN_POINT ( 'NONE',  ( -0.2301458831737487300, -0.06050000000000006100, -0.02505992052357224700 ) ) ;
#4006 = ORIENTED_EDGE ( 'NONE', *, *, #754, .T. ) ;
#4007 = CARTESIAN_POINT ( 'NONE',  ( -0.2291042165070819300, -0.06050000000000004700, 7.409113134841489000E-018 ) ) ;
#4008 = CARTESIAN_POINT ( 'NONE',  ( -0.1262111931504248400, -1.912475590846384800E-017, -0.04019648675812097900 ) ) ;
#4009 = CARTESIAN_POINT ( 'NONE',  ( 0.06824990031916940100, 0.01568833867488100800, -0.03787500000000004100 ) ) ;
#4010 = CYLINDRICAL_SURFACE ( 'NONE', #457, 0.06050000000000002600 ) ;
#4011 = CIRCLE ( 'NONE', #1678, 0.05349999999999999200 ) ;
#4012 = CARTESIAN_POINT ( 'NONE',  ( 0.2874553266340769700, -0.04682531779643221700, 0.01474662063413560900 ) ) ;
#4013 = DIRECTION ( 'NONE',  ( 0.0000000000000000000, 0.0000000000000000000, 1.000000000000000000 ) ) ;
#4014 = DIRECTION ( 'NONE',  ( 1.000000000000000000, 9.237637493568399400E-017, -0.0000000000000000000 ) ) ;
#4015 = AXIS2_PLACEMENT_3D ( 'NONE', #4749, #210, #3488 ) ;
#4016 = CARTESIAN_POINT ( 'NONE',  ( 0.05422911682625129700, 7.307102118830516200E-018, 0.06050000000000001900 ) ) ;
#4017 = CARTESIAN_POINT ( 'NONE',  ( -0.02077088317374868900, -1.388857660385269900E-017, -0.06050000000000001900 ) ) ;
#4018 = CARTESIAN_POINT ( 'NONE',  ( 0.02922911682625128900, -9.636941635185876600E-018, -0.06050000000000001900 ) ) ;
#4019 = CARTESIAN_POINT ( 'NONE',  ( 0.1333957834929180900, -7.793687837966472900E-019, -0.06050000000000001900 ) ) ;
#4020 = CARTESIAN_POINT ( 'NONE',  ( -0.2556250000000000500, -0.01568833867488103600, -0.03787500000000004100 ) ) ;
#4021 = CARTESIAN_POINT ( 'NONE',  ( 0.05062500000000002400, 0.01568833867488101200, -0.03787500000000004100 ) ) ;
#4022 = CARTESIAN_POINT ( 'NONE',  ( -0.008270883173748720000, 0.06050000000000001900, 0.0000000000000000000 ) ) ;
#4023 = DIRECTION ( 'NONE',  ( 1.000000000000000000, 9.237637493568399400E-017, -0.0000000000000000000 ) ) ;
#4024 = CARTESIAN_POINT ( 'NONE',  ( -0.04866390653040581600, 0.04019648675812097900, 0.0000000000000000000 ) ) ;
#4025 = CARTESIAN_POINT ( 'NONE',  ( -0.1301458831737487300, -0.06050000000000004700, -0.02505992052357224700 ) ) ;
#4026 = CARTESIAN_POINT ( 'NONE',  ( 0.2900000000000000400, 0.04848746660646080500, 0.02261007700312738000 ) ) ;
#4027 = CARTESIAN_POINT ( 'NONE',  ( -0.2699611931504248300, 0.02842320836654257600, -0.02842320836654261100 ) ) ;
#4028 = CARTESIAN_POINT ( 'NONE',  ( -0.06058619315042484300, 0.04019648675812097900, 0.01664992997496423900 ) ) ;
#4029 = CARTESIAN_POINT ( 'NONE',  ( 0.2563032563670680800, -0.04860388233436273300, 0.01684755867259526600 ) ) ;
#4030 = EDGE_CURVE ( 'NONE', #1456, #1424, #75, .T. ) ;
#4031 = APPROVAL ( #2659, 'UNSPECIFIED' ) ;
#4032 = CARTESIAN_POINT ( 'NONE',  ( 0.1594295762170974400, 0.02396382112420747000, 0.03220448038484746700 ) ) ;
#4033 = CARTESIAN_POINT ( 'NONE',  ( -0.2666042165070819400, -3.479244853313123200E-017, -0.06050000000000001900 ) ) ;
#4034 = CARTESIAN_POINT ( 'NONE',  ( 0.2019138068495751600, -0.01664992997496421400, 0.04019648675812097900 ) ) ;
#4035 = CARTESIAN_POINT ( 'NONE',  ( -0.1759792165070819500, -0.06050000000000004700, -0.02505992052357224400 ) ) ;
#4036 = CARTESIAN_POINT ( 'NONE',  ( -0.2442500996808306100, -0.03787500000000006800, -0.01568833867488098400 ) ) ;
#4037 = CARTESIAN_POINT ( 'NONE',  ( 0.1042291168262513100, 1.155873708749734000E-017, 0.06050000000000001900 ) ) ;
#4038 = ORIENTED_EDGE ( 'NONE', *, *, #3577, .F. ) ;
#4039 = EDGE_CURVE ( 'NONE', #1189, #98, #114, .T. ) ;
#4040 = CARTESIAN_POINT ( 'NONE',  ( -0.3399999999999999700, 0.03787500000000001300, 0.0000000000000000000 ) ) ;
#4041 = ORIENTED_EDGE ( 'NONE', *, *, #2557, .T. ) ;
#4042 = CARTESIAN_POINT ( 'NONE',  ( 0.1131250000000000400, 0.03787500000000004800, 0.01568833867488099400 ) ) ;
#4043 = CARTESIAN_POINT ( 'NONE',  ( -0.01139588317374870200, 0.06049999999999999800, -0.02505992052357230000 ) ) ;
#4044 = CARTESIAN_POINT ( 'NONE',  ( 0.1325860934695941900, -0.02842320836654260400, -0.02842320836654260700 ) ) ;
#4045 = CARTESIAN_POINT ( 'NONE',  ( -0.1582708831737487100, 0.06050000000000000500, 0.0000000000000000000 ) ) ;
#4046 = CARTESIAN_POINT ( 'NONE',  ( -0.09577088317374871100, -5.447802787169956600E-018, 0.06050000000000001900 ) ) ;
#4047 = CARTESIAN_POINT ( 'NONE',  ( -0.2543361931504248800, 0.01664992997496421400, 0.04019648675812097900 ) ) ;
#4048 = CARTESIAN_POINT ( 'NONE',  ( -0.1387111931504248500, -0.04019648675812098600, 4.922649884530182800E-018 ) ) ;
#4049 = EDGE_LOOP ( 'NONE', ( #1928, #347, #4928, #5062 ) ) ;
#4050 = CARTESIAN_POINT ( 'NONE',  ( 0.2182499003191694400, 0.01568833867488102200, -0.03787500000000004100 ) ) ;
#4051 = DIRECTION ( 'NONE',  ( 0.0000000000000000000, 1.000000000000000000, 0.0000000000000000000 ) ) ;
#4052 = VERTEX_POINT ( 'NONE', #4906 ) ;
#4053 = CARTESIAN_POINT ( 'NONE',  ( -0.1009792165070819700, 0.06049999999999999800, 0.02505992052357225400 ) ) ;
#4054 = DIRECTION ( 'NONE',  ( -1.000000000000000000, 0.0000000000000000000, 0.0000000000000000000 ) ) ;
#4055 = CARTESIAN_POINT ( 'NONE',  ( 0.2563032757403292900, -0.009711488326115227600, 0.05051601702299009900 ) ) ;
#4056 = CARTESIAN_POINT ( 'NONE',  ( 0.2535707949959769600, 0.03370638865898759700, -0.03233188415231043300 ) ) ;
#4057 = CARTESIAN_POINT ( 'NONE',  ( -0.3243750000000000200, -0.01568833867488101900, 0.03787500000000004800 ) ) ;
#4058 = CARTESIAN_POINT ( 'NONE',  ( -0.2899999999999999200, -0.03998624107091673700, -0.0004963929904834439800 ) ) ;
#4059 = CARTESIAN_POINT ( 'NONE',  ( 0.1104791168262512800, -0.04277996026178613300, 0.04277996026178614000 ) ) ;
#4060 = DIRECTION ( 'NONE',  ( -0.0000000000000000000, 0.0000000000000000000, -1.000000000000000000 ) ) ;
#4061 = EDGE_CURVE ( 'NONE', #426, #4846, #1367, .T. ) ;
#4062 = CARTESIAN_POINT ( 'NONE',  ( 0.1044610934695942000, 0.04019648675812099300, 0.01664992997496424200 ) ) ;
#4063 = CARTESIAN_POINT ( 'NONE',  ( -0.1488958831737487200, 0.02505992052357224700, 0.06050000000000001900 ) ) ;
#4064 = CARTESIAN_POINT ( 'NONE',  ( -0.2572292165070819100, 0.06049999999999997000, -0.02505992052357230000 ) ) ;
#4065 = CARTESIAN_POINT ( 'NONE',  ( -0.2137111931504248300, 0.04019648675812095800, 0.0000000000000000000 ) ) ;
#4066 = CARTESIAN_POINT ( 'NONE',  ( 0.04566380684957518200, 0.01664992997496424200, 0.04019648675812097900 ) ) ;
#4067 = CARTESIAN_POINT ( 'NONE',  ( 0.1151249003191694200, 1.823153774610957200E-018, -0.03787500000000004100 ) ) ;
#4068 = FACE_OUTER_BOUND ( 'NONE', #2769, .T. ) ;
#4069 = CARTESIAN_POINT ( 'NONE',  ( 0.2860717364473355200, -0.04485476820016044700, -0.01302581767708085900 ) ) ;
#4070 = ORIENTED_EDGE ( 'NONE', *, *, #2184, .T. ) ;
#4071 = CYLINDRICAL_SURFACE ( 'NONE', #4249, 0.06050000000000002600 ) ;
#4072 = CARTESIAN_POINT ( 'NONE',  ( -0.1447292165070820100, 0.02505992052357224700, 0.06050000000000000500 ) ) ;
#4073 = CARTESIAN_POINT ( 'NONE',  ( -0.3036250996808306200, -0.02678166933744054500, 0.02678166933744051800 ) ) ;
#4074 = ORIENTED_EDGE ( 'NONE', *, *, #3295, .F. ) ;
#4075 = CYLINDRICAL_SURFACE ( 'NONE', #1440, 0.006687500000000005100 ) ;
#4076 = CARTESIAN_POINT ( 'NONE',  ( -0.2900393700787401400, 0.04382463436946098400, -0.03068633934478101600 ) ) ;
#4077 = VECTOR ( 'NONE', #4123, 39.37007874015748100 ) ;
#4078 = EDGE_LOOP ( 'NONE', ( #5087, #3414, #3804, #70, #5241, #584 ) ) ;
#4079 = CARTESIAN_POINT ( 'NONE',  ( -0.3087500000000000200, -0.02678166933744054900, -0.02678166933744051400 ) ) ;
#4080 = CARTESIAN_POINT ( 'NONE',  ( 0.1412500000000000400, -0.02678166933744051100, -0.02678166933744051400 ) ) ;
#4081 = CARTESIAN_POINT ( 'NONE',  ( 0.001104116826251300300, 0.02505992052357226100, 0.06050000000000001900 ) ) ;
#4082 = CARTESIAN_POINT ( 'NONE',  ( 0.2551519880227247100, -0.01055870185944515600, -0.04829231366736920500 ) ) ;
#4083 = AXIS2_PLACEMENT_3D ( 'NONE', #3601, #2359, #3979 ) ;
#4084 = LINE ( 'NONE', #370, #3449 ) ;
#4085 = CARTESIAN_POINT ( 'NONE',  ( -0.01116390653040580900, -9.341974571585699900E-018, -0.04019648675812098600 ) ) ;
#4086 = CARTESIAN_POINT ( 'NONE',  ( 0.04878880684957516400, 5.601266250930397000E-018, 0.04019648675812097900 ) ) ;
#4087 = CARTESIAN_POINT ( 'NONE',  ( -0.07933619315042485200, -0.01664992997496427000, -0.04019648675812097200 ) ) ;
#4088 = CARTESIAN_POINT ( 'NONE',  ( 0.08941380684957515900, 0.04019648675812098600, 0.01664992997496423900 ) ) ;
#4089 = CARTESIAN_POINT ( 'NONE',  ( 0.1713749003191694100, 0.02678166933744052400, -0.02678166933744052400 ) ) ;
#4090 = VERTEX_POINT ( 'NONE', #790 ) ;
#4091 = CARTESIAN_POINT ( 'NONE',  ( 0.2898410074907132300, -0.04905870649917301600, 0.02064226635673800700 ) ) ;
#4092 = DIRECTION ( 'NONE',  ( 1.000000000000000000, 8.503269937333647000E-017, -0.0000000000000000000 ) ) ;
#4093 = CARTESIAN_POINT ( 'NONE',  ( 0.1600000000000000600, 0.0000000000000000000, 0.0000000000000000000 ) ) ;
#4094 = CARTESIAN_POINT ( 'NONE',  ( -0.2509792165070819400, 0.06049999999999998400, 0.02505992052357225400 ) ) ;
#4095 = CARTESIAN_POINT ( 'NONE',  ( -0.2723750996808306200, 0.03787500000000001300, 0.0000000000000000000 ) ) ;
#4096 =( BOUNDED_CURVE ( )  B_SPLINE_CURVE ( 2, ( #4322, #3083, #1839, #2705, #3113, #4702, #3473, #649, #2240 ),
 .UNSPECIFIED., .F., .F. ) 
 B_SPLINE_CURVE_WITH_KNOTS ( ( 3, 2, 2, 2, 3 ),
 ( 0.7954545454545455300, 0.8068181818181818800, 0.8181818181818183400, 0.8295454545454545900, 0.8403419601339549000 ),
 .UNSPECIFIED. ) 
 CURVE ( )  GEOMETRIC_REPRESENTATION_ITEM ( )  RATIONAL_B_SPLINE_CURVE ( ( 0.9999999999999992200, 0.9238795325112875200, 1.000000000000000000, 0.9238795325112867400, 1.000000000000000000, 0.9238795325112867400, 1.000000000000000000, 0.9276785153675788400, 0.9927812298236109400 ) ) 
 REPRESENTATION_ITEM ( '' )  );
#4097 = CARTESIAN_POINT ( 'NONE',  ( 0.2822779401495811300, 0.04012499999999107100, 1.034096313424943800E-015 ) ) ;
#4098 = CARTESIAN_POINT ( 'NONE',  ( -0.1868749999999999900, 0.03787500000000002700, 0.01568833867488099400 ) ) ;
#4099 = CARTESIAN_POINT ( 'NONE',  ( -0.2899999999999999200, -0.02864034566079510400, -0.02639796138287101000 ) ) ;
#4100 = CARTESIAN_POINT ( 'NONE',  ( 0.1448541168262513200, 0.06050000000000003300, 0.02505992052357226100 ) ) ;
#4101 = CARTESIAN_POINT ( 'NONE',  ( 0.2575000000000000600, -0.04382463436946103900, 0.03068633934478099200 ) ) ;
#4102 = CARTESIAN_POINT ( 'NONE',  ( -0.1017889065304058100, 0.04019648675812096500, -0.01664992997496426600 ) ) ;
#4103 = CARTESIAN_POINT ( 'NONE',  ( 0.01128880684957515500, -0.04019648675812097900, 4.922649884530182800E-018 ) ) ;
#4104 = CARTESIAN_POINT ( 'NONE',  ( 0.07066380684957519800, -0.01664992997496425300, -0.04019648675812097200 ) ) ;
#4105 = CARTESIAN_POINT ( 'NONE',  ( 0.1540350783895720900, 0.0007677643028543438100, 0.06013639051328099200 ) ) ;
#4106 = CARTESIAN_POINT ( 'NONE',  ( 0.2900000000000000400, -0.04848746660646083300, 0.02261007700312738600 ) ) ;
#4107 = CARTESIAN_POINT ( 'NONE',  ( 0.1593779594979219900, 0.02123887014058265000, 0.03412723169035635600 ) ) ;
#4108 = CARTESIAN_POINT ( 'NONE',  ( -0.2899999999999999200, -0.04001387629401947900, 0.04537774458836518800 ) ) ;
#4109 = ORIENTED_EDGE ( 'NONE', *, *, #3654, .T. ) ;
#4110 = CARTESIAN_POINT ( 'NONE',  ( 0.1571346501249298000, -0.03631919119722003300, 0.02052722553586517100 ) ) ;
#4111 = CARTESIAN_POINT ( 'NONE',  ( -0.06660421650708192600, -1.778590865846394100E-017, -0.06050000000000001200 ) ) ;
#4112 = DIRECTION ( 'NONE',  ( 1.000000000000000000, 9.237637493568399400E-017, -0.0000000000000000000 ) ) ;
#4113 = ORIENTED_EDGE ( 'NONE', *, *, #4399, .F. ) ;
#4114 = CARTESIAN_POINT ( 'NONE',  ( -0.2549139065304058500, 0.02842320836654258300, -0.02842320836654261800 ) ) ;
#4115 = EDGE_CURVE ( 'NONE', #3376, #4141, #4147, .T. ) ;
#4116 = CARTESIAN_POINT ( 'NONE',  ( -0.06499999999999996100, -0.03787500000000004800, 4.638349751770605400E-018 ) ) ;
#4117 = CARTESIAN_POINT ( 'NONE',  ( -0.07077088317374870300, -1.814021157251952200E-017, -0.06050000000000001900 ) ) ;
#4118 = CARTESIAN_POINT ( 'NONE',  ( -0.2899999999999999800, 0.0000000000000000000, 0.06050000000000002600 ) ) ;
#4119 = ORIENTED_EDGE ( 'NONE', *, *, #4717, .T. ) ;
#4120 = CARTESIAN_POINT ( 'NONE',  ( -0.06428890653040582300, -0.01664992997496426600, -0.04019648675812097900 ) ) ;
#4121 = CARTESIAN_POINT ( 'NONE',  ( -0.2056249999999999700, -0.01568833867488103600, -0.03787500000000004100 ) ) ;
#4122 = AXIS2_PLACEMENT_3D ( 'NONE', #2276, #599, #1883 ) ;
#4123 = DIRECTION ( 'NONE',  ( 1.000000000000000000, 8.503269937333648200E-017, 0.0000000000000000000 ) ) ;
#4124 = CARTESIAN_POINT ( 'NONE',  ( 0.2822779401495811300, -0.04012499999999109800, -1.041407816593473700E-015 ) ) ;
#4125 = CARTESIAN_POINT ( 'NONE',  ( -0.2899999999999999800, 0.0000000000000000000, 0.0000000000000000000 ) ) ;
#4126 = CARTESIAN_POINT ( 'NONE',  ( 0.1083957834929180900, 1.191304000155291800E-017, 0.06050000000000001200 ) ) ;
#4127 = CARTESIAN_POINT ( 'NONE',  ( -0.06612509968083059300, 0.02678166933744051100, 0.02678166933744051400 ) ) ;
#4128 = B_SPLINE_CURVE_WITH_KNOTS ( 'NONE', 3,
 ( #2562, #4176, #4613, #2913, #29, #2543, #2896, #3713, #3323, #1270, #3302, #4969 ),
 .UNSPECIFIED., .F., .F.,
 ( 4, 2, 2, 2, 2, 4 ),
 ( 7.564592850777163100E-018, 0.0002644628181368548400, 0.0005289256362737021000, 0.001057851272547396600, 0.001586776908821091100, 0.002115702545094785400 ),
 .UNSPECIFIED. ) ;
#4129 = CARTESIAN_POINT ( 'NONE',  ( -0.2486639065304057900, 0.04019648675812095800, 0.0000000000000000000 ) ) ;
#4130 = CARTESIAN_POINT ( 'NONE',  ( -0.1212499999999999700, -0.02678166933744052800, 0.02678166933744051800 ) ) ;
#4131 = CARTESIAN_POINT ( 'NONE',  ( -0.1301458831737487300, -0.06050000000000004700, -0.02505992052357225100 ) ) ;
#4132 = CARTESIAN_POINT ( 'NONE',  ( 0.2555138757210604900, -0.03721872141591121800, 0.03347928314214974900 ) ) ;
#4133 = ADVANCED_FACE ( 'NONE', ( #1562 ), #1700, .F. ) ;
#4134 = EDGE_CURVE ( 'NONE', #4453, #4919, #2079, .T. ) ;
#4135 =( GEOMETRIC_REPRESENTATION_CONTEXT ( 3 ) GLOBAL_UNCERTAINTY_ASSIGNED_CONTEXT ( ( #237 ) ) GLOBAL_UNIT_ASSIGNED_CONTEXT ( ( #2499, #4981, #2517 ) ) REPRESENTATION_CONTEXT ( 'NONE', 'WORKASPACE' ) );
#4136 = CARTESIAN_POINT ( 'NONE',  ( -0.02366390653040581100, -0.04019648675812099300, 4.922649884530183500E-018 ) ) ;
#4137 = ORIENTED_EDGE ( 'NONE', *, *, #2944, .T. ) ;
#4138 = CARTESIAN_POINT ( 'NONE',  ( -0.1587499999999999700, -0.02678166933744053500, -0.02678166933744051400 ) ) ;
#4139 = CONICAL_SURFACE ( 'NONE', #1990, 0.05350000000000004100, 1.047197551196600100 ) ;
#4140 = PERSON_AND_ORGANIZATION ( #2589, #2539 ) ;
#4141 = VERTEX_POINT ( 'NONE', #2337 ) ;
#4142 = CARTESIAN_POINT ( 'NONE',  ( -0.2332708831737487200, -0.06050000000000003300, 7.409113134841489000E-018 ) ) ;
#4143 = VERTEX_POINT ( 'NONE', #4462 ) ;
#4144 = CARTESIAN_POINT ( 'NONE',  ( -0.1980861931504248600, -0.01664992997496424900, 0.04019648675812097900 ) ) ;
#4145 = CARTESIAN_POINT ( 'NONE',  ( -0.05097921650708193300, 0.06049999999999999800, 0.02505992052357225400 ) ) ;
#4146 = CARTESIAN_POINT ( 'NONE',  ( -0.05675009968083060500, -0.01568833867488099800, 0.03787500000000004800 ) ) ;
#4147 = CIRCLE ( 'NONE', #4837, 0.05349999999999999200 ) ;
#4148 = CONICAL_SURFACE ( 'NONE', #3129, 0.06050000000000006100, 1.308996938995738800 ) ;
#4149 = CARTESIAN_POINT ( 'NONE',  ( -0.2049139065304058400, 0.02842320836654258600, -0.02842320836654261800 ) ) ;
#4150 = CARTESIAN_POINT ( 'NONE',  ( -0.01187499999999999700, -0.03787500000000004800, -0.01568833867488098400 ) ) ;
#4151 = DIRECTION ( 'NONE',  ( 1.000000000000000000, 0.0000000000000000000, 0.0000000000000000000 ) ) ;
#4152 = CARTESIAN_POINT ( 'NONE',  ( 0.1854791168262512900, 0.04277996026178614700, -0.04277996026178614700 ) ) ;
#4153 = CARTESIAN_POINT ( 'NONE',  ( -0.2900393700787401400, 0.01064171080908283900, -0.04792522506905766400 ) ) ;
#4154 = AXIS2_PLACEMENT_3D ( 'NONE', #2930, #916, #480 ) ;
#4155 = CARTESIAN_POINT ( 'NONE',  ( -0.1611639065304058300, -2.209687947758617000E-017, -0.04019648675812098600 ) ) ;
#4156 = CARTESIAN_POINT ( 'NONE',  ( -0.06812499999999997700, -0.03787500000000004800, 0.01568833867488099800 ) ) ;
#4157 = EDGE_CURVE ( 'NONE', #2903, #2504, #4955, .T. ) ;
#4158 = CARTESIAN_POINT ( 'NONE',  ( -0.2900393700787401400, 0.04848746660646073600, -0.02261007700312740000 ) ) ;
#4159 = DIRECTION ( 'NONE',  ( -9.237637493568399400E-017, 1.000000000000000000, 0.0000000000000000000 ) ) ;
#4160 =( BOUNDED_CURVE ( )  B_SPLINE_CURVE ( 2, ( #4276, #1398, #4257, #1821, #2224, #2981, #516, #3394, #3806, #1339, #2259, #1048, #3492, #4304, #3915, #247, #4340, #4738, #4725, #231, #3133, #2293, #2650, #3476, #5138, #1035, #3072, #5153, #3541, #1462, #4289, #216, #3100, #5185, #2244, #3514, #4324, #1857, #3900, #2671, #2279, #2722, #2691, #636, #667, #1069, #1429, #1872, #5165, #1019, #199, #2707, #4705, #1445, #3085, #3949, #4769, #603, #622, #3886, #3115, #187, #650, #1842, #3527, #3931, #1906, #1479, #1888, #1082, #4753, #1496, #4356, #2310, #1977, #1168, #3998, #1583, #3181, #292, #1095, #1961, #740, #4391, #3570, #3962, #687, #1542, #700, #4823, #310, #4806, #4371, #3195, #4406, #1513, #1112, #3586, #716, #3603, #1939, #3553, #5214, #3980, #3215, #1149, #5253, #330, #2362, #4021, #5198, #1133, #2786, #1921, #1997, #3161, #2771, #1560, #2344, #1526, #4788, #4424, #3628, #4847, #2753, #760, #2380, #5272, #2807, #4042, #4445, #4867, #2740, #261, #3149, #5233, #2324, #280, #4080, #3684, #20, #1675, #3706, #1266, #2423 ),
 .UNSPECIFIED., .F., .T. ) 
 B_SPLINE_CURVE_WITH_KNOTS ( ( 3, 2, 2, 2, 2, 2, 2, 2, 2, 2, 2, 2, 2, 2, 2, 2, 2, 2, 2, 2, 2, 2, 2, 2, 2, 2, 2, 2, 2, 2, 2, 2, 2, 2, 2, 2, 2, 2, 2, 2, 2, 2, 2, 2, 2, 2, 2, 2, 2, 2, 2, 2, 2, 2, 2, 2, 2, 2, 2, 2, 2, 2, 2, 2, 2, 2, 2, 2, 2, 2, 2, 2, 3 ),
 ( 0.09090909090909092500, 0.1022727272727272900, 0.1136363636363636500, 0.1250000000000000300, 0.1363636363636363800, 0.1477272727272727600, 0.1590909090909091200, 0.1704545454545454700, 0.1818181818181818200, 0.1931818181818182000, 0.2045454545454545900, 0.2159090909090909400, 0.2272727272727272900, 0.2386363636363637000, 0.2500000000000000600, 0.2613636363636364100, 0.2727272727272727600, 0.2840909090909091700, 0.2954545454545455300, 0.3068181818181818800, 0.3181818181818182300, 0.3295454545454545900, 0.3409090909090909400, 0.3522727272727273500, 0.3636363636363637000, 0.3750000000000000600, 0.3863636363636364100, 0.3977272727272727600, 0.4090909090909092300, 0.4204545454545455800, 0.4318181818181818800, 0.4431818181818182300, 0.4545454545454545900, 0.4659090909090909900, 0.4772727272727273500, 0.4886363636363637000, 0.5000000000000000000, 0.5113636363636363500, 0.5227272727272727100, 0.5340909090909090600, 0.5454545454545454100, 0.5568181818181818800, 0.5681818181818182300, 0.5795454545454545900, 0.5909090909090910500, 0.6022727272727274000, 0.6136363636363637600, 0.6250000000000001100, 0.6363636363636364600, 0.6477272727272728200, 0.6590909090909091700, 0.6704545454545454100, 0.6818181818181818800, 0.6931818181818183400, 0.7045454545454547000, 0.7159090909090909400, 0.7272727272727274000, 0.7386363636363636500, 0.7500000000000001100, 0.7613636363636364600, 0.7727272727272728200, 0.7840909090909091700, 0.7954545454545455300, 0.8068181818181818800, 0.8181818181818182300, 0.8295454545454547000, 0.8409090909090910500, 0.8522727272727274000, 0.8636363636363637600, 0.8750000000000001100, 0.8863636363636364600, 0.8977272727272729300, 0.9090909090909091700 ),
 .UNSPECIFIED. ) 
 CURVE ( )  GEOMETRIC_REPRESENTATION_ITEM ( )  RATIONAL_B_SPLINE_CURVE ( ( 0.9999999999999998900, 0.9238795325112868500, 1.000000000000000000, 0.9238795325112867400, 1.000000000000000000, 0.9238795325112867400, 1.000000000000000000, 0.9238795325112867400, 1.000000000000000000, 0.9238795325112867400, 1.000000000000000000, 0.9238795325112867400, 1.000000000000000000, 0.9238795325112867400, 1.000000000000000000, 0.9238795325112867400, 1.000000000000000000, 0.9238795325112867400, 1.000000000000000000, 0.9238795325112867400, 1.000000000000000000, 0.9238795325112867400, 1.000000000000000000, 0.9238795325112867400, 1.000000000000000000, 0.9238795325112867400, 1.000000000000000000, 0.9238795325112867400, 1.000000000000000000, 0.9238795325112867400, 1.000000000000000000, 0.9238795325112867400, 1.000000000000000000, 0.9238795325112867400, 1.000000000000000000, 0.9238795325112867400, 1.000000000000000000, 0.9238795325112867400, 1.000000000000000000, 0.9238795325112867400, 1.000000000000000000, 0.9238795325112867400, 1.000000000000000000, 0.9238795325112867400, 1.000000000000000000, 0.9238795325112867400, 1.000000000000000000, 0.9238795325112867400, 1.000000000000000000, 0.9238795325112867400, 1.000000000000000000, 0.9238795325112867400, 1.000000000000000000, 0.9238795325112867400, 1.000000000000000000, 0.9238795325112867400, 1.000000000000000000, 0.9238795325112867400, 1.000000000000000000, 0.9238795325112867400, 1.000000000000000000, 0.9238795325112867400, 1.000000000000000000, 0.9238795325112867400, 1.000000000000000000, 0.9238795325112867400, 1.000000000000000000, 0.9238795325112867400, 1.000000000000000000, 0.9238795325112867400, 1.000000000000000000, 0.9238795325112867400, 1.000000000000000000, 0.9238795325112867400, 1.000000000000000000, 0.9238795325112867400, 1.000000000000000000, 0.9238795325112867400, 1.000000000000000000, 0.9238795325112867400, 1.000000000000000000, 0.9238795325112867400, 1.000000000000000000, 0.9238795325112867400, 1.000000000000000000, 0.9238795325112867400, 1.000000000000000000, 0.9238795325112867400, 1.000000000000000000, 0.9238795325112867400, 1.000000000000000000, 0.9238795325112867400, 1.000000000000000000, 0.9238795325112867400, 1.000000000000000000, 0.9238795325112867400, 1.000000000000000000, 0.9238795325112867400, 1.000000000000000000, 0.9238795325112867400, 1.000000000000000000, 0.9238795325112867400, 1.000000000000000000, 0.9238795325112867400, 1.000000000000000000, 0.9238795325112867400, 1.000000000000000000, 0.9238795325112867400, 1.000000000000000000, 0.9238795325112867400, 1.000000000000000000, 0.9238795325112867400, 1.000000000000000000, 0.9238795325112867400, 1.000000000000000000, 0.9238795325112867400, 1.000000000000000000, 0.9238795325112867400, 1.000000000000000000, 0.9238795325112867400, 1.000000000000000000, 0.9238795325112867400, 1.000000000000000000, 0.9238795325112867400, 1.000000000000000000, 0.9238795325112867400, 1.000000000000000000, 0.9238795325112867400, 1.000000000000000000, 0.9238795325112867400, 1.000000000000000000, 0.9238795325112867400, 1.000000000000000000, 0.9238795325112867400, 1.000000000000000000, 0.9238795325112867400, 1.000000000000000000, 0.9238795325112867400, 1.000000000000000000, 0.9238795325112867400, 1.000000000000000000, 0.9238795325112867400, 1.000000000000000000, 0.9238795325112859600, 1.000000000000000700 ) ) 
 REPRESENTATION_ITEM ( '' )  );
#4161 = CARTESIAN_POINT ( 'NONE',  ( -0.2587499999999999800, -0.02678166933744054500, -0.02678166933744051400 ) ) ;
#4162 = CARTESIAN_POINT ( 'NONE',  ( 0.01383609346959419800, 2.629142681808080800E-018, 0.04019648675812098600 ) ) ;
#4163 = ADVANCED_FACE ( 'NONE', ( #5235 ), #3757, .T. ) ;
#4164 = CARTESIAN_POINT ( 'NONE',  ( -0.2262111931504248400, -2.762802584579749900E-017, -0.04019648675812097900 ) ) ;
#4165 = CARTESIAN_POINT ( 'NONE',  ( 0.1302707834929181200, -0.02505992052357228200, -0.06049999999999999100 ) ) ;
#4166 = CARTESIAN_POINT ( 'NONE',  ( -0.04737509968083059000, -0.03787500000000004800, 4.638349751770605400E-018 ) ) ;
#4167 = B_SPLINE_CURVE_WITH_KNOTS ( 'NONE', 3,
 ( #5331, #4924, #2454, #2493, #4465, #3416 ),
 .UNSPECIFIED., .F., .F.,
 ( 4, 2, 4 ),
 ( 2.967205182961933400E-007, 0.0002237070632990861800, 0.0004471174060798761300 ),
 .UNSPECIFIED. ) ;
#4168 = CARTESIAN_POINT ( 'NONE',  ( -0.2580389065304059000, 0.01664992997496422500, -0.04019648675812097900 ) ) ;
#4169 = EDGE_CURVE ( 'NONE', #444, #5053, #1656, .T. ) ;
#4170 = CARTESIAN_POINT ( 'NONE',  ( -0.1431249999999999500, 0.03787500000000002000, -0.01568833867488101500 ) ) ;
#4171 = ORIENTED_EDGE ( 'NONE', *, *, #2135, .F. ) ;
#4172 = CARTESIAN_POINT ( 'NONE',  ( 0.2900000000000000400, 0.0000000000000000000, 0.0000000000000000000 ) ) ;
#4173 = CARTESIAN_POINT ( 'NONE',  ( -0.05178890653040579800, 0.04019648675812097200, -0.01664992997496426600 ) ) ;
#4174 = EDGE_LOOP ( 'NONE', ( #4299, #375, #5169, #3009 ) ) ;
#4175 = CARTESIAN_POINT ( 'NONE',  ( -0.09312499999999999900, 0.03787500000000002700, -0.01568833867488101500 ) ) ;
#4176 = CARTESIAN_POINT ( 'NONE',  ( -0.2899999999999999200, -0.01979884022965301000, -0.03247947427529375400 ) ) ;
#4177 = CARTESIAN_POINT ( 'NONE',  ( -0.1598750996808306100, -1.228413904951536500E-017, 0.03787500000000004100 ) ) ;
#4178 = CARTESIAN_POINT ( 'NONE',  ( 0.03883609346959420600, -5.090339602918872600E-018, -0.04019648675812098600 ) ) ;
#4179 = ORIENTED_EDGE ( 'NONE', *, *, #40, .T. ) ;
#4180 = CARTESIAN_POINT ( 'NONE',  ( -0.2418361931504248700, -0.04019648675812099300, 0.01664992997496424200 ) ) ;
#4181 = CARTESIAN_POINT ( 'NONE',  ( -0.02910421650708194500, -0.06050000000000001900, 7.409113134841487400E-018 ) ) ;
#4182 = CARTESIAN_POINT ( 'NONE',  ( -0.1192500996808306500, 0.03787500000000002700, 0.01568833867488099400 ) ) ;
#4183 = CARTESIAN_POINT ( 'NONE',  ( 0.2575000000000000600, 0.0000000000000000000, 0.0000000000000000000 ) ) ;
#4184 = ORIENTED_EDGE ( 'NONE', *, *, #2963, .T. ) ;
#4185 = CARTESIAN_POINT ( 'NONE',  ( 0.03187500000000005600, -0.03787500000000004800, 0.01568833867488099800 ) ) ;
#4186 = CARTESIAN_POINT ( 'NONE',  ( 0.2549553266340769400, -0.01064171080908288100, -0.04792522506905766400 ) ) ;
#4187 = ADVANCED_FACE ( 'NONE', ( #3059 ), #3237, .T. ) ;
#4188 = CARTESIAN_POINT ( 'NONE',  ( 0.1169610934695942100, -0.01664992997496422500, 0.04019648675812098600 ) ) ;
#4189 = CARTESIAN_POINT ( 'NONE',  ( 0.1193750000000000900, 0.01568833867488100800, 0.03787500000000004800 ) ) ;
#4190 = CARTESIAN_POINT ( 'NONE',  ( -0.1942500996808306200, -0.03787500000000006800, -0.01568833867488098400 ) ) ;
#4191 = CARTESIAN_POINT ( 'NONE',  ( 0.2898869385570697100, 0.04911403328071135100, 0.02073461551088145300 ) ) ;
#4192 = CARTESIAN_POINT ( 'NONE',  ( 0.1482110934695942400, 0.04019648675812098600, -0.01664992997496427000 ) ) ;
#4193 = CARTESIAN_POINT ( 'NONE',  ( -0.1730861931504248400, 0.01664992997496422800, -0.04019648675812097200 ) ) ;
#4194 = LINE ( 'NONE', #3867, #1556 ) ;
#4195 = CARTESIAN_POINT ( 'NONE',  ( 0.08964578349291804600, 0.04277996026178611900, -0.04277996026178614000 ) ) ;
#4196 = CARTESIAN_POINT ( 'NONE',  ( -0.1067500996808306200, -0.01568833867488100100, 0.03787500000000004800 ) ) ;
#4197 = B_SPLINE_CURVE_WITH_KNOTS ( 'NONE', 3,
 ( #5317, #3235, #801, #3665, #851, #1660, #2461, #3724, #4507, #420 ),
 .UNSPECIFIED., .F., .F.,
 ( 4, 2, 2, 2, 4 ),
 ( 2.362615790324534400E-007, 0.0002232099568003458600, 0.0004461836520216592700, 0.0006691573472429726300, 0.0008921310424642861000 ),
 .UNSPECIFIED. ) ;
#4198 = ORIENTED_EDGE ( 'NONE', *, *, #3295, .T. ) ;
#4199 = CARTESIAN_POINT ( 'NONE',  ( -0.1080389065304058200, 0.01664992997496424200, -0.04019648675812097900 ) ) ;
#4200 = FACE_OUTER_BOUND ( 'NONE', #4856, .T. ) ;
#4201 = CARTESIAN_POINT ( 'NONE',  ( 0.1131250000000000300, 0.03787500000000004800, 0.01568833867488099400 ) ) ;
#4202 = ORIENTED_EDGE ( 'NONE', *, *, #5326, .T. ) ;
#4203 = FACE_OUTER_BOUND ( 'NONE', #4880, .T. ) ;
#4204 = EDGE_CURVE ( 'NONE', #616, #1920, #1952, .T. ) ;
#4205 = VERTEX_POINT ( 'NONE', #2059 ) ;
#4206 = CARTESIAN_POINT ( 'NONE',  ( 0.1638360934695942400, 1.538404758780855300E-017, 0.04019648675812098600 ) ) ;
#4207 = CARTESIAN_POINT ( 'NONE',  ( 0.003750000000000062300, 0.02678166933744051100, -0.02678166933744052400 ) ) ;
#4208 = ORIENTED_EDGE ( 'NONE', *, *, #2676, .F. ) ;
#4209 = CARTESIAN_POINT ( 'NONE',  ( -0.1911250996808306300, -0.02678166933744053800, -0.02678166933744051400 ) ) ;
#4210 = CARTESIAN_POINT ( 'NONE',  ( 0.1956000000000001100, 4.485796766876815000E-017, 0.0000000000000000000 ) ) ;
#4211 = CARTESIAN_POINT ( 'NONE',  ( 0.06696109346959419600, -0.01664992997496423200, 0.04019648675812098600 ) ) ;
#4212 = ADVANCED_FACE ( 'NONE', ( #5115 ), #4000, .T. ) ;
#4213 = CARTESIAN_POINT ( 'NONE',  ( -0.2949611931504248500, -0.02842320836654262800, 0.02842320836654260700 ) ) ;
#4214 = ORIENTED_EDGE ( 'NONE', *, *, #3159, .T. ) ;
#4215 = CARTESIAN_POINT ( 'NONE',  ( -0.2924139065304058300, 0.02842320836654258600, 0.02842320836654260700 ) ) ;
#4216 = CARTESIAN_POINT ( 'NONE',  ( 0.1526249003191694200, -0.03787500000000003400, 4.638349751770605400E-018 ) ) ;
#4217 = EDGE_CURVE ( 'NONE', #4919, #4666, #2788, .T. ) ;
#4218 = CARTESIAN_POINT ( 'NONE',  ( -0.1205389065304058200, -0.04019648675812101400, -0.01664992997496422800 ) ) ;
#4219 = CARTESIAN_POINT ( 'NONE',  ( 0.2037500000000000400, 0.02678166933744052800, -0.02678166933744052400 ) ) ;
#4220 = CARTESIAN_POINT ( 'NONE',  ( 0.07922911682625130600, -5.385306666519049200E-018, -0.06050000000000001900 ) ) ;
#4221 = AXIS2_PLACEMENT_3D ( 'NONE', #4819, #4112, #5333 ) ;
#4222 = CARTESIAN_POINT ( 'NONE',  ( 0.1357110934695942600, -0.01664992997496424900, -0.04019648675812097900 ) ) ;
#4223 = CARTESIAN_POINT ( 'NONE',  ( 0.1412500000000000400, -0.02678166933744051100, -0.02678166933744051400 ) ) ;
#4224 =( BOUNDED_CURVE ( )  B_SPLINE_CURVE ( 2, ( #2249, #3500, #4811, #4778, #4007, #2348, #5242, #3986, #2332 ),
 .UNSPECIFIED., .F., .T. ) 
 B_SPLINE_CURVE_WITH_KNOTS ( ( 3, 2, 2, 2, 3 ),
 ( 0.2045454545454545900, 0.2159090909090909400, 0.2272727272727272900, 0.2386363636363637000, 0.2500000000000000600 ),
 .UNSPECIFIED. ) 
 CURVE ( )  GEOMETRIC_REPRESENTATION_ITEM ( )  RATIONAL_B_SPLINE_CURVE ( ( 0.9999999999999997800, 0.9238795325112869600, 1.000000000000000000, 0.9238795325112867400, 1.000000000000000000, 0.9238795325112867400, 1.000000000000000000, 0.9238795325112864100, 1.000000000000000400 ) ) 
 REPRESENTATION_ITEM ( '' )  );
#4225 = CARTESIAN_POINT ( 'NONE',  ( -0.1505000996808306100, -0.03787500000000005400, 0.01568833867488099800 ) ) ;
#4226 = CARTESIAN_POINT ( 'NONE',  ( 0.09902078349291806900, 0.06050000000000002600, 0.02505992052357226100 ) ) ;
#4227 = CARTESIAN_POINT ( 'NONE',  ( 0.03571109346959423100, -0.01664992997496425900, -0.04019648675812097900 ) ) ;
#4228 = CARTESIAN_POINT ( 'NONE',  ( 0.04253880684957520000, 0.02842320836654261100, 0.02842320836654260400 ) ) ;
#4229 = CARTESIAN_POINT ( 'NONE',  ( -0.3455389065304058600, 0.04019648675812095800, 0.01664992997496424200 ) ) ;
#4230 = CARTESIAN_POINT ( 'NONE',  ( 0.01512490031916939100, -6.680116162722694900E-018, -0.03787500000000004100 ) ) ;
#4231 = ORIENTED_EDGE ( 'NONE', *, *, #3712, .T. ) ;
#4232 = CARTESIAN_POINT ( 'NONE',  ( -0.1142889065304058700, -0.01664992997496427000, -0.04019648675812097900 ) ) ;
#4233 = EDGE_CURVE ( 'NONE', #2056, #2739, #476, .T. ) ;
#4234 = AXIS2_PLACEMENT_3D ( 'NONE', #954, #588, #5066 ) ;
#4235 = CARTESIAN_POINT ( 'NONE',  ( 0.03500000000000003800, -0.03787500000000004100, 4.638349751770605400E-018 ) ) ;
#4236 = DIRECTION ( 'NONE',  ( -1.000000000000000000, -0.0000000000000000000, -0.0000000000000000000 ) ) ;
#4237 = VERTEX_POINT ( 'NONE', #3730 ) ;
#4238 = ADVANCED_FACE ( 'NONE', ( #3889 ), #4139, .F. ) ;
#4239 = CARTESIAN_POINT ( 'NONE',  ( 0.02946109346959418400, -0.04019648675812099300, -0.01664992997496422800 ) ) ;
#4240 = CARTESIAN_POINT ( 'NONE',  ( -0.005624999999999956400, -0.01568833867488101500, -0.03787500000000004100 ) ) ;
#4241 = ORIENTED_EDGE ( 'NONE', *, *, #198, .F. ) ;
#4242 = CARTESIAN_POINT ( 'NONE',  ( 0.05839578349291808100, 7.661405032886089400E-018, 0.06050000000000001900 ) ) ;
#4243 = CARTESIAN_POINT ( 'NONE',  ( 0.05887490031916943500, -0.02678166933744051800, -0.02678166933744051400 ) ) ;
#4244 = DIRECTION ( 'NONE',  ( 1.000000000000000000, 8.503269937333648200E-017, 0.0000000000000000000 ) ) ;
#4245 = CARTESIAN_POINT ( 'NONE',  ( -0.07621119315042483600, -1.487312093979702500E-017, -0.04019648675812097900 ) ) ;
#4246 = CARTESIAN_POINT ( 'NONE',  ( 0.1927707834929181200, 0.06049999999999999800, -0.02505992052357230000 ) ) ;
#4247 = CARTESIAN_POINT ( 'NONE',  ( 0.07449990031916942100, 0.03787500000000004100, -0.01568833867488101500 ) ) ;
#4248 = CARTESIAN_POINT ( 'NONE',  ( -0.08303890653040581200, -0.01664992997496424200, 0.04019648675812098600 ) ) ;
#4249 = AXIS2_PLACEMENT_3D ( 'NONE', #1115, #3982, #5216 ) ;
#4250 = CARTESIAN_POINT ( 'NONE',  ( 0.05687500000000005700, 0.03787500000000004100, -0.01568833867488101500 ) ) ;
#4251 = CARTESIAN_POINT ( 'NONE',  ( 0.01152078349291805200, -0.02505992052357225800, 0.06050000000000001900 ) ) ;
#4252 = CARTESIAN_POINT ( 'NONE',  ( -0.2051458831737487100, 0.06050000000000000500, 0.02505992052357226100 ) ) ;
#4253 = EDGE_CURVE ( 'NONE', #4565, #240, #3719, .T. ) ;
#4254 = VECTOR ( 'NONE', #3947, 39.37007874015748100 ) ;
#4255 = CARTESIAN_POINT ( 'NONE',  ( 0.09508609346959418000, 0.02842320836654261100, -0.02842320836654261800 ) ) ;
#4256 = CARTESIAN_POINT ( 'NONE',  ( 0.1131250000000000300, 0.03787500000000004800, 0.01568833867488099400 ) ) ;
#4257 = CARTESIAN_POINT ( 'NONE',  ( -0.2837500000000000000, 0.02678166933744049300, 0.02678166933744051400 ) ) ;
#4258 = CARTESIAN_POINT ( 'NONE',  ( -0.07862509968083060400, 0.02678166933744050000, -0.02678166933744052400 ) ) ;
#4259 = CARTESIAN_POINT ( 'NONE',  ( -0.2900393700787401400, -0.04382463436946112300, 0.03068633934478099500 ) ) ;
#4260 = ORIENTED_EDGE ( 'NONE', *, *, #754, .F. ) ;
#4261 = CARTESIAN_POINT ( 'NONE',  ( -0.2799139065304058200, -0.02842320836654263100, 0.02842320836654261100 ) ) ;
#4262 = CARTESIAN_POINT ( 'NONE',  ( 0.01753880684957519200, -0.02842320836654260700, -0.02842320836654260400 ) ) ;
#4263 = CARTESIAN_POINT ( 'NONE',  ( -0.3424139065304058800, 0.02842320836654258300, 0.02842320836654260700 ) ) ;
#4264 = CIRCLE ( 'NONE', #5093, 0.01439999999999998900 ) ;
#4265 = CARTESIAN_POINT ( 'NONE',  ( 0.002624900319169388300, -0.03787500000000004800, 4.638349751770605400E-018 ) ) ;
#4266 = CARTESIAN_POINT ( 'NONE',  ( -0.1380000996808305700, -0.01568833867488102900, -0.03787500000000004100 ) ) ;
#4267 = ORIENTED_EDGE ( 'NONE', *, *, #2743, .T. ) ;
#4268 = EDGE_CURVE ( 'NONE', #4586, #1145, #4959, .T. ) ;
#4269 = ORIENTED_EDGE ( 'NONE', *, *, #456, .F. ) ;
#4270 = CIRCLE ( 'NONE', #4301, 0.05350000000000004100 ) ;
#4271 = LINE ( 'NONE', #2236, #5183 ) ;
#4272 = DIRECTION ( 'NONE',  ( 1.000000000000000000, 9.237637493568399400E-017, -0.0000000000000000000 ) ) ;
#4273 = CARTESIAN_POINT ( 'NONE',  ( 0.2575000000000000600, 0.04848746660646076300, -0.02261007700312740000 ) ) ;
#4274 = DIRECTION ( 'NONE',  ( 1.000000000000000000, 8.503269937333648200E-017, 0.0000000000000000000 ) ) ;
#4275 = CARTESIAN_POINT ( 'NONE',  ( -0.3005000996808306300, -0.03787500000000006800, 0.01568833867488099800 ) ) ;
#4276 = CARTESIAN_POINT ( 'NONE',  ( -0.2899999999999999800, 0.03787500000000001300, 0.0000000000000000000 ) ) ;
#4277 = CARTESIAN_POINT ( 'NONE',  ( 0.01512490031916939100, -6.680116162722694900E-018, -0.03787500000000004100 ) ) ;
#4278 = CARTESIAN_POINT ( 'NONE',  ( 0.2575000000000000600, -0.04382463436946108800, -0.03068633934478102700 ) ) ;
#4279 = CARTESIAN_POINT ( 'NONE',  ( -0.07933619315042485200, -0.01664992997496426600, -0.04019648675812097200 ) ) ;
#4280 = CARTESIAN_POINT ( 'NONE',  ( -0.3205389065304058400, -0.04019648675812102800, -0.01664992997496422800 ) ) ;
#4281 = CARTESIAN_POINT ( 'NONE',  ( 0.1338749003191693800, 0.02678166933744052800, 0.02678166933744051400 ) ) ;
#4282 = CARTESIAN_POINT ( 'NONE',  ( -0.1786250996808306200, 0.02678166933744049300, -0.02678166933744052400 ) ) ;
#4283 = AXIS2_PLACEMENT_3D ( 'NONE', #1873, #3118, #1481 ) ;
#4284 = DIRECTION ( 'NONE',  ( 0.0000000000000000000, 0.0000000000000000000, 1.000000000000000000 ) ) ;
#4285 = AXIS2_PLACEMENT_3D ( 'NONE', #1046, #4699, #2237 ) ;
#4286 = CARTESIAN_POINT ( 'NONE',  ( -0.2900393700787401400, 0.04682531779643215500, -0.01474662063413561200 ) ) ;
#4287 = VERTEX_POINT ( 'NONE', #4538 ) ;
#4288 = CARTESIAN_POINT ( 'NONE',  ( -0.3098750996808306000, -2.503904395551583500E-017, 0.03787500000000004100 ) ) ;
#4289 = CARTESIAN_POINT ( 'NONE',  ( -0.1962499999999999800, 0.02678166933744049300, -0.02678166933744052400 ) ) ;
#4290 = CARTESIAN_POINT ( 'NONE',  ( 0.02449990031916941100, 0.03787500000000003400, -0.01568833867488101900 ) ) ;
#4291 = CARTESIAN_POINT ( 'NONE',  ( -0.2728542165070819700, -0.04277996026178617500, -0.04277996026178614000 ) ) ;
#4292 = DIRECTION ( 'NONE',  ( 0.0000000000000000000, 0.0000000000000000000, 1.000000000000000000 ) ) ;
#4293 = CARTESIAN_POINT ( 'NONE',  ( 0.1519138068495751700, -0.01664992997496422100, 0.04019648675812097900 ) ) ;
#4294 = ORIENTED_EDGE ( 'NONE', *, *, #2282, .F. ) ;
#4295 = CARTESIAN_POINT ( 'NONE',  ( -0.02308619315042484100, 0.01664992997496424200, -0.04019648675812097200 ) ) ;
#4296 = CARTESIAN_POINT ( 'NONE',  ( 0.2883570447436879500, 0.04803858548262635700, -0.01607500782055378700 ) ) ;
#4297 = CARTESIAN_POINT ( 'NONE',  ( -0.2418361931504248700, -0.04019648675812099300, 0.01664992997496424200 ) ) ;
#4298 = CARTESIAN_POINT ( 'NONE',  ( -0.2817500996808305900, 0.01568833867488098400, -0.03787500000000004100 ) ) ;
#4299 = ORIENTED_EDGE ( 'NONE', *, *, #3763, .T. ) ;
#4300 = EDGE_CURVE ( 'NONE', #3256, #550, #3050, .T. ) ;
#4301 = AXIS2_PLACEMENT_3D ( 'NONE', #5302, #2008, #406 ) ;
#4302 = CARTESIAN_POINT ( 'NONE',  ( -0.01972921650708192600, -0.02505992052357230000, -0.06050000000000000500 ) ) ;
#4303 = ORIENTED_EDGE ( 'NONE', *, *, #3319, .T. ) ;
#4304 = CARTESIAN_POINT ( 'NONE',  ( -0.2493749999999999900, 0.01568833867488098400, -0.03787500000000004100 ) ) ;
#4305 = CARTESIAN_POINT ( 'NONE',  ( 0.04012490031916939700, 4.722400825151930000E-018, 0.03787500000000004100 ) ) ;
#4306 = CARTESIAN_POINT ( 'NONE',  ( 0.2900000000000000400, 9.715098770946713200E-018, 0.0000000000000000000 ) ) ;
#4307 = EDGE_CURVE ( 'NONE', #4666, #1981, #4712, .T. ) ;
#4308 = CARTESIAN_POINT ( 'NONE',  ( -0.2900393700787401400, 0.05970295784253697200, 0.0000000000000000000 ) ) ;
#4309 = CARTESIAN_POINT ( 'NONE',  ( 0.2550215013865405100, 0.01061755827469286300, 0.04804799777751865600 ) ) ;
#4310 = CARTESIAN_POINT ( 'NONE',  ( 0.2300388068495751700, 0.02842320836654262100, -0.02842320836654261100 ) ) ;
#4311 = CARTESIAN_POINT ( 'NONE',  ( 0.06777078349291809600, -0.06050000000000001900, 0.02505992052357226500 ) ) ;
#4312 = CARTESIAN_POINT ( 'NONE',  ( -0.2512111931504248400, -1.990854356107054300E-017, 0.04019648675812097900 ) ) ;
#4313 = CARTESIAN_POINT ( 'NONE',  ( -0.2255000996808306200, 0.03787500000000001300, -0.01568833867488101500 ) ) ;
#4314 = DATE_TIME_ROLE ( 'classification_date' ) ;
#4315 = CYLINDRICAL_SURFACE ( 'NONE', #3813, 0.006687500000000024200 ) ;
#4316 = AXIS2_PLACEMENT_3D ( 'NONE', #3731, #1272, #49 ) ;
#4317 = CARTESIAN_POINT ( 'NONE',  ( 0.2874553266340769700, -0.03618360698734933400, -0.03317860443492207100 ) ) ;
#4318 = VERTEX_POINT ( 'NONE', #1271 ) ;
#4319 = DIRECTION ( 'NONE',  ( 1.000000000000000000, 9.237637493568399400E-017, -0.0000000000000000000 ) ) ;
#4320 = CYLINDRICAL_SURFACE ( 'NONE', #2592, 0.006687500000000015500 ) ;
#4321 = CYLINDRICAL_SURFACE ( 'NONE', #2533, 0.06050000000000002600 ) ;
#4322 = CARTESIAN_POINT ( 'NONE',  ( 0.1292291168262513200, -1.133671697852225200E-018, -0.06050000000000001900 ) ) ;
#4323 = ORIENTED_EDGE ( 'NONE', *, *, #2116, .T. ) ;
#4324 = CARTESIAN_POINT ( 'NONE',  ( -0.1774999999999999900, -1.378283189984032000E-017, 0.03787500000000004100 ) ) ;
#4325 = LINE ( 'NONE', #3822, #5177 ) ;
#4326 = CARTESIAN_POINT ( 'NONE',  ( -0.2822292165070819900, -0.06050000000000004700, 0.02505992052357226500 ) ) ;
#4327 = FACE_OUTER_BOUND ( 'NONE', #2765, .T. ) ;
#4328 = ORIENTED_EDGE ( 'NONE', *, *, #1663, .T. ) ;
#4329 = CARTESIAN_POINT ( 'NONE',  ( -0.09808619315042485500, -0.01664992997496424200, 0.04019648675812097900 ) ) ;
#4330 = CARTESIAN_POINT ( 'NONE',  ( -0.1642889065304057900, -0.01664992997496427300, -0.04019648675812097900 ) ) ;
#4331 = CARTESIAN_POINT ( 'NONE',  ( -0.2988958831737487100, 0.02505992052357224400, 0.06050000000000001900 ) ) ;
#4332 = CARTESIAN_POINT ( 'NONE',  ( 0.2889358027464196100, 0.04867335970646571200, -0.01730698920770449400 ) ) ;
#4333 = CARTESIAN_POINT ( 'NONE',  ( -0.2137111931504248300, 0.04019648675812095800, 0.0000000000000000000 ) ) ;
#4334 = CARTESIAN_POINT ( 'NONE',  ( -0.1067500996808306200, -0.01568833867488100100, 0.03787500000000004800 ) ) ;
#4335 = EDGE_CURVE ( 'NONE', #4052, #28, #2393, .T. ) ;
#4336 = ORIENTED_EDGE ( 'NONE', *, *, #382, .T. ) ;
#4337 = DIRECTION ( 'NONE',  ( -1.000000000000000000, -0.0000000000000000000, -0.0000000000000000000 ) ) ;
#4338 = DIRECTION ( 'NONE',  ( 0.0000000000000000000, 0.0000000000000000000, 1.000000000000000000 ) ) ;
#4339 = DIRECTION ( 'NONE',  ( 1.000000000000000000, 8.503269937333648200E-017, 0.0000000000000000000 ) ) ;
#4340 = CARTESIAN_POINT ( 'NONE',  ( -0.2399999999999999600, 0.03787500000000002000, 0.0000000000000000000 ) ) ;
#4341 = DIRECTION ( 'NONE',  ( -0.0000000000000000000, 0.0000000000000000000, -1.000000000000000000 ) ) ;
#4342 = CARTESIAN_POINT ( 'NONE',  ( -0.1887111931504248400, -0.04019648675812099300, 4.922649884530182800E-018 ) ) ;
#4343 = CARTESIAN_POINT ( 'NONE',  ( -0.1111639065304058000, -1.784524450891934400E-017, -0.04019648675812098600 ) ) ;
#4344 = CARTESIAN_POINT ( 'NONE',  ( 0.1456638068495751900, 0.01664992997496424600, 0.04019648675812097900 ) ) ;
#4345 = CARTESIAN_POINT ( 'NONE',  ( -0.1986639065304058300, 0.04019648675812095800, 0.0000000000000000000 ) ) ;
#4346 = CARTESIAN_POINT ( 'NONE',  ( 0.1838749003191693900, 0.02678166933744053100, 0.02678166933744051400 ) ) ;
#4347 = CARTESIAN_POINT ( 'NONE',  ( 0.08387490031916937400, 0.02678166933744052400, 0.02678166933744051400 ) ) ;
#4348 = AXIS2_PLACEMENT_3D ( 'NONE', #4818, #4838, #2370 ) ;
#4349 = PERSON_AND_ORGANIZATION_ROLE ( 'creator' ) ;
#4350 = DIRECTION ( 'NONE',  ( 0.0000000000000000000, 1.000000000000000000, 0.0000000000000000000 ) ) ;
#4351 = CARTESIAN_POINT ( 'NONE',  ( -0.09577088317374871100, -5.447802787169956600E-018, 0.06050000000000001900 ) ) ;
#4352 = CARTESIAN_POINT ( 'NONE',  ( 0.2880129179375530100, 0.01038523712172146300, -0.04897015710710577600 ) ) ;
#4353 = EDGE_LOOP ( 'NONE', ( #4686, #2361, #3756, #2146 ) ) ;
#4354 = CARTESIAN_POINT ( 'NONE',  ( 0.1458957834929181000, 0.06050000000000002600, 0.0000000000000000000 ) ) ;
#4355 = ORIENTED_EDGE ( 'NONE', *, *, #2459, .T. ) ;
#4356 = CARTESIAN_POINT ( 'NONE',  ( -0.06499999999999996100, -0.03787500000000004800, 4.638349751770605400E-018 ) ) ;
#4357 = CARTESIAN_POINT ( 'NONE',  ( 0.1261041168262513900, -0.02505992052357209800, -0.06050000000000019300 ) ) ;
#4358 = DIRECTION ( 'NONE',  ( 0.0000000000000000000, 1.000000000000000000, 0.0000000000000000000 ) ) ;
#4359 = CARTESIAN_POINT ( 'NONE',  ( -0.2549139065304058500, 0.02842320836654258300, -0.02842320836654261800 ) ) ;
#4360 = CARTESIAN_POINT ( 'NONE',  ( 0.1769138068495751700, 0.01664992997496425900, -0.04019648675812097200 ) ) ;
#4361 = CARTESIAN_POINT ( 'NONE',  ( 0.06152078349291806300, -0.02505992052357225400, 0.06050000000000001900 ) ) ;
#4362 = CARTESIAN_POINT ( 'NONE',  ( -0.2605861931504248600, 0.04019648675812096500, 0.01664992997496423900 ) ) ;
#4363 = EDGE_LOOP ( 'NONE', ( #4560, #1051, #4410, #5120 ) ) ;
#4364 = CARTESIAN_POINT ( 'NONE',  ( 0.03387490031916943300, 0.02678166933744051800, 0.02678166933744051400 ) ) ;
#4365 = CARTESIAN_POINT ( 'NONE',  ( 0.1292291168262513200, -1.133671697852225200E-018, -0.06050000000000001900 ) ) ;
#4366 = CARTESIAN_POINT ( 'NONE',  ( -0.3087500000000000200, -0.02678166933744054900, -0.02678166933744051400 ) ) ;
#4367 = CARTESIAN_POINT ( 'NONE',  ( 0.2860707949959769800, -0.03370638865898763200, -0.03233188415231046800 ) ) ;
#4368 = CARTESIAN_POINT ( 'NONE',  ( 0.2568859849007683000, 0.04901426559109518100, 0.01863297453183664400 ) ) ;
#4369 = DIRECTION ( 'NONE',  ( -1.000000000000000000, -0.0000000000000000000, -0.0000000000000000000 ) ) ;
#4370 = FACE_OUTER_BOUND ( 'NONE', #1802, .T. ) ;
#4371 = CARTESIAN_POINT ( 'NONE',  ( -0.002499999999999973200, -8.178809013047648600E-018, -0.03787500000000004100 ) ) ;
#4372 = CARTESIAN_POINT ( 'NONE',  ( 0.1307499003191694200, 0.03787500000000004800, 0.01568833867488099400 ) ) ;
#4373 = EDGE_CURVE ( 'NONE', #1424, #5304, #2143, .T. ) ;
#4374 = CARTESIAN_POINT ( 'NONE',  ( -0.2111639065304057900, -2.634851444625299400E-017, -0.04019648675812098600 ) ) ;
#4375 = CARTESIAN_POINT ( 'NONE',  ( 0.1487888068495751800, 1.410453618826404800E-017, 0.04019648675812097900 ) ) ;
#4376 =( BOUNDED_SURFACE ( )  B_SPLINE_SURFACE ( 1, 2, ( 
 ( #3480, #5142, #156, #4677, #1797, #4664, #3038, #3451, #5127, #4710, #2654, #190, #3075, #1860, #2247, #986, #608, #1023, #2678, #3857, #1401, #3089, #4261, #1810, #626, #3903, #3498, #2216, #690, #1910, #4359, #3952, #3965, #2296, #4741, #2756, #1098, #3558, #5170, #1052, #3152, #1516, #3544, #3518, #4374, #3122, #4775, #1924, #1085, #653, #3164, #3530, #235, #4791, #3919, #2329, #1467, #2263, #1073, #4330, #263, #2695, #4394, #3104, #2710, #2312, #5218, #1875, #3137, #2284, #640, #673, #3935, #4758, #5188, #1483, #4343, #282, #5201, #1895, #2726, #2744, #703, #250, #3572, #1117, #1499, #3984, #1529, #5157, #1942, #221, #3606, #1606, #4493, #3241, #4024, #5319, #2001, #3263, #1625, #5276, #1136, #2426, #4809, #804, #2774, #743, #4085, #2346, #5294, #3669, #3647, #4409, #5256, #2406, #2828, #1216, #4004, #1152, #1980, #5239, #3219, #2792, #1565, #383, #1195, #3183, #783, #4894, #1965, #4429, #296, #1545, #4827, #3197, #4451, #4474, #2810, #362, #4870, #719, #2021, #2365, #764, #4062, #1171, #3589, #4850, #2851, #313, #2383, #336, #3631, #4044, #1587, #3540, #1110, #3608, #1173, #397, #3664, #800, #2422, #2017, #1147, #2360, #4471, #4888, #4866, #4822, #5316, #4423, #358, #3258, #2402, #1976 ),
 ( #4040, #2806, #1167, #759, #4845, #4057, #3194, #1996, #2847, #5290, #4079, #739, #2037, #1622, #329, #4489, #3602, #2379, #1210, #4909, #3214, #377, #2823, #3627, #2442, #3276, #3234, #4020, #5337, #779, #1600, #2873, #2785, #3643, #3584, #1132, #3997, #1191, #1541, #4405, #1960, #309, #5252, #1559, #5269, #1582, #4444, #2065, #3314, #4098, #434, #4562, #4579, #493, #2534, #2481, #1690, #1658, #4942, #2098, #850, #4506, #1264, #4170, #2516, #1, #3721, #871, #3705, #821, #4130, #2888, #2940, #2497, #2918, #1674, #2119, #1277, #5002, #2050, #834, #19, #1228, #1245, #3296, #4547, #3349, #2083, #4116, #78, #1640, #2954, #4961, #4526, #41, #452, #3330, #3683, #4979, #3739, #4929, #2460, #1297, #418, #2905, #4150, #55, #466, #888, #3759, #1715, #1317, #1350, #568, #3437, #3386, #4640, #1392, #3798, #4185, #4235, #3423, #1789, #1751, #905, #1732, #4605, #4250, #3814, #2573, #948, #527, #4623, #3834, #2976, #1770, #4654, #5057, #3849, #507, #1803, #4670, #118, #2204, #923, #4201, #3028, #5094, #2994, #2187, #2593, #3404, #980, #167, #3013, #1334, #145, #2170, #1369, #2626, #2554, #131, #5077, #3780, #3045, #543, #962, #2136, #2614, #97, #3364, #5017, #2154, #5035, #4219, #1837, #3081 ) ),
 .UNSPECIFIED., .F., .F., .T. ) 
 B_SPLINE_SURFACE_WITH_KNOTS ( ( 2, 2 ),
 ( 3, 2, 2, 2, 2, 2, 2, 2, 2, 2, 2, 2, 2, 2, 2, 2, 2, 2, 2, 2, 2, 2, 2, 2, 2, 2, 2, 2, 2, 2, 2, 2, 2, 2, 2, 2, 2, 2, 2, 2, 2, 2, 2, 2, 2, 2, 2, 2, 2, 2, 2, 2, 2, 2, 2, 2, 2, 2, 2, 2, 2, 2, 2, 2, 2, 2, 2, 2, 2, 2, 2, 2, 2, 2, 2, 2, 2, 2, 2, 2, 2, 2, 2, 2, 2, 2, 2, 2, 3 ),
 ( 0.0000000000000000000, 1.000000000000000000 ),
 ( 0.0000000000000000000, 0.01136363636363636400, 0.02272727272727272800, 0.03409090909090908800, 0.04545454545454545600, 0.05681818181818181600, 0.06818181818181817700, 0.07954545454545454400, 0.09090909090909091200, 0.1022727272727272800, 0.1136363636363636300, 0.1250000000000000000, 0.1363636363636363500, 0.1477272727272727300, 0.1590909090909090900, 0.1704545454545454400, 0.1818181818181818200, 0.1931818181818181800, 0.2045454545454545600, 0.2159090909090909100, 0.2272727272727272700, 0.2386363636363636500, 0.2500000000000000000, 0.2613636363636363500, 0.2727272727272727100, 0.2840909090909091200, 0.2954545454545454700, 0.3068181818181818200, 0.3181818181818181800, 0.3295454545454545300, 0.3409090909090908800, 0.3522727272727272900, 0.3636363636363636500, 0.3750000000000000000, 0.3863636363636363500, 0.3977272727272727100, 0.4090909090909091200, 0.4204545454545454700, 0.4318181818181818200, 0.4431818181818181800, 0.4545454545454545300, 0.4659090909090908800, 0.4772727272727272900, 0.4886363636363636500, 0.5000000000000000000, 0.5113636363636363500, 0.5227272727272727100, 0.5340909090909090600, 0.5454545454545454100, 0.5568181818181817700, 0.5681818181818182300, 0.5795454545454545900, 0.5909090909090909400, 0.6022727272727272900, 0.6136363636363636500, 0.6250000000000000000, 0.6363636363636363500, 0.6477272727272727100, 0.6590909090909090600, 0.6704545454545454100, 0.6818181818181817700, 0.6931818181818182300, 0.7045454545454545900, 0.7159090909090909400, 0.7272727272727272900, 0.7386363636363636500, 0.7500000000000000000, 0.7613636363636363500, 0.7727272727272727100, 0.7840909090909090600, 0.7954545454545454100, 0.8068181818181817700, 0.8181818181818182300, 0.8295454545454545900, 0.8409090909090909400, 0.8522727272727272900, 0.8636363636363636500, 0.8750000000000000000, 0.8863636363636363500, 0.8977272727272727100, 0.9090909090909090600, 0.9204545454545454100, 0.9318181818181817700, 0.9431818181818182300, 0.9545454545454545900, 0.9659090909090909400, 0.9772727272727272900, 0.9886363636363636500, 1.000000000000000000 ),
 .UNSPECIFIED. ) 
 GEOMETRIC_REPRESENTATION_ITEM ( )  RATIONAL_B_SPLINE_SURFACE ( (
 ( 1.000000000000000000, 0.9238795325112867400, 1.000000000000000000, 0.9238795325112867400, 1.000000000000000000, 0.9238795325112867400, 1.000000000000000000, 0.9238795325112867400, 1.000000000000000000, 0.9238795325112867400, 1.000000000000000000, 0.9238795325112867400, 1.000000000000000000, 0.9238795325112867400, 1.000000000000000000, 0.9238795325112867400, 1.000000000000000000, 0.9238795325112867400, 1.000000000000000000, 0.9238795325112867400, 1.000000000000000000, 0.9238795325112867400, 1.000000000000000000, 0.9238795325112867400, 1.000000000000000000, 0.9238795325112867400, 1.000000000000000000, 0.9238795325112867400, 1.000000000000000000, 0.9238795325112867400, 1.000000000000000000, 0.9238795325112867400, 1.000000000000000000, 0.9238795325112867400, 1.000000000000000000, 0.9238795325112867400, 1.000000000000000000, 0.9238795325112867400, 1.000000000000000000, 0.9238795325112867400, 1.000000000000000000, 0.9238795325112867400, 1.000000000000000000, 0.9238795325112867400, 1.000000000000000000, 0.9238795325112867400, 1.000000000000000000, 0.9238795325112867400, 1.000000000000000000, 0.9238795325112867400, 1.000000000000000000, 0.9238795325112867400, 1.000000000000000000, 0.9238795325112867400, 1.000000000000000000, 0.9238795325112867400, 1.000000000000000000, 0.9238795325112867400, 1.000000000000000000, 0.9238795325112867400, 1.000000000000000000, 0.9238795325112867400, 1.000000000000000000, 0.9238795325112867400, 1.000000000000000000, 0.9238795325112867400, 1.000000000000000000, 0.9238795325112867400, 1.000000000000000000, 0.9238795325112867400, 1.000000000000000000, 0.9238795325112867400, 1.000000000000000000, 0.9238795325112867400, 1.000000000000000000, 0.9238795325112867400, 1.000000000000000000, 0.9238795325112867400, 1.000000000000000000, 0.9238795325112867400, 1.000000000000000000, 0.9238795325112867400, 1.000000000000000000, 0.9238795325112867400, 1.000000000000000000, 0.9238795325112867400, 1.000000000000000000, 0.9238795325112867400, 1.000000000000000000, 0.9238795325112867400, 1.000000000000000000, 0.9238795325112867400, 1.000000000000000000, 0.9238795325112867400, 1.000000000000000000, 0.9238795325112867400, 1.000000000000000000, 0.9238795325112867400, 1.000000000000000000, 0.9238795325112867400, 1.000000000000000000, 0.9238795325112867400, 1.000000000000000000, 0.9238795325112867400, 1.000000000000000000, 0.9238795325112867400, 1.000000000000000000, 0.9238795325112867400, 1.000000000000000000, 0.9238795325112867400, 1.000000000000000000, 0.9238795325112867400, 1.000000000000000000, 0.9238795325112867400, 1.000000000000000000, 0.9238795325112867400, 1.000000000000000000, 0.9238795325112867400, 1.000000000000000000, 0.9238795325112867400, 1.000000000000000000, 0.9238795325112867400, 1.000000000000000000, 0.9238795325112867400, 1.000000000000000000, 0.9238795325112867400, 1.000000000000000000, 0.9238795325112867400, 1.000000000000000000, 0.9238795325112867400, 1.000000000000000000, 0.9238795325112867400, 1.000000000000000000, 0.9238795325112867400, 1.000000000000000000, 0.9238795325112867400, 1.000000000000000000, 0.9238795325112867400, 1.000000000000000000, 0.9238795325112867400, 1.000000000000000000, 0.9238795325112867400, 1.000000000000000000, 0.9238795325112867400, 1.000000000000000000, 0.9238795325112867400, 1.000000000000000000, 0.9238795325112867400, 1.000000000000000000, 0.9238795325112867400, 1.000000000000000000, 0.9238795325112867400, 1.000000000000000000, 0.9238795325112867400, 1.000000000000000000, 0.9238795325112867400, 1.000000000000000000, 0.9238795325112867400, 1.000000000000000000, 0.9238795325112867400, 1.000000000000000000, 0.9238795325112867400, 1.000000000000000000, 0.9238795325112867400, 1.000000000000000000, 0.9238795325112867400, 1.000000000000000000, 0.9238795325112867400, 1.000000000000000000, 0.9238795325112867400, 1.000000000000000000, 0.9238795325112867400, 1.000000000000000000, 0.9238795325112867400, 1.000000000000000000, 0.9238795325112867400, 1.000000000000000000),
 ( 1.000000000000000000, 0.9238795325112867400, 1.000000000000000000, 0.9238795325112867400, 1.000000000000000000, 0.9238795325112867400, 1.000000000000000000, 0.9238795325112867400, 1.000000000000000000, 0.9238795325112867400, 1.000000000000000000, 0.9238795325112867400, 1.000000000000000000, 0.9238795325112867400, 1.000000000000000000, 0.9238795325112867400, 1.000000000000000000, 0.9238795325112867400, 1.000000000000000000, 0.9238795325112867400, 1.000000000000000000, 0.9238795325112867400, 1.000000000000000000, 0.9238795325112867400, 1.000000000000000000, 0.9238795325112867400, 1.000000000000000000, 0.9238795325112867400, 1.000000000000000000, 0.9238795325112867400, 1.000000000000000000, 0.9238795325112867400, 1.000000000000000000, 0.9238795325112867400, 1.000000000000000000, 0.9238795325112867400, 1.000000000000000000, 0.9238795325112867400, 1.000000000000000000, 0.9238795325112867400, 1.000000000000000000, 0.9238795325112867400, 1.000000000000000000, 0.9238795325112867400, 1.000000000000000000, 0.9238795325112867400, 1.000000000000000000, 0.9238795325112867400, 1.000000000000000000, 0.9238795325112867400, 1.000000000000000000, 0.9238795325112867400, 1.000000000000000000, 0.9238795325112867400, 1.000000000000000000, 0.9238795325112867400, 1.000000000000000000, 0.9238795325112867400, 1.000000000000000000, 0.9238795325112867400, 1.000000000000000000, 0.9238795325112867400, 1.000000000000000000, 0.9238795325112867400, 1.000000000000000000, 0.9238795325112867400, 1.000000000000000000, 0.9238795325112867400, 1.000000000000000000, 0.9238795325112867400, 1.000000000000000000, 0.9238795325112867400, 1.000000000000000000, 0.9238795325112867400, 1.000000000000000000, 0.9238795325112867400, 1.000000000000000000, 0.9238795325112867400, 1.000000000000000000, 0.9238795325112867400, 1.000000000000000000, 0.9238795325112867400, 1.000000000000000000, 0.9238795325112867400, 1.000000000000000000, 0.9238795325112867400, 1.000000000000000000, 0.9238795325112867400, 1.000000000000000000, 0.9238795325112867400, 1.000000000000000000, 0.9238795325112867400, 1.000000000000000000, 0.9238795325112867400, 1.000000000000000000, 0.9238795325112867400, 1.000000000000000000, 0.9238795325112867400, 1.000000000000000000, 0.9238795325112867400, 1.000000000000000000, 0.9238795325112867400, 1.000000000000000000, 0.9238795325112867400, 1.000000000000000000, 0.9238795325112867400, 1.000000000000000000, 0.9238795325112867400, 1.000000000000000000, 0.9238795325112867400, 1.000000000000000000, 0.9238795325112867400, 1.000000000000000000, 0.9238795325112867400, 1.000000000000000000, 0.9238795325112867400, 1.000000000000000000, 0.9238795325112867400, 1.000000000000000000, 0.9238795325112867400, 1.000000000000000000, 0.9238795325112867400, 1.000000000000000000, 0.9238795325112867400, 1.000000000000000000, 0.9238795325112867400, 1.000000000000000000, 0.9238795325112867400, 1.000000000000000000, 0.9238795325112867400, 1.000000000000000000, 0.9238795325112867400, 1.000000000000000000, 0.9238795325112867400, 1.000000000000000000, 0.9238795325112867400, 1.000000000000000000, 0.9238795325112867400, 1.000000000000000000, 0.9238795325112867400, 1.000000000000000000, 0.9238795325112867400, 1.000000000000000000, 0.9238795325112867400, 1.000000000000000000, 0.9238795325112867400, 1.000000000000000000, 0.9238795325112867400, 1.000000000000000000, 0.9238795325112867400, 1.000000000000000000, 0.9238795325112867400, 1.000000000000000000, 0.9238795325112867400, 1.000000000000000000, 0.9238795325112867400, 1.000000000000000000, 0.9238795325112867400, 1.000000000000000000, 0.9238795325112867400, 1.000000000000000000, 0.9238795325112867400, 1.000000000000000000, 0.9238795325112867400, 1.000000000000000000, 0.9238795325112867400, 1.000000000000000000, 0.9238795325112867400, 1.000000000000000000, 0.9238795325112867400, 1.000000000000000000, 0.9238795325112867400, 1.000000000000000000, 0.9238795325112867400, 1.000000000000000000, 0.9238795325112867400, 1.000000000000000000) ) ) 
 REPRESENTATION_ITEM ( '' )  SURFACE ( )  );
#4377 = CARTESIAN_POINT ( 'NONE',  ( -0.1512111931504248600, -1.140527362373689800E-017, 0.04019648675812097900 ) ) ;
#4378 = CARTESIAN_POINT ( 'NONE',  ( -0.06612509968083059300, 0.02678166933744051100, 0.02678166933744051400 ) ) ;
#4379 = CARTESIAN_POINT ( 'NONE',  ( -0.1291042165070819300, -0.06050000000000003300, 7.409113134841489000E-018 ) ) ;
#4380 = CARTESIAN_POINT ( 'NONE',  ( 0.1539376495212457000, 0.0000000000000000000, 0.0000000000000000000 ) ) ;
#4381 = VERTEX_POINT ( 'NONE', #3269 ) ;
#4382 = CYLINDRICAL_SURFACE ( 'NONE', #1916, 0.05349999999999999200 ) ;
#4383 = AXIS2_PLACEMENT_3D ( 'NONE', #4766, #3977, #1937 ) ;
#4384 = CARTESIAN_POINT ( 'NONE',  ( -0.3118750000000000100, -0.03787500000000006800, -0.01568833867488098400 ) ) ;
#4385 = ORIENTED_EDGE ( 'NONE', *, *, #763, .T. ) ;
#4386 = CARTESIAN_POINT ( 'NONE',  ( -0.07702088317374870800, -0.04277996026178615400, -0.04277996026178614000 ) ) ;
#4387 = CARTESIAN_POINT ( 'NONE',  ( 0.2886600569140029300, 0.009705501401410320000, -0.05025045958017911000 ) ) ;
#4388 = ORIENTED_EDGE ( 'NONE', *, *, #1127, .T. ) ;
#4389 = DIRECTION ( 'NONE',  ( 0.9659258262890702000, -0.2588190451025139700, 3.169619151431683000E-017 ) ) ;
#4390 = CIRCLE ( 'NONE', #3065, 0.05349999999999999200 ) ;
#4391 = CARTESIAN_POINT ( 'NONE',  ( -0.03062499999999996500, 0.01568833867488099100, 0.03787500000000004800 ) ) ;
#4392 = CARTESIAN_POINT ( 'NONE',  ( 0.09949990031916942900, -0.03787500000000004100, 0.01568833867488099800 ) ) ;
#4393 = CARTESIAN_POINT ( 'NONE',  ( -0.1009792165070819600, 0.06050000000000001200, 0.02505992052357226100 ) ) ;
#4394 = CARTESIAN_POINT ( 'NONE',  ( -0.1549139065304058200, 0.02842320836654259000, -0.02842320836654261800 ) ) ;
#4395 = CARTESIAN_POINT ( 'NONE',  ( -0.2801458831737487200, -0.06050000000000007500, -0.02505992052357224700 ) ) ;
#4396 = CARTESIAN_POINT ( 'NONE',  ( -0.3291042165070819400, -0.06050000000000004700, 7.409113134841487400E-018 ) ) ;
#4397 = CARTESIAN_POINT ( 'NONE',  ( -0.09808619315042485500, -0.01664992997496424200, 0.04019648675812097900 ) ) ;
#4398 = CARTESIAN_POINT ( 'NONE',  ( -0.003625099680830579100, -0.02678166933744051800, 0.02678166933744051800 ) ) ;
#4399 = EDGE_CURVE ( 'NONE', #4634, #2739, #3066, .T. ) ;
#4400 = AXIS2_PLACEMENT_3D ( 'NONE', #2632, #5083, #2212 ) ;
#4401 = CARTESIAN_POINT ( 'NONE',  ( -0.2900393700787401400, -0.03834655507327847100, -0.02685054692668338900 ) ) ;
#4402 = CARTESIAN_POINT ( 'NONE',  ( -0.0009792165070819538800, 0.06050000000000001900, 0.02505992052357226100 ) ) ;
#4403 = CARTESIAN_POINT ( 'NONE',  ( 0.1894138068495752100, 0.04019648675812099300, 0.01664992997496423900 ) ) ;
#4404 = CARTESIAN_POINT ( 'NONE',  ( 0.2899999999999999800, -0.005345564448666822100, 0.05323668501916353800 ) ) ;
#4405 = CARTESIAN_POINT ( 'NONE',  ( -0.2181250000000000100, -0.03787500000000006100, 0.01568833867488099800 ) ) ;
#4406 = CARTESIAN_POINT ( 'NONE',  ( 0.003750000000000062300, 0.02678166933744051100, -0.02678166933744052400 ) ) ;
#4407 = CARTESIAN_POINT ( 'NONE',  ( 0.09485411682625129200, 0.06050000000000002600, 0.02505992052357226100 ) ) ;
#4408 = CARTESIAN_POINT ( 'NONE',  ( 0.2567519704089090100, 0.04911403328053180800, -0.01779114597167908600 ) ) ;
#4409 = CARTESIAN_POINT ( 'NONE',  ( 0.004461093469594178000, 0.04019648675812098600, 0.01664992997496424200 ) ) ;
#4410 = ORIENTED_EDGE ( 'NONE', *, *, #530, .T. ) ;
#4411 = CARTESIAN_POINT ( 'NONE',  ( -0.2770208831737487300, -0.04277996026178617500, -0.04277996026178614000 ) ) ;
#4412 = CARTESIAN_POINT ( 'NONE',  ( -0.05121119315042482700, -2.902003686403247700E-018, 0.04019648675812097900 ) ) ;
#4413 = CARTESIAN_POINT ( 'NONE',  ( 0.2026249003191694400, -0.03787500000000002700, 4.638349751770605400E-018 ) ) ;
#4414 = CARTESIAN_POINT ( 'NONE',  ( -0.1353542165070819300, -0.04277996026178615400, 0.04277996026178614000 ) ) ;
#4415 = DIRECTION ( 'NONE',  ( 0.0000000000000000000, 0.0000000000000000000, 1.000000000000000000 ) ) ;
#4416 = CARTESIAN_POINT ( 'NONE',  ( 0.2050388068495751800, -0.02842320836654258600, 0.02842320836654260700 ) ) ;
#4417 = VERTEX_POINT ( 'NONE', #3821 ) ;
#4418 = EDGE_CURVE ( 'NONE', #496, #2670, #3592, .T. ) ;
#4419 = DIRECTION ( 'NONE',  ( 1.000000000000000000, 8.503269937333648200E-017, 0.0000000000000000000 ) ) ;
#4420 = CARTESIAN_POINT ( 'NONE',  ( 0.2570980145792954900, 0.04911403328065237800, 0.01939527442705110300 ) ) ;
#4421 = VERTEX_POINT ( 'NONE', #2948 ) ;
#4422 = CARTESIAN_POINT ( 'NONE',  ( 0.1677751058491021300, -0.03995833333333325500, 4.893484501592961400E-018 ) ) ;
#4423 = CARTESIAN_POINT ( 'NONE',  ( 0.1888360934695942400, 7.664565303081600300E-018, -0.04019648675812098600 ) ) ;
#4424 = CARTESIAN_POINT ( 'NONE',  ( 0.08812500000000003700, -0.03787500000000004800, -0.01568833867488098400 ) ) ;
#4425 = CARTESIAN_POINT ( 'NONE',  ( -0.01452088317374868700, 0.04277996026178613300, -0.04277996026178614700 ) ) ;
#4426 = DIRECTION ( 'NONE',  ( 0.0000000000000000000, 1.000000000000000000, 0.0000000000000000000 ) ) ;
#4427 = ORIENTED_EDGE ( 'NONE', *, *, #1735, .T. ) ;
#4428 = EDGE_CURVE ( 'NONE', #3475, #4919, #5124, .T. ) ;
#4429 = CARTESIAN_POINT ( 'NONE',  ( 0.06071109346959422500, 0.01664992997496424600, 0.04019648675812098600 ) ) ;
#4430 = CARTESIAN_POINT ( 'NONE',  ( -0.1270208831737487100, -0.04277996026178615400, -0.04277996026178614000 ) ) ;
#4431 = CARTESIAN_POINT ( 'NONE',  ( -0.2900000000000000900, 0.02986264407776070800, 0.02673224634447597000 ) ) ;
#4432 = CARTESIAN_POINT ( 'NONE',  ( -0.2449611931504248300, -0.02842320836654262500, 0.02842320836654260700 ) ) ;
#4433 = CARTESIAN_POINT ( 'NONE',  ( -0.04808619315042483900, -0.01664992997496424200, 0.04019648675812097900 ) ) ;
#4434 = CARTESIAN_POINT ( 'NONE',  ( -0.2368750000000000300, 0.03787500000000002000, 0.01568833867488099400 ) ) ;
#4435 = CARTESIAN_POINT ( 'NONE',  ( -0.2166042165070819200, -3.054081356446441500E-017, -0.06050000000000001900 ) ) ;
#4436 = CARTESIAN_POINT ( 'NONE',  ( 0.1573496565252542300, -0.03547773918228770700, 0.03246333538681168300 ) ) ;
#4437 = CARTESIAN_POINT ( 'NONE',  ( -0.3024999999999999900, -3.368861882504859100E-017, -0.03787500000000004100 ) ) ;
#4438 = CARTESIAN_POINT ( 'NONE',  ( 0.2535707949959770100, -0.03370638865898763900, 0.03233188415231041300 ) ) ;
#4439 = CARTESIAN_POINT ( 'NONE',  ( -0.1291042165070819300, -0.06050000000000002600, 7.409113134841487400E-018 ) ) ;
#4440 = CARTESIAN_POINT ( 'NONE',  ( -0.2473750996808306000, -0.03787500000000006800, 4.638349751770605400E-018 ) ) ;
#4441 = FACE_OUTER_BOUND ( 'NONE', #2078, .T. ) ;
#4442 = CARTESIAN_POINT ( 'NONE',  ( 0.2503870152437289200, 0.02549365074506713600, -0.03241650481046946100 ) ) ;
#4443 = ORIENTED_EDGE ( 'NONE', *, *, #1748, .F. ) ;
#4444 = CARTESIAN_POINT ( 'NONE',  ( -0.1962499999999999800, 0.02678166933744049300, -0.02678166933744052400 ) ) ;
#4445 = CARTESIAN_POINT ( 'NONE',  ( 0.1162500000000000200, 0.02678166933744052800, 0.02678166933744051400 ) ) ;
#4446 = CARTESIAN_POINT ( 'NONE',  ( 0.04485411682625127500, 0.06050000000000002600, 0.02505992052357226100 ) ) ;
#4447 = FACE_OUTER_BOUND ( 'NONE', #1635, .T. ) ;
#4448 = CARTESIAN_POINT ( 'NONE',  ( -0.2899999999999999800, 0.0000000000000000000, 0.05349999999999999200 ) ) ;
#4449 = COORDINATED_UNIVERSAL_TIME_OFFSET ( 6, 0, .BEHIND. ) ;
#4450 = VERTEX_POINT ( 'NONE', #1759 ) ;
#4451 = CARTESIAN_POINT ( 'NONE',  ( 0.07633609346959421800, -0.04019648675812098600, 4.922649884530183500E-018 ) ) ;
#4452 = CARTESIAN_POINT ( 'NONE',  ( -0.1645208831737487200, 0.04277996026178611200, -0.04277996026178614700 ) ) ;
#4453 = VERTEX_POINT ( 'NONE', #4644 ) ;
#4454 = CARTESIAN_POINT ( 'NONE',  ( -0.2853542165070819300, -0.04277996026178615400, 0.04277996026178614000 ) ) ;
#4455 = CARTESIAN_POINT ( 'NONE',  ( -0.1918361931504248600, -0.04019648675812099300, 0.01664992997496424200 ) ) ;
#4456 = CARTESIAN_POINT ( 'NONE',  ( -0.1074611931504248400, 0.02842320836654260000, 0.02842320836654260400 ) ) ;
#4457 = CARTESIAN_POINT ( 'NONE',  ( 0.2213749003191694000, 0.02678166933744052800, -0.02678166933744052400 ) ) ;
#4458 = FACE_BOUND ( 'NONE', #2292, .T. ) ;
#4459 = LINE ( 'NONE', #894, #3508 ) ;
#4460 = VERTEX_POINT ( 'NONE', #2294 ) ;
#4461 = DIRECTION ( 'NONE',  ( 1.000000000000000000, 8.503269937333647000E-017, -0.0000000000000000000 ) ) ;
#4462 = CARTESIAN_POINT ( 'NONE',  ( -0.2207708831737487100, -3.089511647851999300E-017, -0.06050000000000001900 ) ) ;
#4463 = CARTESIAN_POINT ( 'NONE',  ( 0.2362888068495752100, 0.04019648675812099300, 0.0000000000000000000 ) ) ;
#4464 = AXIS2_PLACEMENT_3D ( 'NONE', #1940, #468, #3685 ) ;
#4465 = CARTESIAN_POINT ( 'NONE',  ( 0.2497779401495883500, -0.04012499999999959800, -0.002941304153814084800 ) ) ;
#4466 = CARTESIAN_POINT ( 'NONE',  ( -0.1822292165070819300, -0.06050000000000002600, 0.02505992052357226100 ) ) ;
#4467 = CARTESIAN_POINT ( 'NONE',  ( -0.2416042165070819400, -1.784840477911485500E-017, 0.06050000000000001900 ) ) ;
#4468 = CARTESIAN_POINT ( 'NONE',  ( 0.2535690083802028000, 0.03370319202756401300, 0.03233079153458214700 ) ) ;
#4469 = EDGE_LOOP ( 'NONE', ( #1068, #2898, #4659, #3996, #2734 ) ) ;
#4470 = CARTESIAN_POINT ( 'NONE',  ( 0.2497735273518778300, 0.01754819639298001500, -0.03619497170255230700 ) ) ;
#4471 = CARTESIAN_POINT ( 'NONE',  ( 0.1732110934695941800, -0.04019648675812097900, 0.01664992997496424200 ) ) ;
#4472 = CARTESIAN_POINT ( 'NONE',  ( 0.1136041168262513200, -0.06050000000000000500, 0.02505992052357226500 ) ) ;
#4473 = CARTESIAN_POINT ( 'NONE',  ( 0.2570801081827801500, -0.007865834204483054100, -0.05218630065608761300 ) ) ;
#4474 = CARTESIAN_POINT ( 'NONE',  ( 0.07946109346959420700, -0.04019648675812099300, -0.01664992997496422800 ) ) ;
#4475 = CARTESIAN_POINT ( 'NONE',  ( -0.09889588317374872800, 0.02505992052357225100, 0.06050000000000001900 ) ) ;
#4476 = CARTESIAN_POINT ( 'NONE',  ( -0.2541042165070819300, 0.06049999999999998400, 0.0000000000000000000 ) ) ;
#4477 = CARTESIAN_POINT ( 'NONE',  ( -0.2168361931504249300, 0.04019648675812095100, -0.01664992997496426300 ) ) ;
#4478 = CARTESIAN_POINT ( 'NONE',  ( 0.02066380684957517400, -0.01664992997496425600, -0.04019648675812097200 ) ) ;
#4479 = CARTESIAN_POINT ( 'NONE',  ( 0.1682499003191694500, 0.01568833867488101500, -0.03787500000000004100 ) ) ;
#4480 = EDGE_CURVE ( 'NONE', #3438, #2923, #3764, .T. ) ;
#4481 = CARTESIAN_POINT ( 'NONE',  ( -0.07285421650708191800, -0.04277996026178615400, -0.04277996026178614000 ) ) ;
#4482 = CARTESIAN_POINT ( 'NONE',  ( -0.04577088317374869400, -1.196167818503128500E-018, 0.06050000000000001900 ) ) ;
#4483 = CARTESIAN_POINT ( 'NONE',  ( 0.1112888068495751800, -0.04019648675812097200, 4.922649884530182800E-018 ) ) ;
#4484 = CARTESIAN_POINT ( 'NONE',  ( -0.2072292165070819300, 0.06049999999999997000, -0.02505992052357230000 ) ) ;
#4485 = CARTESIAN_POINT ( 'NONE',  ( 0.2497779401495810700, -0.04012499999999109800, 1.026784802114872400E-015 ) ) ;
#4486 = ORIENTED_EDGE ( 'NONE', *, *, #2515, .T. ) ;
#4487 =( BOUNDED_CURVE ( )  B_SPLINE_CURVE ( 2, ( #39, #3385, #922, #4578, #2553, #2953, #3720, #4545, #1713 ),
 .UNSPECIFIED., .F., .T. ) 
 B_SPLINE_CURVE_WITH_KNOTS ( ( 3, 2, 2, 2, 3 ),
 ( 0.2500000000000000600, 0.2613636363636364100, 0.2727272727272727100, 0.2840909090909091200, 0.2954545454545454700 ),
 .UNSPECIFIED. ) 
 CURVE ( )  GEOMETRIC_REPRESENTATION_ITEM ( )  RATIONAL_B_SPLINE_CURVE ( ( 0.9999999999999996700, 0.9238795325112870700, 1.000000000000000000, 0.9238795325112867400, 1.000000000000000000, 0.9238795325112867400, 1.000000000000000000, 0.9238795325112867400, 1.000000000000000000 ) ) 
 REPRESENTATION_ITEM ( '' )  );
#4488 = EDGE_CURVE ( 'NONE', #3291, #4522, #2584, .T. ) ;
#4489 = CARTESIAN_POINT ( 'NONE',  ( -0.2931250000000000200, 0.03787500000000000600, -0.01568833867488101500 ) ) ;
#4490 = VERTEX_POINT ( 'NONE', #2345 ) ;
#4491 = CARTESIAN_POINT ( 'NONE',  ( -0.2520208831737487100, 0.04277996026178611900, 0.04277996026178614000 ) ) ;
#4492 = CARTESIAN_POINT ( 'NONE',  ( -0.06139588317374870800, 0.06049999999999999100, -0.02505992052357230000 ) ) ;
#4493 = CARTESIAN_POINT ( 'NONE',  ( -0.05491390653040578700, 0.02842320836654260000, -0.02842320836654261800 ) ) ;
#4494 = CARTESIAN_POINT ( 'NONE',  ( 0.05503880684957519800, -0.02842320836654260000, 0.02842320836654260700 ) ) ;
#4495 = CARTESIAN_POINT ( 'NONE',  ( -0.06058619315042485000, 0.04019648675812097900, 0.01664992997496423500 ) ) ;
#4496 = CARTESIAN_POINT ( 'NONE',  ( 0.1175388068495751400, -0.02842320836654260000, -0.02842320836654260400 ) ) ;
#4497 = ORIENTED_EDGE ( 'NONE', *, *, #5245, .T. ) ;
#4498 = DIRECTION ( 'NONE',  ( 1.000000000000000000, 8.503269937333647000E-017, -0.0000000000000000000 ) ) ;
#4499 = ADVANCED_FACE ( 'NONE', ( #1439 ), #2925, .F. ) ;
#4500 = CARTESIAN_POINT ( 'NONE',  ( 0.2880133603360868800, -0.04760259685994570900, 0.01549190013745792500 ) ) ;
#4501 = CARTESIAN_POINT ( 'NONE',  ( 0.2891841359493922400, -0.04000098957291294000, -0.03336632042223886000 ) ) ;
#4502 = VERTEX_POINT ( 'NONE', #391 ) ;
#4503 = DIRECTION ( 'NONE',  ( 0.0000000000000000000, 1.000000000000000000, 0.0000000000000000000 ) ) ;
#4504 = CARTESIAN_POINT ( 'NONE',  ( -0.1791042165070819400, -0.06050000000000002600, 7.409113134841487400E-018 ) ) ;
#4505 = CARTESIAN_POINT ( 'NONE',  ( 0.2575000000000000600, 0.0000000000000000000, 0.0000000000000000000 ) ) ;
#4506 = CARTESIAN_POINT ( 'NONE',  ( -0.1493749999999999500, 0.01568833867488098700, -0.03787500000000004100 ) ) ;
#4507 = CARTESIAN_POINT ( 'NONE',  ( 0.2860690057693530700, 0.01114769173253587900, 0.04535321140792859100 ) ) ;
#4508 = CARTESIAN_POINT ( 'NONE',  ( -0.1238958831737487200, -0.02505992052357220200, -0.06050000000000010200 ) ) ;
#4509 = CARTESIAN_POINT ( 'NONE',  ( 0.2575000000000000600, -0.005345564448666816900, -0.05323668501916355200 ) ) ;
#4510 = EDGE_CURVE ( 'NONE', #1456, #2209, #1313, .T. ) ;
#4511 = CC_DESIGN_DATE_AND_TIME_ASSIGNMENT ( #868, #2253, ( #2558 ) ) ;
#4512 = CARTESIAN_POINT ( 'NONE',  ( -0.1111639065304058000, -1.784524450891934400E-017, -0.04019648675812098600 ) ) ;
#4513 = CARTESIAN_POINT ( 'NONE',  ( 0.04566380684957518200, 0.01664992997496424200, 0.04019648675812097900 ) ) ;
#4514 = CARTESIAN_POINT ( 'NONE',  ( 0.03941380684957514900, 0.04019648675812098600, 0.01664992997496423900 ) ) ;
#4515 = CARTESIAN_POINT ( 'NONE',  ( -0.1337499999999999800, 0.02678166933744050700, 0.02678166933744051400 ) ) ;
#4516 = FACE_OUTER_BOUND ( 'NONE', #328, .T. ) ;
#4517 = CARTESIAN_POINT ( 'NONE',  ( -0.06660421650708192600, -1.778590865846394100E-017, -0.06050000000000001900 ) ) ;
#4518 = CARTESIAN_POINT ( 'NONE',  ( 0.2828853375920742400, 0.04081840089942111200, 0.005862916724138743000 ) ) ;
#4519 = CYLINDRICAL_SURFACE ( 'NONE', #3469, 0.06050000000000002600 ) ;
#4520 = CARTESIAN_POINT ( 'NONE',  ( -0.1572292165070819100, 0.06049999999999997000, -0.02505992052357230000 ) ) ;
#4521 = CARTESIAN_POINT ( 'NONE',  ( 0.2874553266340769100, -0.01064171080908288100, -0.04792522506905767100 ) ) ;
#4522 = VERTEX_POINT ( 'NONE', #4365 ) ;
#4523 = FACE_OUTER_BOUND ( 'NONE', #1737, .T. ) ;
#4524 = CARTESIAN_POINT ( 'NONE',  ( -0.2830389065304058100, -0.01664992997496426300, 0.04019648675812098600 ) ) ;
#4525 = ORIENTED_EDGE ( 'NONE', *, *, #4204, .F. ) ;
#4526 = CARTESIAN_POINT ( 'NONE',  ( -0.04937499999999996800, 0.01568833867488099800, -0.03787500000000004100 ) ) ;
#4527 = CARTESIAN_POINT ( 'NONE',  ( -0.04577088317374869400, -1.196167818503128500E-018, 0.06050000000000001900 ) ) ;
#4528 = ORIENTED_EDGE ( 'NONE', *, *, #344, .T. ) ;
#4529 = CARTESIAN_POINT ( 'NONE',  ( -0.2676458831737487700, 0.02505992052357225400, -0.06050000000000001200 ) ) ;
#4530 = CARTESIAN_POINT ( 'NONE',  ( 0.1823541168262513000, 0.02505992052357230000, -0.06050000000000000500 ) ) ;
#4531 = AXIS2_PLACEMENT_3D ( 'NONE', #1501, #2656, #2286 ) ;
#4532 = FACE_OUTER_BOUND ( 'NONE', #1539, .T. ) ;
#4533 = CARTESIAN_POINT ( 'NONE',  ( 0.007586093469594230200, 0.02842320836654261100, 0.02842320836654260700 ) ) ;
#4534 = CARTESIAN_POINT ( 'NONE',  ( -0.1931249999999999600, 0.03787500000000001300, -0.01568833867488101500 ) ) ;
#4535 = EDGE_CURVE ( 'NONE', #1580, #2297, #38, .T. ) ;
#4536 = ORIENTED_EDGE ( 'NONE', *, *, #3975, .T. ) ;
#4537 = CARTESIAN_POINT ( 'NONE',  ( 0.2895805576635434000, 0.04126336399308441100, 0.03290438226889187700 ) ) ;
#4538 = CARTESIAN_POINT ( 'NONE',  ( -0.06660421650708192600, -1.778590865846394100E-017, -0.06050000000000001900 ) ) ;
#4539 = CARTESIAN_POINT ( 'NONE',  ( 0.2900000000000000400, 5.357829746269672000E-017, 0.0000000000000000000 ) ) ;
#4540 = ADVANCED_FACE ( 'NONE', ( #1055 ), #1835, .F. ) ;
#4541 = CARTESIAN_POINT ( 'NONE',  ( 0.1487888068495751800, 1.410453618826404800E-017, 0.04019648675812097900 ) ) ;
#4542 = CARTESIAN_POINT ( 'NONE',  ( 0.1177707834929181100, -0.06049999999999999800, 0.02505992052357226100 ) ) ;
#4543 = CARTESIAN_POINT ( 'NONE',  ( -0.06300009968083061800, 0.01568833867488098700, 0.03787500000000004800 ) ) ;
#4544 = B_SPLINE_CURVE_WITH_KNOTS ( 'NONE', 3,
 ( #2290, #3910, #1852, #4273 ),
 .UNSPECIFIED., .F., .F.,
 ( 4, 4 ),
 ( 0.0001556756587220939400, 0.0002298145396355720500 ),
 .UNSPECIFIED. ) ;
#4545 = CARTESIAN_POINT ( 'NONE',  ( -0.1488958831737487200, 0.02505992052357225100, 0.06050000000000001900 ) ) ;
#4546 = EDGE_CURVE ( 'NONE', #2157, #2427, #2087, .T. ) ;
#4547 = CARTESIAN_POINT ( 'NONE',  ( -0.07437499999999998300, -0.01568833867488099800, 0.03787500000000004800 ) ) ;
#4548 = CARTESIAN_POINT ( 'NONE',  ( 0.2874553266340768600, 0.04682531779643218900, -0.01474662063413559300 ) ) ;
#4549 = DIRECTION ( 'NONE',  ( 1.000000000000000000, 8.503269937333648200E-017, 0.0000000000000000000 ) ) ;
#4550 = CARTESIAN_POINT ( 'NONE',  ( -0.2707708831737487000, -3.514675144718681600E-017, -0.06050000000000001900 ) ) ;
#4551 = CARTESIAN_POINT ( 'NONE',  ( -0.04553890653040580000, 0.04019648675812097900, 0.01664992997496424200 ) ) ;
#4552 = CARTESIAN_POINT ( 'NONE',  ( -0.06187499999999997200, -0.03787500000000004800, -0.01568833867488098400 ) ) ;
#4553 = CARTESIAN_POINT ( 'NONE',  ( 0.008395783492918066200, 3.409770064219265900E-018, 0.06050000000000001900 ) ) ;
#4554 = CARTESIAN_POINT ( 'NONE',  ( 0.2875877926802203300, -0.03642315634132010200, -0.03325673046628976900 ) ) ;
#4555 = CARTESIAN_POINT ( 'NONE',  ( -0.2426458831737487200, -0.02505992052357230000, 0.06049999999999998400 ) ) ;
#4556 = ORIENTED_EDGE ( 'NONE', *, *, #4039, .F. ) ;
#4557 =( BOUNDED_CURVE ( )  B_SPLINE_CURVE ( 2, ( #4019, #4803, #736, #3179, #4354, #2309, #1938, #3147, #3583 ),
 .UNSPECIFIED., .F., .T. ) 
 B_SPLINE_CURVE_WITH_KNOTS ( ( 3, 2, 2, 2, 3 ),
 ( 0.8863636363636363500, 0.8977272727272727100, 0.9090909090909090600, 0.9204545454545454100, 0.9237889910637608900 ),
 .UNSPECIFIED. ) 
 CURVE ( )  GEOMETRIC_REPRESENTATION_ITEM ( )  RATIONAL_B_SPLINE_CURVE ( ( 1.000000000000000000, 0.9238795325112867400, 1.000000000000000000, 0.9238795325112867400, 1.000000000000000000, 0.9238795325112867400, 1.000000000000000000, 0.9776638788441531800, 0.9684359879645496600 ) ) 
 REPRESENTATION_ITEM ( '' )  );
#4558 = CARTESIAN_POINT ( 'NONE',  ( 0.05839578349291808100, 7.661405032886089400E-018, 0.06050000000000001200 ) ) ;
#4559 = CARTESIAN_POINT ( 'NONE',  ( -0.1317500996808306000, 0.01568833867488099100, -0.03787500000000004100 ) ) ;
#4560 = ORIENTED_EDGE ( 'NONE', *, *, #3142, .F. ) ;
#4561 = CARTESIAN_POINT ( 'NONE',  ( -0.2267889065304058100, -0.04019648675812101400, 0.01664992997496424200 ) ) ;
#4562 = CARTESIAN_POINT ( 'NONE',  ( -0.1806249999999999500, 0.01568833867488098400, 0.03787500000000004800 ) ) ;
#4563 = CARTESIAN_POINT ( 'NONE',  ( 0.2575000000000000100, 0.006188540527614550300, -0.05316293416863210300 ) ) ;
#4564 = CARTESIAN_POINT ( 'NONE',  ( 0.1511041168262513800, 0.02505992052357227500, 0.06050000000000001900 ) ) ;
#4565 = VERTEX_POINT ( 'NONE', #4012 ) ;
#4566 = ADVANCED_FACE ( 'NONE', ( #332 ), #4320, .F. ) ;
#4567 = CARTESIAN_POINT ( 'NONE',  ( -0.1236639065304058100, -0.04019648675812100700, 4.922649884530183500E-018 ) ) ;
#4568 = CARTESIAN_POINT ( 'NONE',  ( -0.2087499999999999900, -0.02678166933744053800, -0.02678166933744051400 ) ) ;
#4569 = CARTESIAN_POINT ( 'NONE',  ( 0.2874553266340769100, -0.04682531779643221000, -0.01474662063413560000 ) ) ;
#4570 = CARTESIAN_POINT ( 'NONE',  ( -0.2900393700787401400, 0.004662832236999660800, 0.05329641634790838900 ) ) ;
#4571 = CARTESIAN_POINT ( 'NONE',  ( 0.1595774447318674700, -0.03925117907274063700, -0.005515186040850226900 ) ) ;
#4572 = VERTEX_POINT ( 'NONE', #286 ) ;
#4573 = CARTESIAN_POINT ( 'NONE',  ( -0.02366390653040581100, -0.04019648675812099300, 4.922649884530183500E-018 ) ) ;
#4574 = CARTESIAN_POINT ( 'NONE',  ( -0.1605861931504248600, 0.04019648675812097200, 0.01664992997496423900 ) ) ;
#4575 = CARTESIAN_POINT ( 'NONE',  ( 0.07402078349291807400, -0.06050000000000002600, -0.02505992052357224400 ) ) ;
#4576 = CARTESIAN_POINT ( 'NONE',  ( -0.04112509968083059200, -0.02678166933744052800, -0.02678166933744051400 ) ) ;
#4577 = B_SPLINE_CURVE_WITH_KNOTS ( 'NONE', 3,
 ( #4884, #777, #2844, #5334, #1597, #3661, #2420, #1579, #4468, #5310 ),
 .UNSPECIFIED., .F., .F.,
 ( 4, 2, 2, 2, 4 ),
 ( 2.278217223727266700E-007, 0.0002232015456123108000, 0.0004461752695022485800, 0.0006691489933921864900, 0.0008921227172821242900 ),
 .UNSPECIFIED. ) ;
#4578 = CARTESIAN_POINT ( 'NONE',  ( -0.1613958831737487000, 0.06049999999999998400, -0.02505992052357230000 ) ) ;
#4579 = CARTESIAN_POINT ( 'NONE',  ( -0.1774999999999999900, -1.378283189984032000E-017, 0.03787500000000004100 ) ) ;
#4580 = CARTESIAN_POINT ( 'NONE',  ( -0.1207708831737487200, -2.239184654118634600E-017, -0.06050000000000001900 ) ) ;
#4581 = DIRECTION ( 'NONE',  ( 0.0000000000000000000, 1.000000000000000000, 0.0000000000000000000 ) ) ;
#4582 = CIRCLE ( 'NONE', #1605, 0.05435833333333329300 ) ;
#4583 = EDGE_CURVE ( 'NONE', #1893, #1386, #95, .T. ) ;
#4584 = PRODUCT_DEFINITION_FORMATION_WITH_SPECIFIED_SOURCE ( 'ANY', '', #2168, .NOT_KNOWN. ) ;
#4585 = CARTESIAN_POINT ( 'NONE',  ( 0.06071109346959422500, 0.01664992997496424600, 0.04019648675812098600 ) ) ;
#4586 = VERTEX_POINT ( 'NONE', #2763 ) ;
#4587 = CARTESIAN_POINT ( 'NONE',  ( -0.05874999999999995500, -0.02678166933744052800, -0.02678166933744051400 ) ) ;
#4588 = LINE ( 'NONE', #1144, #2265 ) ;
#4589 = APPROVAL_PERSON_ORGANIZATION ( #477, #1551, #1490 ) ;
#4590 = EDGE_LOOP ( 'NONE', ( #155, #3084, #1538, #765 ) ) ;
#4591 = DIRECTION ( 'NONE',  ( -9.237637493568399400E-017, 1.000000000000000000, 0.0000000000000000000 ) ) ;
#4592 = CARTESIAN_POINT ( 'NONE',  ( -0.1536250996808306300, -0.02678166933744053100, 0.02678166933744051800 ) ) ;
#4593 = CARTESIAN_POINT ( 'NONE',  ( 0.1597894866096878100, -0.03403303524942077200, -0.01985580394428642900 ) ) ;
#4594 = ORIENTED_EDGE ( 'NONE', *, *, #4488, .T. ) ;
#4595 = CARTESIAN_POINT ( 'NONE',  ( 0.04821109346959422100, 0.04019648675812097900, -0.01664992997496427000 ) ) ;
#4596 = ADVANCED_FACE ( 'NONE', ( #2797 ), #997, .F. ) ;
#4597 = CARTESIAN_POINT ( 'NONE',  ( -0.1574611931504248700, 0.02842320836654259300, 0.02842320836654260400 ) ) ;
#4598 = CARTESIAN_POINT ( 'NONE',  ( 0.005270783492918081600, 0.02505992052357226100, 0.06050000000000000500 ) ) ;
#4599 = FACE_OUTER_BOUND ( 'NONE', #1771, .T. ) ;
#4600 = CARTESIAN_POINT ( 'NONE',  ( -0.2161250996808306300, 0.02678166933744049700, 0.02678166933744051400 ) ) ;
#4601 = CONICAL_SURFACE ( 'NONE', #567, 0.05350000000000004100, 1.047197551196600100 ) ;
#4602 = ORIENTED_EDGE ( 'NONE', *, *, #1930, .T. ) ;
#4603 = EDGE_CURVE ( 'NONE', #1157, #3256, #489, .T. ) ;
#4604 = CARTESIAN_POINT ( 'NONE',  ( -0.2517889065304058100, 0.04019648675812095100, -0.01664992997496427000 ) ) ;
#4605 = CARTESIAN_POINT ( 'NONE',  ( 0.05375000000000007500, 0.02678166933744051400, -0.02678166933744052400 ) ) ;
#4606 = CARTESIAN_POINT ( 'NONE',  ( 0.04172911682625129300, 0.06050000000000001900, 0.0000000000000000000 ) ) ;
#4607 = CARTESIAN_POINT ( 'NONE',  ( 0.2900000000000000400, 0.04848746660646083300, -0.02261007700312740000 ) ) ;
#4608 = ORIENTED_EDGE ( 'NONE', *, *, #4030, .T. ) ;
#4609 = AXIS2_PLACEMENT_3D ( 'NONE', #971, #154, #3873 ) ;
#4610 = CARTESIAN_POINT ( 'NONE',  ( 0.1325860934695941900, -0.02842320836654260400, -0.02842320836654260700 ) ) ;
#4611 = CARTESIAN_POINT ( 'NONE',  ( 0.1818750000000000400, -0.03787500000000002700, 0.01568833867488099800 ) ) ;
#4612 = ADVANCED_FACE ( 'NONE', ( #4447 ), #5246, .F. ) ;
#4613 = CARTESIAN_POINT ( 'NONE',  ( -0.2899999999999998700, -0.01675337380774083100, -0.03414710801278315200 ) ) ;
#4614 = CARTESIAN_POINT ( 'NONE',  ( -0.2286250996808306400, 0.02678166933744049000, -0.02678166933744052400 ) ) ;
#4615 = CARTESIAN_POINT ( 'NONE',  ( -0.007461193150424849300, 0.02842320836654260700, 0.02842320836654260400 ) ) ;
#4616 = CARTESIAN_POINT ( 'NONE',  ( 0.1544610934695941900, 0.04019648675812099300, 0.01664992997496424200 ) ) ;
#4617 = CARTESIAN_POINT ( 'NONE',  ( -0.2230861931504248600, 0.01664992997496422500, -0.04019648675812097200 ) ) ;
#4618 = CARTESIAN_POINT ( 'NONE',  ( -0.01660421650708194000, -1.353427368979711900E-017, -0.06050000000000001200 ) ) ;
#4619 = CARTESIAN_POINT ( 'NONE',  ( -0.1348750996808306100, -1.943502106872316400E-017, -0.03787500000000004100 ) ) ;
#4620 = B_SPLINE_CURVE_WITH_KNOTS ( 'NONE', 3,
 ( #583, #3851, #4626, #2156, #2221, #1016, #3459, #570, #5114, #3881 ),
 .UNSPECIFIED., .F., .F.,
 ( 4, 2, 2, 2, 4 ),
 ( 2.168404344971008900E-019, 0.0002524720503447232900, 0.0005049441006894463700, 0.0007574161510341694500, 0.001009888201378892500 ),
 .UNSPECIFIED. ) ;
#4621 = CARTESIAN_POINT ( 'NONE',  ( -0.07053890653040580100, -0.04019648675812100700, -0.01664992997496422800 ) ) ;
#4622 = EDGE_CURVE ( 'NONE', #781, #4287, #2025, .T. ) ;
#4623 = CARTESIAN_POINT ( 'NONE',  ( 0.07250000000000005100, 7.475342943493799000E-018, 0.03787500000000004100 ) ) ;
#4624 = ORIENTED_EDGE ( 'NONE', *, *, #1550, .T. ) ;
#4625 = CARTESIAN_POINT ( 'NONE',  ( 0.2535690083802029600, -0.03370319202756405500, -0.03233079153458215400 ) ) ;
#4626 = CARTESIAN_POINT ( 'NONE',  ( -0.2899999999999978200, -0.04240392121411639500, 0.03913745283786085300 ) ) ;
#4627 = ADVANCED_FACE ( 'NONE', ( #3501 ), #4010, .T. ) ;
#4628 = CARTESIAN_POINT ( 'NONE',  ( 0.1700860934695941900, -0.02842320836654259300, 0.02842320836654261100 ) ) ;
#4629 = VERTEX_POINT ( 'NONE', #1203 ) ;
#4630 = CARTESIAN_POINT ( 'NONE',  ( 0.06000000000000004600, 0.03787500000000004800, 0.0000000000000000000 ) ) ;
#4631 = DIRECTION ( 'NONE',  ( 0.0000000000000000000, 1.000000000000000000, 0.0000000000000000000 ) ) ;
#4632 = CARTESIAN_POINT ( 'NONE',  ( -0.2598750996808306100, -2.078740898684901200E-017, 0.03787500000000004100 ) ) ;
#4633 = CARTESIAN_POINT ( 'NONE',  ( -0.04241390653040581800, 0.02842320836654260700, 0.02842320836654260700 ) ) ;
#4634 = VERTEX_POINT ( 'NONE', #1650 ) ;
#4635 = CARTESIAN_POINT ( 'NONE',  ( -0.2512111931504248400, -1.990854356107054300E-017, 0.04019648675812097900 ) ) ;
#4636 = CARTESIAN_POINT ( 'NONE',  ( 0.1552707834929180400, 0.02505992052357227500, 0.06050000000000000500 ) ) ;
#4637 = CARTESIAN_POINT ( 'NONE',  ( 0.1588749003191694000, -0.02678166933744051100, -0.02678166933744051400 ) ) ;
#4638 = CARTESIAN_POINT ( 'NONE',  ( -0.07991390653040579600, -0.02842320836654261800, 0.02842320836654261100 ) ) ;
#4639 = VERTEX_POINT ( 'NONE', #3697 ) ;
#4640 = CARTESIAN_POINT ( 'NONE',  ( 0.02250000000000003400, 3.223707974826975500E-018, 0.03787500000000004100 ) ) ;
#4641 = CARTESIAN_POINT ( 'NONE',  ( 0.1263360934695942400, -0.04019648675812097900, 4.922649884530183500E-018 ) ) ;
#4642 = CARTESIAN_POINT ( 'NONE',  ( 0.03500000000000003800, -0.03787500000000004100, 4.638349751770605400E-018 ) ) ;
#4643 = CARTESIAN_POINT ( 'NONE',  ( 0.04589578349291807700, 0.06050000000000001900, 0.0000000000000000000 ) ) ;
#4644 = CARTESIAN_POINT ( 'NONE',  ( 0.2172000000000000900, -0.1094999999999999000, 1.340988245066351300E-017 ) ) ;
#4645 = CARTESIAN_POINT ( 'NONE',  ( 0.1052707834929180900, 0.02505992052357227200, 0.06050000000000001900 ) ) ;
#4646 = CARTESIAN_POINT ( 'NONE',  ( 0.007586093469594230200, 0.02842320836654261100, 0.02842320836654260700 ) ) ;
#4647 = ADVANCED_FACE ( 'NONE', ( #737 ), #4601, .F. ) ;
#4648 = CARTESIAN_POINT ( 'NONE',  ( 0.008163806849575171500, -0.04019648675812097900, 0.01664992997496424200 ) ) ;
#4649 = FACE_OUTER_BOUND ( 'NONE', #3128, .T. ) ;
#4650 = CARTESIAN_POINT ( 'NONE',  ( -0.2861639065304058000, -2.288066713019285900E-017, 0.04019648675812098600 ) ) ;
#4651 = CARTESIAN_POINT ( 'NONE',  ( 0.06512490031916939900, -2.428481194055867100E-018, -0.03787500000000004100 ) ) ;
#4652 = CARTESIAN_POINT ( 'NONE',  ( -0.04866390653040581600, 0.04019648675812097900, 0.0000000000000000000 ) ) ;
#4653 = CYLINDRICAL_SURFACE ( 'NONE', #3182, 0.01957795784253701900 ) ;
#4654 = CARTESIAN_POINT ( 'NONE',  ( 0.08500000000000004800, -0.03787500000000003400, 4.638349751770605400E-018 ) ) ;
#4655 = VERTEX_POINT ( 'NONE', #3675 ) ;
#4656 = CARTESIAN_POINT ( 'NONE',  ( 0.2549553266340768800, 0.04682531779643218200, 0.01474662063413559500 ) ) ;
#4657 = CARTESIAN_POINT ( 'NONE',  ( 0.2575000000000000600, 0.04294620829319618900, 0.03194086179466895700 ) ) ;
#4658 = CIRCLE ( 'NONE', #749, 0.03787499999999999900 ) ;
#4659 = ORIENTED_EDGE ( 'NONE', *, *, #4268, .T. ) ;
#4660 = CARTESIAN_POINT ( 'NONE',  ( 0.1482110934695942400, 0.04019648675812098600, -0.01664992997496426600 ) ) ;
#4661 = CARTESIAN_POINT ( 'NONE',  ( 0.1006250000000000600, 0.01568833867488100800, -0.03787500000000004100 ) ) ;
#4662 = EDGE_LOOP ( 'NONE', ( #2634, #2243, #1577, #1867 ) ) ;
#4663 = CARTESIAN_POINT ( 'NONE',  ( -0.1348750996808306100, -1.943502106872316400E-017, -0.03787500000000004100 ) ) ;
#4664 = CARTESIAN_POINT ( 'NONE',  ( -0.3330389065304058000, -0.01664992997496426600, 0.04019648675812098600 ) ) ;
#4665 = CARTESIAN_POINT ( 'NONE',  ( 0.03628880684957516000, 0.04019648675812097900, 0.0000000000000000000 ) ) ;
#4666 = VERTEX_POINT ( 'NONE', #2817 ) ;
#4667 = CARTESIAN_POINT ( 'NONE',  ( -0.2580389065304058400, 0.01664992997496422500, -0.04019648675812097900 ) ) ;
#4668 = CARTESIAN_POINT ( 'NONE',  ( 0.04637490031916943100, -0.02678166933744051400, 0.02678166933744051800 ) ) ;
#4669 = CARTESIAN_POINT ( 'NONE',  ( -0.1942500996808306000, -0.03787500000000006100, -0.01568833867488098400 ) ) ;
#4670 = CARTESIAN_POINT ( 'NONE',  ( 0.1006250000000000600, 0.01568833867488100800, -0.03787500000000004100 ) ) ;
#4671 = CARTESIAN_POINT ( 'NONE',  ( 0.01777078349291808300, -0.06050000000000001900, 0.02505992052357226500 ) ) ;
#4672 = CARTESIAN_POINT ( 'NONE',  ( -0.05722921650708193100, 0.06049999999999999100, -0.02505992052357230000 ) ) ;
#4673 = CARTESIAN_POINT ( 'NONE',  ( 0.1756250000000000600, -0.01568833867488098100, 0.03787500000000004800 ) ) ;
#4674 = CARTESIAN_POINT ( 'NONE',  ( -0.2274999999999999500, -1.803446686850714500E-017, 0.03787500000000004100 ) ) ;
#4675 = CARTESIAN_POINT ( 'NONE',  ( 0.2900000000000000400, 0.004662832236999779600, -0.05329641634790842400 ) ) ;
#4676 = CARTESIAN_POINT ( 'NONE',  ( -0.05362509968083059600, -0.02678166933744052400, 0.02678166933744051800 ) ) ;
#4677 = CARTESIAN_POINT ( 'NONE',  ( -0.3392889065304057800, 0.01664992997496421100, 0.04019648675812098600 ) ) ;
#4678 = CARTESIAN_POINT ( 'NONE',  ( 0.03003880684957519300, 0.02842320836654260400, -0.02842320836654261100 ) ) ;
#4679 = CARTESIAN_POINT ( 'NONE',  ( -0.3142889065304058100, -0.01664992997496429100, -0.04019648675812097900 ) ) ;
#4680 = CARTESIAN_POINT ( 'NONE',  ( -0.03487509968083058600, -1.093175113138951500E-017, -0.03787500000000004100 ) ) ;
#4681 = CARTESIAN_POINT ( 'NONE',  ( -0.1473750996808306200, -0.03787500000000005400, 4.638349751770605400E-018 ) ) ;
#4682 = ORIENTED_EDGE ( 'NONE', *, *, #2846, .T. ) ;
#4683 = EDGE_CURVE ( 'NONE', #444, #646, #4270, .T. ) ;
#4684 = AXIS2_PLACEMENT_3D ( 'NONE', #137, #969, #932 ) ;
#4685 = CARTESIAN_POINT ( 'NONE',  ( -0.2899999999999999800, 0.0000000000000000000, 0.0000000000000000000 ) ) ;
#4686 = ORIENTED_EDGE ( 'NONE', *, *, #5262, .F. ) ;
#4687 = CARTESIAN_POINT ( 'NONE',  ( 0.1943750000000000200, -0.01568833867488100100, -0.03787500000000004100 ) ) ;
#4688 = ORIENTED_EDGE ( 'NONE', *, *, #2103, .T. ) ;
#4689 = CARTESIAN_POINT ( 'NONE',  ( -0.2900393700787401400, -0.04382463436946110900, -0.03068633934478101600 ) ) ;
#4690 = CARTESIAN_POINT ( 'NONE',  ( 0.008874900319169423300, -0.02678166933744052400, -0.02678166933744051400 ) ) ;
#4691 = DIRECTION ( 'NONE',  ( -1.000000000000000000, -0.0000000000000000000, -0.0000000000000000000 ) ) ;
#4692 = DIRECTION ( 'NONE',  ( 1.000000000000000000, 8.503269937333648200E-017, 0.0000000000000000000 ) ) ;
#4693 = CARTESIAN_POINT ( 'NONE',  ( 0.2558566419414502500, 0.01009832632755139900, 0.04963934577794717300 ) ) ;
#4694 = CARTESIAN_POINT ( 'NONE',  ( -0.1230861931504248100, 0.01664992997496423500, -0.04019648675812097200 ) ) ;
#4695 = CARTESIAN_POINT ( 'NONE',  ( -0.1947292165070819400, 0.02505992052357224400, 0.06050000000000001900 ) ) ;
#4696 = CARTESIAN_POINT ( 'NONE',  ( 0.1401249003191694400, 1.322567076248558200E-017, 0.03787500000000004100 ) ) ;
#4697 = CARTESIAN_POINT ( 'NONE',  ( -0.1755000996808305800, 0.03787500000000001300, -0.01568833867488101500 ) ) ;
#4698 = DIRECTION ( 'NONE',  ( 1.000000000000000000, 8.503269937333648200E-017, 0.0000000000000000000 ) ) ;
#4699 = DIRECTION ( 'NONE',  ( 1.000000000000000000, 9.237637493568399400E-017, -0.0000000000000000000 ) ) ;
#4700 = CARTESIAN_POINT ( 'NONE',  ( -0.1955389065304057900, 0.04019648675812097200, 0.01664992997496424200 ) ) ;
#4701 = EDGE_CURVE ( 'NONE', #1893, #4565, #3457, .T. ) ;
#4702 = CARTESIAN_POINT ( 'NONE',  ( 0.1448541168262512900, 0.06050000000000003300, 0.02505992052357226100 ) ) ;
#4703 = CARTESIAN_POINT ( 'NONE',  ( -0.3161250996808306300, 0.02678166933744049000, 0.02678166933744051400 ) ) ;
#4704 = CYLINDRICAL_SURFACE ( 'NONE', #2052, 0.03995833333333329700 ) ;
#4705 = CARTESIAN_POINT ( 'NONE',  ( -0.1274999999999999700, -9.531196931173496600E-018, 0.03787500000000004100 ) ) ;
#4706 = CARTESIAN_POINT ( 'NONE',  ( 0.02762490031916939300, 0.03787500000000004100, 0.0000000000000000000 ) ) ;
#4707 = DIRECTION ( 'NONE',  ( 1.000000000000000000, 9.237637493568399400E-017, -0.0000000000000000000 ) ) ;
#4708 = DIRECTION ( 'NONE',  ( 1.000000000000000000, 8.503269937333648200E-017, 0.0000000000000000000 ) ) ;
#4709 = ORIENTED_EDGE ( 'NONE', *, *, #3983, .F. ) ;
#4710 = CARTESIAN_POINT ( 'NONE',  ( -0.3205389065304058400, -0.04019648675812102800, -0.01664992997496422800 ) ) ;
#4711 = CARTESIAN_POINT ( 'NONE',  ( -0.01683619315042483500, 0.04019648675812097200, -0.01664992997496426300 ) ) ;
#4712 = CIRCLE ( 'NONE', #998, 0.1094999999999999600 ) ;
#4713 = CARTESIAN_POINT ( 'NONE',  ( 0.2213749003191694000, 0.02678166933744052800, -0.02678166933744052400 ) ) ;
#4714 = CARTESIAN_POINT ( 'NONE',  ( -0.2286250996808306400, 0.02678166933744049000, -0.02678166933744052400 ) ) ;
#4715 = DATE_AND_TIME ( #2667, #5237 ) ;
#4716 = CYLINDRICAL_SURFACE ( 'NONE', #2917, 0.01957795784253703300 ) ;
#4717 = EDGE_CURVE ( 'NONE', #240, #4886, #3830, .T. ) ;
#4718 = ORIENTED_EDGE ( 'NONE', *, *, #4399, .T. ) ;
#4719 = VECTOR ( 'NONE', #981, 39.37007874015748100 ) ;
#4720 = COORDINATED_UNIVERSAL_TIME_OFFSET ( 6, 0, .BEHIND. ) ;
#4721 = CARTESIAN_POINT ( 'NONE',  ( -0.2900000000000000900, 0.0001637091687149071400, 0.05453450056186647700 ) ) ;
#4722 = CARTESIAN_POINT ( 'NONE',  ( -0.02285421650708190800, -0.04277996026178615400, -0.04277996026178614000 ) ) ;
#4723 = CARTESIAN_POINT ( 'NONE',  ( -0.1738958831737487100, -0.02505992052357220900, -0.06050000000000010200 ) ) ;
#4724 = ORIENTED_EDGE ( 'NONE', *, *, #2405, .T. ) ;
#4725 = CARTESIAN_POINT ( 'NONE',  ( -0.2337500000000000100, 0.02678166933744049700, 0.02678166933744051400 ) ) ;
#4726 = CARTESIAN_POINT ( 'NONE',  ( 0.04324990031916937900, -0.01568833867488098700, 0.03787500000000004800 ) ) ;
#4727 = CARTESIAN_POINT ( 'NONE',  ( 0.2555138757210604300, 0.03721872141591115600, -0.03347928314214974900 ) ) ;
#4728 = CARTESIAN_POINT ( 'NONE',  ( 0.1042291168262513100, 1.155873708749734000E-017, 0.06050000000000001900 ) ) ;
#4729 = CARTESIAN_POINT ( 'NONE',  ( 0.2549553266340770000, 0.01064171080908284300, -0.04792522506905795600 ) ) ;
#4730 = CARTESIAN_POINT ( 'NONE',  ( 0.1206638068495752100, -0.01664992997496424600, -0.04019648675812097200 ) ) ;
#4731 = CARTESIAN_POINT ( 'NONE',  ( 0.1994999003191694200, -0.03787500000000002700, 0.01568833867488099800 ) ) ;
#4732 = CARTESIAN_POINT ( 'NONE',  ( -0.1630000996808306200, 0.01568833867488098400, 0.03787500000000004800 ) ) ;
#4733 = AXIS2_PLACEMENT_3D ( 'NONE', #400, #3281, #4869 ) ;
#4734 = B_SPLINE_CURVE_WITH_KNOTS ( 'NONE', 3,
 ( #3991, #3976, #2340, #5263, #4799, #3599 ),
 .UNSPECIFIED., .F., .F.,
 ( 4, 2, 4 ),
 ( 2.275577806711463200E-007, 0.0001149862409236674000, 0.0002297449240666636400 ),
 .UNSPECIFIED. ) ;
#4735 = CARTESIAN_POINT ( 'NONE',  ( 0.2847906321921832000, -0.03100866860348538600, 0.03196360768579144300 ) ) ;
#4736 = DIRECTION ( 'NONE',  ( 0.0000000000000000000, 1.000000000000000000, 0.0000000000000000000 ) ) ;
#4737 = ORIENTED_EDGE ( 'NONE', *, *, #4418, .T. ) ;
#4738 = CARTESIAN_POINT ( 'NONE',  ( -0.2368750000000000600, 0.03787500000000002000, 0.01568833867488099400 ) ) ;
#4739 = CARTESIAN_POINT ( 'NONE',  ( 0.2573411537418954800, 0.04240683634739312500, -0.03216437532295977900 ) ) ;
#4740 = CARTESIAN_POINT ( 'NONE',  ( -0.2637111931504248500, 0.04019648675812095100, 0.0000000000000000000 ) ) ;
#4741 = CARTESIAN_POINT ( 'NONE',  ( -0.2424139065304058400, 0.02842320836654259000, 0.02842320836654260700 ) ) ;
#4742 = VERTEX_POINT ( 'NONE', #2058 ) ;
#4743 = CARTESIAN_POINT ( 'NONE',  ( 0.2206638068495752100, -0.01664992997496424200, -0.04019648675812097200 ) ) ;
#4744 = CARTESIAN_POINT ( 'NONE',  ( 0.2876524651320108200, 0.04710238268752762300, -0.01500269945676523800 ) ) ;
#4745 = CARTESIAN_POINT ( 'NONE',  ( -0.2012111931504248200, -1.565690859240372300E-017, 0.04019648675812097900 ) ) ;
#4746 = CARTESIAN_POINT ( 'NONE',  ( -0.08175009968083062100, 0.01568833867488099800, -0.03787500000000004100 ) ) ;
#4747 = EDGE_LOOP ( 'NONE', ( #1887, #1505, #2685, #2757, #2440, #1841, #3823, #1750, #3687, #1201, #2474, #3966, #641, #2706, #165, #3114, #254, #2784, #2358, #1476, #2390 ) ) ;
#4748 = EDGE_CURVE ( 'NONE', #781, #3063, #876, .T. ) ;
#4749 = CARTESIAN_POINT ( 'NONE',  ( 0.2900000000000000400, 9.715098770946713200E-018, 0.0000000000000000000 ) ) ;
#4750 = ORIENTED_EDGE ( 'NONE', *, *, #3654, .F. ) ;
#4751 = DIRECTION ( 'NONE',  ( 1.000000000000000000, 8.503269937333648200E-017, 0.0000000000000000000 ) ) ;
#4752 = VERTEX_POINT ( 'NONE', #844 ) ;
#4753 = CARTESIAN_POINT ( 'NONE',  ( -0.07124999999999995200, -0.02678166933744052400, 0.02678166933744051800 ) ) ;
#4754 = CARTESIAN_POINT ( 'NONE',  ( 0.1244999003191694400, 0.03787500000000004800, -0.01568833867488101900 ) ) ;
#4755 = DIRECTION ( 'NONE',  ( -1.000000000000000000, -0.0000000000000000000, -0.0000000000000000000 ) ) ;
#4756 = EDGE_CURVE ( 'NONE', #28, #2923, #416, .T. ) ;
#4757 = CARTESIAN_POINT ( 'NONE',  ( -0.1855861931504248500, -0.04019648675812100700, -0.01664992997496422500 ) ) ;
#4758 = CARTESIAN_POINT ( 'NONE',  ( -0.1205389065304058200, -0.04019648675812101400, -0.01664992997496422800 ) ) ;
#4759 = CARTESIAN_POINT ( 'NONE',  ( -0.2895208831737487400, -0.04277996026178616100, 0.04277996026178614000 ) ) ;
#4760 = CARTESIAN_POINT ( 'NONE',  ( 0.2874553266340770200, 0.04682531779643286200, 0.01474662063413613800 ) ) ;
#4761 = CARTESIAN_POINT ( 'NONE',  ( -0.2699611931504248300, 0.02842320836654257600, -0.02842320836654261100 ) ) ;
#4762 = CARTESIAN_POINT ( 'NONE',  ( 0.03699990031916942200, 0.01568833867488099800, 0.03787500000000004800 ) ) ;
#4763 = CARTESIAN_POINT ( 'NONE',  ( 0.2575000000000000600, -0.04877698915852488000, -0.02198919388658241200 ) ) ;
#4764 = VECTOR ( 'NONE', #2014, 39.37007874015748100 ) ;
#4765 = AXIS2_PLACEMENT_3D ( 'NONE', #575, #3088, #1796 ) ;
#4766 = CARTESIAN_POINT ( 'NONE',  ( 0.2900000000000000400, 9.715098770946713200E-018, 0.0000000000000000000 ) ) ;
#4767 = ORIENTED_EDGE ( 'NONE', *, *, #1127, .F. ) ;
#4768 = EDGE_LOOP ( 'NONE', ( #279, #4303, #3657, #4006 ) ) ;
#4769 = CARTESIAN_POINT ( 'NONE',  ( -0.1149999999999999600, -0.03787500000000005400, 4.638349751770605400E-018 ) ) ;
#4770 = CARTESIAN_POINT ( 'NONE',  ( 0.08074990031916938500, 0.03787500000000004800, 0.01568833867488099400 ) ) ;
#4771 = FACE_OUTER_BOUND ( 'NONE', #1611, .T. ) ;
#4772 = DIRECTION ( 'NONE',  ( -1.000000000000000000, -0.0000000000000000000, -0.0000000000000000000 ) ) ;
#4773 = FACE_OUTER_BOUND ( 'NONE', #1512, .T. ) ;
#4774 = ORIENTED_EDGE ( 'NONE', *, *, #5175, .F. ) ;
#4775 = CARTESIAN_POINT ( 'NONE',  ( -0.2049139065304058400, 0.02842320836654258600, -0.02842320836654261800 ) ) ;
#4776 = CARTESIAN_POINT ( 'NONE',  ( 0.08941380684957515900, 0.04019648675812098600, 0.01664992997496423900 ) ) ;
#4777 = ORIENTED_EDGE ( 'NONE', *, *, #1951, .F. ) ;
#4778 = CARTESIAN_POINT ( 'NONE',  ( -0.2322292165070819500, -0.06050000000000004700, 0.02505992052357226500 ) ) ;
#4779 =( BOUNDED_CURVE ( )  B_SPLINE_CURVE ( 2, ( #4351, #1522, #3176, #2803, #5250, #3145, #4386, #1129, #4800 ),
 .UNSPECIFIED., .F., .T. ) 
 B_SPLINE_CURVE_WITH_KNOTS ( ( 3, 2, 2, 2, 3 ),
 ( 0.3863636363636363500, 0.3977272727272727100, 0.4090909090909091200, 0.4204545454545454700, 0.4318181818181818200 ),
 .UNSPECIFIED. ) 
 CURVE ( )  GEOMETRIC_REPRESENTATION_ITEM ( )  RATIONAL_B_SPLINE_CURVE ( ( 1.000000000000000000, 0.9238795325112867400, 1.000000000000000000, 0.9238795325112867400, 1.000000000000000000, 0.9238795325112867400, 1.000000000000000000, 0.9238795325112867400, 1.000000000000000000 ) ) 
 REPRESENTATION_ITEM ( '' )  );
#4780 = CARTESIAN_POINT ( 'NONE',  ( 0.1932499003191694200, -0.01568833867488097700, 0.03787500000000004800 ) ) ;
#4781 = CARTESIAN_POINT ( 'NONE',  ( 0.04637490031916943100, -0.02678166933744051400, 0.02678166933744051800 ) ) ;
#4782 = EDGE_CURVE ( 'NONE', #496, #3420, #4128, .T. ) ;
#4783 = CC_DESIGN_PERSON_AND_ORGANIZATION_ASSIGNMENT ( #2394, #615, ( #4584 ) ) ;
#4784 = FACE_OUTER_BOUND ( 'NONE', #2549, .T. ) ;
#4785 = ORIENTED_EDGE ( 'NONE', *, *, #910, .F. ) ;
#4786 = CARTESIAN_POINT ( 'NONE',  ( -0.03952088317374869600, -0.04277996026178614000, 0.04277996026178614000 ) ) ;
#4787 = CARTESIAN_POINT ( 'NONE',  ( 0.2564358027464196400, 0.04867335970646570500, 0.01730698920770448000 ) ) ;
#4788 = CARTESIAN_POINT ( 'NONE',  ( 0.08500000000000004800, -0.03787500000000003400, 4.638349751770605400E-018 ) ) ;
#4789 = CARTESIAN_POINT ( 'NONE',  ( 0.2172000000000000900, 0.1023000000000000200, 0.0000000000000000000 ) ) ;
#4790 = DIRECTION ( 'NONE',  ( 0.0000000000000000000, 1.000000000000000000, 0.0000000000000000000 ) ) ;
#4791 = CARTESIAN_POINT ( 'NONE',  ( -0.1830389065304057800, -0.01664992997496425300, 0.04019648675812098600 ) ) ;
#4792 = CARTESIAN_POINT ( 'NONE',  ( 0.2362888068495752100, 0.04019648675812099300, 0.0000000000000000000 ) ) ;
#4793 = CARTESIAN_POINT ( 'NONE',  ( -0.3384792165070819600, -0.02505992052357228600, 0.06050000000000000500 ) ) ;
#4794 = CARTESIAN_POINT ( 'NONE',  ( -0.08558619315042484400, -0.04019648675812099300, -0.01664992997496422500 ) ) ;
#4795 = CARTESIAN_POINT ( 'NONE',  ( -0.08487509968083059600, -1.518338610005634000E-017, -0.03787500000000004100 ) ) ;
#4796 = CARTESIAN_POINT ( 'NONE',  ( 0.2570803158119754900, -0.04912764102857506600, -0.01928196586489103900 ) ) ;
#4797 = CARTESIAN_POINT ( 'NONE',  ( 0.1556387121530326000, -0.02088797627732560600, 0.05027557154044509000 ) ) ;
#4798 = CARTESIAN_POINT ( 'NONE',  ( 0.1769138068495751700, 0.01664992997496425900, -0.04019648675812097200 ) ) ;
#4799 = CARTESIAN_POINT ( 'NONE',  ( 0.2900000000000000900, -0.006188540527614643100, -0.05316293416863208200 ) ) ;
#4800 = CARTESIAN_POINT ( 'NONE',  ( -0.07077088317374870300, -1.814021157251952200E-017, -0.06050000000000001900 ) ) ;
#4801 = CARTESIAN_POINT ( 'NONE',  ( 0.2875870966744300500, 0.01058988896877031400, -0.04817044464812176400 ) ) ;
#4802 = ORIENTED_EDGE ( 'NONE', *, *, #1586, .T. ) ;
#4803 = CARTESIAN_POINT ( 'NONE',  ( 0.1365207834929181300, 0.02505992052357229300, -0.06050000000000001200 ) ) ;
#4804 = CARTESIAN_POINT ( 'NONE',  ( -0.2243749999999999600, -0.01568833867488100800, 0.03787500000000004800 ) ) ;
#4805 = ORIENTED_EDGE ( 'NONE', *, *, #1815, .T. ) ;
#4806 = CARTESIAN_POINT ( 'NONE',  ( -0.005624999999999956400, -0.01568833867488101900, -0.03787500000000003400 ) ) ;
#4807 = CARTESIAN_POINT ( 'NONE',  ( 0.1104791168262512800, -0.04277996026178613300, 0.04277996026178614000 ) ) ;
#4808 = EDGE_CURVE ( 'NONE', #3376, #3760, #1062, .T. ) ;
#4809 = CARTESIAN_POINT ( 'NONE',  ( -0.02366390653040581100, -0.04019648675812099300, 4.922649884530183500E-018 ) ) ;
#4810 = CARTESIAN_POINT ( 'NONE',  ( -0.08327088317374870000, -0.06050000000000002600, 7.409113134841489000E-018 ) ) ;
#4811 = CARTESIAN_POINT ( 'NONE',  ( -0.2353542165070819600, -0.04277996026178616100, 0.04277996026178614000 ) ) ;
#4812 = CARTESIAN_POINT ( 'NONE',  ( -0.1199611931504248500, 0.02842320836654259000, -0.02842320836654261100 ) ) ;
#4813 = ORIENTED_EDGE ( 'NONE', *, *, #4217, .F. ) ;
#4814 = CARTESIAN_POINT ( 'NONE',  ( 0.002624900319169388300, -0.03787500000000004800, 4.638349751770605400E-018 ) ) ;
#4815 = DIRECTION ( 'NONE',  ( 1.000000000000000000, 8.503269937333648200E-017, 0.0000000000000000000 ) ) ;
#4816 = DIRECTION ( 'NONE',  ( -1.000000000000000000, -0.0000000000000000000, -0.0000000000000000000 ) ) ;
#4817 = CARTESIAN_POINT ( 'NONE',  ( -0.2899999999999999800, 0.0000000000000000000, 0.0000000000000000000 ) ) ;
#4818 = CARTESIAN_POINT ( 'NONE',  ( 0.2172000000000000900, 4.685329736737893300E-017, 0.0000000000000000000 ) ) ;
#4819 = CARTESIAN_POINT ( 'NONE',  ( -0.2899999999999999800, 0.0000000000000000000, 0.0000000000000000000 ) ) ;
#4820 = CARTESIAN_POINT ( 'NONE',  ( 0.2549553266340769400, -0.01064171080908288100, -0.04792522506905766400 ) ) ;
#4821 = DIRECTION ( 'NONE',  ( 1.000000000000000000, 9.237637493568399400E-017, -0.0000000000000000000 ) ) ;
#4822 = CARTESIAN_POINT ( 'NONE',  ( 0.1825860934695942000, -0.02842320836654260000, -0.02842320836654260700 ) ) ;
#4823 = CARTESIAN_POINT ( 'NONE',  ( -0.01187499999999999500, -0.03787500000000004800, -0.01568833867488098400 ) ) ;
#4824 = CARTESIAN_POINT ( 'NONE',  ( 0.1167291168262513100, -0.06050000000000001200, 7.409113134841489000E-018 ) ) ;
#4825 = CARTESIAN_POINT ( 'NONE',  ( -0.2900393700787401400, -0.05970295784253709000, -7.311503622149235300E-018 ) ) ;
#4826 = AXIS2_PLACEMENT_3D ( 'NONE', #3151, #742, #1515 ) ;
#4827 = CARTESIAN_POINT ( 'NONE',  ( 0.07008609346959418500, -0.02842320836654260400, 0.02842320836654261100 ) ) ;
#4828 = CARTESIAN_POINT ( 'NONE',  ( -0.1676458831737487100, 0.02505992052357226100, -0.06050000000000000500 ) ) ;
#4829 = CARTESIAN_POINT ( 'NONE',  ( -0.2900000000000000900, 0.03492981634693957000, 0.01740578784841448000 ) ) ;
#4830 = CARTESIAN_POINT ( 'NONE',  ( -0.05746119315042482600, 0.02842320836654260400, 0.02842320836654260400 ) ) ;
#4831 = CARTESIAN_POINT ( 'NONE',  ( 0.1540833831737447300, 6.054006920698422100E-014, 0.05995611460450113500 ) ) ;
#4832 = SPHERICAL_SURFACE ( 'NONE', #3535, 0.1433732811530954400 ) ;
#4833 = CARTESIAN_POINT ( 'NONE',  ( -0.1228542165070819300, -0.04277996026178616100, -0.04277996026178614000 ) ) ;
#4834 = ORIENTED_EDGE ( 'NONE', *, *, #820, .T. ) ;
#4835 = CARTESIAN_POINT ( 'NONE',  ( 0.1831638068495752000, 0.04019648675812098600, -0.01664992997496426300 ) ) ;
#4836 = VECTOR ( 'NONE', #2045, 39.37007874015748100 ) ;
#4837 = AXIS2_PLACEMENT_3D ( 'NONE', #5303, #3613, #2389 ) ;
#4838 = DIRECTION ( 'NONE',  ( 1.000000000000000000, 9.237637493568399400E-017, -0.0000000000000000000 ) ) ;
#4839 = CYLINDRICAL_SURFACE ( 'NONE', #4826, 0.06050000000000002600 ) ;
#4840 = CARTESIAN_POINT ( 'NONE',  ( -0.03327088317374869000, -0.06050000000000001900, 7.409113134841489000E-018 ) ) ;
#4841 = CARTESIAN_POINT ( 'NONE',  ( 0.01985411682625127400, -0.06050000000000003300, -0.02505992052357225100 ) ) ;
#4842 = ORIENTED_EDGE ( 'NONE', *, *, #164, .F. ) ;
#4843 = CONICAL_SURFACE ( 'NONE', #4383, 0.05350000000000004100, 1.047197551196600100 ) ;
#4844 = VECTOR ( 'NONE', #4698, 39.37007874015748100 ) ;
#4845 = CARTESIAN_POINT ( 'NONE',  ( -0.3275000000000000100, -2.653773680584078900E-017, 0.03787500000000004100 ) ) ;
#4846 = VERTEX_POINT ( 'NONE', #4553 ) ;
#4847 = CARTESIAN_POINT ( 'NONE',  ( 0.09437500000000007000, -0.01568833867488101200, -0.03787500000000003400 ) ) ;
#4848 = CARTESIAN_POINT ( 'NONE',  ( -0.005145883173748700700, 0.06050000000000001900, 0.02505992052357226100 ) ) ;
#4849 = CARTESIAN_POINT ( 'NONE',  ( 0.2550870966744300300, -0.01058988896877031800, -0.04817044464812171600 ) ) ;
#4850 = CARTESIAN_POINT ( 'NONE',  ( 0.1138360934695942200, 1.113241261914173400E-017, 0.04019648675812098600 ) ) ;
#4851 = CARTESIAN_POINT ( 'NONE',  ( -0.2332708831737487200, -0.06050000000000003300, 7.409113134841489000E-018 ) ) ;
#4852 = CARTESIAN_POINT ( 'NONE',  ( -0.3228542165070819600, -0.04277996026178617500, -0.04277996026178613300 ) ) ;
#4853 = CARTESIAN_POINT ( 'NONE',  ( -0.2012111931504248200, -1.565690859240372300E-017, 0.04019648675812097900 ) ) ;
#4854 = CARTESIAN_POINT ( 'NONE',  ( -0.02308619315042484100, 0.01664992997496424200, -0.04019648675812097200 ) ) ;
#4855 = CARTESIAN_POINT ( 'NONE',  ( -0.2899999999999999800, 7.409113134841490500E-018, -0.06050000000000002600 ) ) ;
#4856 = EDGE_LOOP ( 'NONE', ( #1254, #2790, #5325, #2736 ) ) ;
#4857 = EDGE_CURVE ( 'NONE', #2833, #1028, #3384, .T. ) ;
#4858 = CC_DESIGN_DATE_AND_TIME_ASSIGNMENT ( #1314, #4314, ( #5076 ) ) ;
#4859 = CARTESIAN_POINT ( 'NONE',  ( 0.2893859849007682800, -0.04901426559109519500, 0.01863297453183663400 ) ) ;
#4860 = CARTESIAN_POINT ( 'NONE',  ( 0.008395783492918066200, 3.409770064219265900E-018, 0.06050000000000001900 ) ) ;
#4861 = CARTESIAN_POINT ( 'NONE',  ( 0.1925388068495751700, 0.02842320836654262500, 0.02842320836654260400 ) ) ;
#4862 = CARTESIAN_POINT ( 'NONE',  ( -0.2447292165070819900, 0.02505992052357224400, 0.06050000000000000500 ) ) ;
#4863 = CARTESIAN_POINT ( 'NONE',  ( -0.2380000996808306600, -0.01568833867488103600, -0.03787500000000004100 ) ) ;
#4864 = CARTESIAN_POINT ( 'NONE',  ( 0.09485411682625129200, 0.06050000000000002600, 0.02505992052357226100 ) ) ;
#4865 = CARTESIAN_POINT ( 'NONE',  ( 0.2822779401495884000, 0.04012499999999957100, -0.002941304153814074800 ) ) ;
#4866 = CARTESIAN_POINT ( 'NONE',  ( 0.1794610934695942400, -0.04019648675812098600, -0.01664992997496422800 ) ) ;
#4867 = CARTESIAN_POINT ( 'NONE',  ( 0.1193750000000000900, 0.01568833867488100800, 0.03787500000000004800 ) ) ;
#4868 = CARTESIAN_POINT ( 'NONE',  ( 0.06047911682625133100, -0.04277996026178613300, 0.04277996026178614000 ) ) ;
#4869 = DIRECTION ( 'NONE',  ( 0.0000000000000000000, 1.000000000000000000, 0.0000000000000000000 ) ) ;
#4870 = CARTESIAN_POINT ( 'NONE',  ( 0.08883609346959421600, -8.387046342520483000E-019, -0.04019648675812098600 ) ) ;
#4871 = EDGE_LOOP ( 'NONE', ( #169, #4336, #1955, #4774 ) ) ;
#4872 = CARTESIAN_POINT ( 'NONE',  ( -0.1395208831737487200, -0.04277996026178614700, 0.04277996026178614000 ) ) ;
#4873 = CARTESIAN_POINT ( 'NONE',  ( -0.2822292165070820500, -0.06050000000000003300, 0.02505992052357226100 ) ) ;
#4874 = CARTESIAN_POINT ( 'NONE',  ( -0.1043361931504248600, 0.01664992997496422500, 0.04019648675812097900 ) ) ;
#4875 = CARTESIAN_POINT ( 'NONE',  ( -0.09183619315042486400, -0.04019648675812098600, 0.01664992997496424200 ) ) ;
#4876 = CARTESIAN_POINT ( 'NONE',  ( 0.1276249003191694300, 0.03787500000000004800, 0.0000000000000000000 ) ) ;
#4877 = CARTESIAN_POINT ( 'NONE',  ( 0.2897366247278914100, -0.04914585500152680200, 0.01996897769604540400 ) ) ;
#4878 = CARTESIAN_POINT ( 'NONE',  ( 0.1593779594979219700, -0.03901105956546682000, 0.009689931850915886900 ) ) ;
#4879 = DIRECTION ( 'NONE',  ( 0.0000000000000000000, 0.0000000000000000000, 1.000000000000000000 ) ) ;
#4880 = EDGE_LOOP ( 'NONE', ( #2909, #1286, #3727, #4980 ) ) ;
#4881 = DIRECTION ( 'NONE',  ( 0.0000000000000000000, -0.0000000000000000000, 1.000000000000000000 ) ) ;
#4882 = CARTESIAN_POINT ( 'NONE',  ( -0.1228542165070819300, -0.04277996026178615400, -0.04277996026178613300 ) ) ;
#4883 = CARTESIAN_POINT ( 'NONE',  ( 0.2535717364473358800, -0.04485476820016084200, 0.01302581767708131800 ) ) ;
#4884 = CARTESIAN_POINT ( 'NONE',  ( 0.2549553266340769400, 0.01064171080908285000, 0.04792522506905769900 ) ) ;
#4885 =( BOUNDED_CURVE ( )  B_SPLINE_CURVE ( 2, ( #1394, #2645, #2189, #5036, #1408, #4252, #2574, #2997, #183 ),
 .UNSPECIFIED., .F., .T. ) 
 B_SPLINE_CURVE_WITH_KNOTS ( ( 3, 2, 2, 2, 3 ),
 ( 0.1590909090909091200, 0.1704545454545454700, 0.1818181818181818500, 0.1931818181818182000, 0.2045454545454545900 ),
 .UNSPECIFIED. ) 
 CURVE ( )  GEOMETRIC_REPRESENTATION_ITEM ( )  RATIONAL_B_SPLINE_CURVE ( ( 0.9999999999999997800, 0.9238795325112869600, 1.000000000000000000, 0.9238795325112867400, 1.000000000000000000, 0.9238795325112867400, 1.000000000000000000, 0.9238795325112865200, 1.000000000000000200 ) ) 
 REPRESENTATION_ITEM ( '' )  );
#4886 = VERTEX_POINT ( 'NONE', #4569 ) ;
#4887 = CARTESIAN_POINT ( 'NONE',  ( 0.2900000000000000400, -0.04848746660646083300, 0.02261007700312738600 ) ) ;
#4888 = CARTESIAN_POINT ( 'NONE',  ( 0.1763360934695942500, -0.04019648675812097900, 4.922649884530183500E-018 ) ) ;
#4889 = DIRECTION ( 'NONE',  ( -1.000000000000000000, -0.0000000000000000000, -0.0000000000000000000 ) ) ;
#4890 = CARTESIAN_POINT ( 'NONE',  ( 0.07922911682625130600, -5.385306666519049200E-018, -0.06050000000000001900 ) ) ;
#4891 = DIRECTION ( 'NONE',  ( -1.000000000000000000, -0.0000000000000000000, -0.0000000000000000000 ) ) ;
#4892 = EDGE_LOOP ( 'NONE', ( #3614, #1227, #4355, #699 ) ) ;
#4893 = EDGE_CURVE ( 'NONE', #2056, #1347, #902, .T. ) ;
#4894 = CARTESIAN_POINT ( 'NONE',  ( 0.05446109346959419900, 0.04019648675812098600, 0.01664992997496424200 ) ) ;
#4895 = CARTESIAN_POINT ( 'NONE',  ( -0.1082708831737487100, 0.06050000000000001200, 0.0000000000000000000 ) ) ;
#4896 = CARTESIAN_POINT ( 'NONE',  ( -0.3072292165070819600, 0.06049999999999997000, -0.02505992052357230000 ) ) ;
#4897 = CARTESIAN_POINT ( 'NONE',  ( -0.2355861931504248900, -0.04019648675812100700, -0.01664992997496422500 ) ) ;
#4898 = CARTESIAN_POINT ( 'NONE',  ( 0.03003880684957519300, 0.02842320836654260400, -0.02842320836654261100 ) ) ;
#4899 = CARTESIAN_POINT ( 'NONE',  ( 0.2276249003191694600, 0.03787500000000005400, 0.0000000000000000000 ) ) ;
#4900 = CARTESIAN_POINT ( 'NONE',  ( 0.2889358027464196100, -0.04867335970646572600, 0.01730698920770446300 ) ) ;
#4901 = DIRECTION ( 'NONE',  ( 1.000000000000000000, 9.237637493568399400E-017, -0.0000000000000000000 ) ) ;
#4902 = CARTESIAN_POINT ( 'NONE',  ( -0.2270208831737487400, -0.04277996026178616100, -0.04277996026178614000 ) ) ;
#4903 = CARTESIAN_POINT ( 'NONE',  ( -0.2899999999999999800, 0.0000000000000000000, 0.0000000000000000000 ) ) ;
#4904 = CARTESIAN_POINT ( 'NONE',  ( -0.09472921650708193700, 0.02505992052357225100, 0.06050000000000000500 ) ) ;
#4905 = CARTESIAN_POINT ( 'NONE',  ( -0.2911250996808306100, -0.02678166933744054900, -0.02678166933744051400 ) ) ;
#4906 = CARTESIAN_POINT ( 'NONE',  ( 0.2892929036923621000, -0.06196162363432825700, 7.588110405375315500E-018 ) ) ;
#4907 = VECTOR ( 'NONE', #4389, 39.37007874015747400 ) ;
#4908 = CARTESIAN_POINT ( 'NONE',  ( -0.2899999999999999800, 7.409113134841490500E-018, -0.06050000000000002600 ) ) ;
#4909 = CARTESIAN_POINT ( 'NONE',  ( -0.2806250000000000100, 0.01568833867488097000, 0.03787500000000004800 ) ) ;
#4910 = CARTESIAN_POINT ( 'NONE',  ( -0.03014588317374870500, -0.06050000000000003300, -0.02505992052357224700 ) ) ;
#4911 = FACE_OUTER_BOUND ( 'NONE', #1086, .T. ) ;
#4912 = CARTESIAN_POINT ( 'NONE',  ( -0.03303890653040583700, -0.01664992997496424200, 0.04019648675812098600 ) ) ;
#4913 = CARTESIAN_POINT ( 'NONE',  ( 0.05816380684957518600, -0.04019648675812097200, 0.01664992997496424200 ) ) ;
#4914 = EDGE_LOOP ( 'NONE', ( #1719, #4070, #553, #972 ) ) ;
#4915 = CARTESIAN_POINT ( 'NONE',  ( -0.03558619315042484100, -0.04019648675812098600, -0.01664992997496422500 ) ) ;
#4916 = CARTESIAN_POINT ( 'NONE',  ( 0.1206638068495752100, -0.01664992997496424600, -0.04019648675812097200 ) ) ;
#4917 = CARTESIAN_POINT ( 'NONE',  ( 0.2572239459756330300, -0.04926470353665105000, 0.01963999782110486400 ) ) ;
#4918 = FACE_OUTER_BOUND ( 'NONE', #2617, .T. ) ;
#4919 = VERTEX_POINT ( 'NONE', #2947 ) ;
#4920 = CARTESIAN_POINT ( 'NONE',  ( 0.2875216635195616500, -0.04691979672824492200, 0.01482912534528333300 ) ) ;
#4921 = CARTESIAN_POINT ( 'NONE',  ( -0.2743750000000000400, -0.01568833867488101500, 0.03787500000000004800 ) ) ;
#4922 = CARTESIAN_POINT ( 'NONE',  ( -0.2832708831737487100, -0.06050000000000004700, 7.409113134841489000E-018 ) ) ;
#4923 = ORIENTED_EDGE ( 'NONE', *, *, #5001, .F. ) ;
#4924 = CARTESIAN_POINT ( 'NONE',  ( 0.2535681042851052300, -0.04484959516851769200, -0.01302130027332475100 ) ) ;
#4925 = CARTESIAN_POINT ( 'NONE',  ( -0.1509792165070819300, 0.06049999999999999100, 0.02505992052357225400 ) ) ;
#4926 = CARTESIAN_POINT ( 'NONE',  ( -0.004336193150424832700, 0.01664992997496423500, 0.04019648675812097900 ) ) ;
#4927 = FACE_OUTER_BOUND ( 'NONE', #351, .T. ) ;
#4928 = ORIENTED_EDGE ( 'NONE', *, *, #4428, .T. ) ;
#4929 = CARTESIAN_POINT ( 'NONE',  ( -0.02749999999999997900, -1.027926993839848600E-018, 0.03787500000000004100 ) ) ;
#4930 = CARTESIAN_POINT ( 'NONE',  ( 0.2261041168262513100, -0.02505992052357227500, -0.06049999999999999800 ) ) ;
#4931 = CARTESIAN_POINT ( 'NONE',  ( 0.2574451667319842500, -0.04294462094461861500, 0.03175345563064303100 ) ) ;
#4932 = CARTESIAN_POINT ( 'NONE',  ( -0.01116390653040580900, -9.341974571585699900E-018, -0.04019648675812098600 ) ) ;
#4933 = CARTESIAN_POINT ( 'NONE',  ( 0.01753880684957519200, -0.02842320836654260700, -0.02842320836654260400 ) ) ;
#4934 = CARTESIAN_POINT ( 'NONE',  ( 0.03316380684957517800, 0.04019648675812097200, -0.01664992997496426300 ) ) ;
#4935 = CARTESIAN_POINT ( 'NONE',  ( -0.1649999999999999800, -0.03787500000000005400, 4.638349751770605400E-018 ) ) ;
#4936 = CARTESIAN_POINT ( 'NONE',  ( 0.2900000000000000400, 9.715098770946713200E-018, 0.0000000000000000000 ) ) ;
#4937 = CARTESIAN_POINT ( 'NONE',  ( 0.2881686591357502900, -0.03745990887799183200, 0.03361484805752483500 ) ) ;
#4938 = CARTESIAN_POINT ( 'NONE',  ( -0.007229216507081920800, 0.06049999999999998400, -0.02505992052357230000 ) ) ;
#4939 = CARTESIAN_POINT ( 'NONE',  ( -0.2630000996808306000, 0.01568833867488097400, 0.03787500000000004800 ) ) ;
#4940 = CARTESIAN_POINT ( 'NONE',  ( -0.2236639065304058000, -0.04019648675812101400, 4.922649884530183500E-018 ) ) ;
#4941 = EDGE_CURVE ( 'NONE', #2610, #4381, #4459, .T. ) ;
#4942 = CARTESIAN_POINT ( 'NONE',  ( -0.1587499999999999700, -0.02678166933744053500, -0.02678166933744051400 ) ) ;
#4943 = EDGE_LOOP ( 'NONE', ( #813, #2395, #4113, #411 ) ) ;
#4944 = CARTESIAN_POINT ( 'NONE',  ( -0.2149999999999999700, -0.03787500000000006100, 4.638349751770605400E-018 ) ) ;
#4945 = CARTESIAN_POINT ( 'NONE',  ( 0.1948541168262513400, 0.06050000000000003300, 0.02505992052357226100 ) ) ;
#4946 = CARTESIAN_POINT ( 'NONE',  ( 0.2899451145464542200, 0.04897178818290093300, -0.02131377665435501100 ) ) ;
#4947 = ADVANCED_FACE ( 'NONE', ( #812 ), #3695, .F. ) ;
#4948 = CARTESIAN_POINT ( 'NONE',  ( -0.03616390653040581200, -1.622492286858743400E-018, 0.04019648675812098600 ) ) ;
#4949 = ORIENTED_EDGE ( 'NONE', *, *, #4115, .T. ) ;
#4950 = CARTESIAN_POINT ( 'NONE',  ( -0.07749999999999995800, -5.279561962506669200E-018, 0.03787500000000004100 ) ) ;
#4951 = AXIS2_PLACEMENT_3D ( 'NONE', #4380, #3170, #4415 ) ;
#4952 = CARTESIAN_POINT ( 'NONE',  ( 0.2891841359493921800, 0.04000098957291288400, 0.03336632042223888100 ) ) ;
#4953 = DIRECTION ( 'NONE',  ( 0.0000000000000000000, 1.000000000000000000, 0.0000000000000000000 ) ) ;
#4954 = CARTESIAN_POINT ( 'NONE',  ( 0.2900000000000000400, -0.04848746660646081200, -0.02261007700312739000 ) ) ;
#4955 =( BOUNDED_CURVE ( )  B_SPLINE_CURVE ( 2, ( #4033, #1125, #287, #3990, #710, #3187, #3579, #2352, #727 ),
 .UNSPECIFIED., .F., .F. ) 
 B_SPLINE_CURVE_WITH_KNOTS ( ( 3, 2, 2, 2, 3 ),
 ( 0.1590909090909091200, 0.1704545454545454700, 0.1818181818181818500, 0.1931818181818182000, 0.2045454545454545900 ),
 .UNSPECIFIED. ) 
 CURVE ( )  GEOMETRIC_REPRESENTATION_ITEM ( )  RATIONAL_B_SPLINE_CURVE ( ( 0.9999999999999997800, 0.9238795325112869600, 1.000000000000000000, 0.9238795325112867400, 1.000000000000000000, 0.9238795325112867400, 1.000000000000000000, 0.9238795325112865200, 1.000000000000000200 ) ) 
 REPRESENTATION_ITEM ( '' )  );
#4956 = ORIENTED_EDGE ( 'NONE', *, *, #4941, .F. ) ;
#4957 = CARTESIAN_POINT ( 'NONE',  ( 0.09589578349291809400, 0.06050000000000001200, 0.0000000000000000000 ) ) ;
#4958 = CARTESIAN_POINT ( 'NONE',  ( -0.1786250996808306200, 0.02678166933744049300, -0.02678166933744052400 ) ) ;
#4959 = B_SPLINE_CURVE_WITH_KNOTS ( 'NONE', 3,
 ( #2490, #1651, #4518, #1289, #1666, #30 ),
 .UNSPECIFIED., .F., .F.,
 ( 4, 2, 4 ),
 ( 0.0004471174060798864300, 0.0006696551586105998200, 0.0008921929111413132100 ),
 .UNSPECIFIED. ) ;
#4960 = CARTESIAN_POINT ( 'NONE',  ( -0.2111639065304057900, -2.634851444625299400E-017, -0.04019648675812098600 ) ) ;
#4961 = CARTESIAN_POINT ( 'NONE',  ( -0.05249999999999994900, -1.243044398171446900E-017, -0.03787500000000004100 ) ) ;
#4962 = CARTESIAN_POINT ( 'NONE',  ( 0.03860411682625131100, 0.06050000000000000500, -0.02505992052357230000 ) ) ;
#4963 =( LENGTH_UNIT ( ) NAMED_UNIT ( * ) SI_UNIT ( $, .METRE. ) );
#4964 = CARTESIAN_POINT ( 'NONE',  ( 0.1573541168262513300, -0.02505992052357224400, 0.06050000000000001900 ) ) ;
#4965 = CARTESIAN_POINT ( 'NONE',  ( 0.1600000000000001100, -0.02262245262892833100, -0.03037664007180339000 ) ) ;
#4966 = EDGE_CURVE ( 'NONE', #4421, #4655, #2999, .T. ) ;
#4967 = CARTESIAN_POINT ( 'NONE',  ( -0.02678890653040579300, -0.04019648675812099300, 0.01664992997496424200 ) ) ;
#4968 = CARTESIAN_POINT ( 'NONE',  ( -0.09624999999999996100, 0.02678166933744050000, -0.02678166933744052400 ) ) ;
#4969 = CARTESIAN_POINT ( 'NONE',  ( -0.2899999999999999800, 0.03787500000000001300, 0.0000000000000000000 ) ) ;
#4970 = CARTESIAN_POINT ( 'NONE',  ( -0.2770208831737487300, -0.04277996026178617500, -0.04277996026178614000 ) ) ;
#4971 = ADVANCED_FACE ( 'NONE', ( #4773 ), #1892, .T. ) ;
#4972 = CARTESIAN_POINT ( 'NONE',  ( -0.2793361931504249100, -0.01664992997496428400, -0.04019648675812097200 ) ) ;
#4973 = LINE ( 'NONE', #950, #1696 ) ;
#4974 = CARTESIAN_POINT ( 'NONE',  ( -0.03222921650708193000, -0.06050000000000001900, 0.02505992052357226100 ) ) ;
#4975 = CARTESIAN_POINT ( 'NONE',  ( -0.2005000996808306300, -0.03787500000000006100, 0.01568833867488099800 ) ) ;
#4976 = EDGE_LOOP ( 'NONE', ( #682, #4231, #1641, #3537 ) ) ;
#4977 = CARTESIAN_POINT ( 'NONE',  ( -0.2642889065304058200, -0.01664992997496428400, -0.04019648675812097900 ) ) ;
#4978 = FACE_OUTER_BOUND ( 'NONE', #908, .T. ) ;
#4979 = CARTESIAN_POINT ( 'NONE',  ( -0.03374999999999998100, 0.02678166933744051400, 0.02678166933744051400 ) ) ;
#4980 = ORIENTED_EDGE ( 'NONE', *, *, #1833, .T. ) ;
#4981 =( NAMED_UNIT ( * ) PLANE_ANGLE_UNIT ( ) SI_UNIT ( $, .RADIAN. ) );
#4982 = CARTESIAN_POINT ( 'NONE',  ( 0.1886041168262513300, 0.06050000000000001900, -0.02505992052357230000 ) ) ;
#4983 = CARTESIAN_POINT ( 'NONE',  ( 0.2897966925768164500, 0.04909570473790164000, -0.02035642673897306400 ) ) ;
#4984 = AXIS2_PLACEMENT_3D ( 'NONE', #773, #4014, #288 ) ;
#4985 = VECTOR ( 'NONE', #1426, 39.37007874015748100 ) ;
#4986 = CIRCLE ( 'NONE', #2686, 0.05349999999999999200 ) ;
#4987 = CARTESIAN_POINT ( 'NONE',  ( -0.1830389065304057800, -0.01664992997496425300, 0.04019648675812098600 ) ) ;
#4988 = CARTESIAN_POINT ( 'NONE',  ( -0.02437500000000000100, -0.01568833867488099400, 0.03787500000000004800 ) ) ;
#4989 = EDGE_CURVE ( 'NONE', #4453, #1981, #3943, .T. ) ;
#4990 = CARTESIAN_POINT ( 'NONE',  ( 0.2874553266340769100, 0.03618360698734932700, -0.03317860443492203600 ) ) ;
#4991 = CARTESIAN_POINT ( 'NONE',  ( -0.1630000996808306000, 0.01568833867488098400, 0.03787500000000004800 ) ) ;
#4992 = CARTESIAN_POINT ( 'NONE',  ( 0.2549553266340770500, 0.04682531779643286200, -0.01474662063413613800 ) ) ;
#4993 = PRODUCT_DEFINITION_SHAPE ( 'NONE', 'NONE',  #2558 ) ;
#4994 = CARTESIAN_POINT ( 'NONE',  ( 0.09821109346959425200, 0.04019648675812097900, -0.01664992997496427000 ) ) ;
#4995 = CARTESIAN_POINT ( 'NONE',  ( -0.1793361931504248200, -0.01664992997496427300, -0.04019648675812097200 ) ) ;
#4996 = ORIENTED_EDGE ( 'NONE', *, *, #1079, .F. ) ;
#4997 = CARTESIAN_POINT ( 'NONE',  ( 0.08652078349291807100, 0.02505992052357228200, -0.06049999999999999800 ) ) ;
#4998 = CARTESIAN_POINT ( 'NONE',  ( -0.1130000996808306200, 0.01568833867488098400, 0.03787500000000004800 ) ) ;
#4999 = B_SPLINE_CURVE_WITH_KNOTS ( 'NONE', 3,
 ( #3192, #2342, #685, #1974, #2357, #3993, #662, #5197, #2376, #4387, #306, #4352, #1509, #4801, #3946, #5266 ),
 .UNSPECIFIED., .F., .F.,
 ( 4, 3, 3, 3, 3, 4 ),
 ( 1.977867938137571900E-007, 5.242069397351368100E-005, 0.0001046997757471128800, 0.0001590559708598038100, 0.0002189694805741656000, 0.0002296270970484449500 ),
 .UNSPECIFIED. ) ;
#5000 = CARTESIAN_POINT ( 'NONE',  ( -0.1830389065304058000, -0.01664992997496425300, 0.04019648675812098600 ) ) ;
#5001 = EDGE_CURVE ( 'NONE', #4090, #5179, #5133, .T. ) ;
#5002 = CARTESIAN_POINT ( 'NONE',  ( -0.09624999999999996100, 0.02678166933744050000, -0.02678166933744052400 ) ) ;
#5003 = DIRECTION ( 'NONE',  ( 0.0000000000000000000, 0.0000000000000000000, 1.000000000000000000 ) ) ;
#5004 = ADVANCED_FACE ( 'NONE', ( #2273 ), #273, .T. ) ;
#5005 = CARTESIAN_POINT ( 'NONE',  ( 0.07321109346959424300, -0.04019648675812098600, 0.01664992997496424200 ) ) ;
#5006 = CARTESIAN_POINT ( 'NONE',  ( -0.1681250000000000200, -0.03787500000000005400, 0.01568833867488099800 ) ) ;
#5007 = CARTESIAN_POINT ( 'NONE',  ( -0.2661250996808305900, 0.02678166933744049300, 0.02678166933744051400 ) ) ;
#5008 = CARTESIAN_POINT ( 'NONE',  ( 0.09277078349291810500, 0.06050000000000000500, -0.02505992052357230000 ) ) ;
#5009 = EDGE_LOOP ( 'NONE', ( #1615, #378, #215, #2331 ) ) ;
#5010 = CARTESIAN_POINT ( 'NONE',  ( 0.05446109346959419900, 0.04019648675812098600, 0.01664992997496424200 ) ) ;
#5011 = CARTESIAN_POINT ( 'NONE',  ( -0.1480861931504248200, -0.01664992997496424600, 0.04019648675812097900 ) ) ;
#5012 = CARTESIAN_POINT ( 'NONE',  ( 0.04277078349291808800, 0.06049999999999999100, -0.02505992052357230000 ) ) ;
#5013 = CARTESIAN_POINT ( 'NONE',  ( -0.1567500996808305900, -0.01568833867488100800, 0.03787500000000004800 ) ) ;
#5014 = ORIENTED_EDGE ( 'NONE', *, *, #5075, .T. ) ;
#5015 = CARTESIAN_POINT ( 'NONE',  ( -0.2330389065304058200, -0.01664992997496425600, 0.04019648675812098600 ) ) ;
#5016 = ADVANCED_FACE ( 'NONE', ( #5178 ), #1637, .F. ) ;
#5017 = CARTESIAN_POINT ( 'NONE',  ( 0.1943750000000000200, -0.01568833867488100100, -0.03787500000000004100 ) ) ;
#5018 = CARTESIAN_POINT ( 'NONE',  ( -0.2181250000000000100, -0.03787500000000006100, 0.01568833867488099800 ) ) ;
#5019 = CARTESIAN_POINT ( 'NONE',  ( 0.2522906321921831700, -0.03100866860348561900, -0.03196360768579149800 ) ) ;
#5020 = CARTESIAN_POINT ( 'NONE',  ( 0.1599999999999999800, -0.01022995155558456500, -0.03663398163930531300 ) ) ;
#5021 = ORIENTED_EDGE ( 'NONE', *, *, #4510, .F. ) ;
#5022 = CARTESIAN_POINT ( 'NONE',  ( 0.1419610934695942400, 0.01664992997496426300, -0.04019648675812097900 ) ) ;
#5023 = CARTESIAN_POINT ( 'NONE',  ( -0.008749999999999940100, -0.02678166933744052400, -0.02678166933744051400 ) ) ;
#5024 = ORIENTED_EDGE ( 'NONE', *, *, #3240, .F. ) ;
#5025 = DIRECTION ( 'NONE',  ( 0.0000000000000000000, 0.0000000000000000000, 1.000000000000000000 ) ) ;
#5026 = DIRECTION ( 'NONE',  ( 1.000000000000000000, 8.503269937333648200E-017, 0.0000000000000000000 ) ) ;
#5027 = CARTESIAN_POINT ( 'NONE',  ( 0.08339578349291808200, -5.031003752463467500E-018, -0.06050000000000001900 ) ) ;
#5028 = CARTESIAN_POINT ( 'NONE',  ( 0.001336093469594194500, 0.04019648675812097900, 0.0000000000000000000 ) ) ;
#5029 = ADVANCED_FACE ( 'NONE', ( #102 ), #1188, .T. ) ;
#5030 = CARTESIAN_POINT ( 'NONE',  ( -0.3105861931504248500, 0.04019648675812095800, 0.01664992997496423900 ) ) ;
#5031 = CARTESIAN_POINT ( 'NONE',  ( -0.2205389065304058100, -0.04019648675812102100, -0.01664992997496422800 ) ) ;
#5032 = CARTESIAN_POINT ( 'NONE',  ( -0.2067500996808306300, -0.01568833867488100800, 0.03787500000000004800 ) ) ;
#5033 = B_SPLINE_CURVE_WITH_KNOTS ( 'NONE', 3,
 ( #2804, #5229, #1130, #2782, #3569, #1523, #5212 ),
 .UNSPECIFIED., .F., .F.,
 ( 4, 3, 4 ),
 ( 2.174828397010837800E-007, 5.241970570175127500E-005, 7.451699560983980000E-005 ),
 .UNSPECIFIED. ) ;
#5034 = CARTESIAN_POINT ( 'NONE',  ( -0.1330389065304058400, -0.01664992997496424900, 0.04019648675812098600 ) ) ;
#5035 = CARTESIAN_POINT ( 'NONE',  ( 0.2006250000000000800, 0.01568833867488101900, -0.03787500000000004100 ) ) ;
#5036 = CARTESIAN_POINT ( 'NONE',  ( -0.2113958831737486900, 0.06049999999999998400, -0.02505992052357230000 ) ) ;
#5037 = EDGE_CURVE ( 'NONE', #2427, #355, #2608, .T. ) ;
#5038 = CARTESIAN_POINT ( 'NONE',  ( 0.1825860934695942000, -0.02842320836654260000, -0.02842320836654260700 ) ) ;
#5039 = VERTEX_POINT ( 'NONE', #152 ) ;
#5040 = CARTESIAN_POINT ( 'NONE',  ( 0.006875000000000047700, 0.03787500000000004100, -0.01568833867488101500 ) ) ;
#5041 = ADVANCED_FACE ( 'NONE', ( #27, #3119 ), #1413, .T. ) ;
#5042 = FACE_OUTER_BOUND ( 'NONE', #542, .T. ) ;
#5043 = CARTESIAN_POINT ( 'NONE',  ( 0.03652078349291806200, 0.02505992052357227900, -0.06050000000000001200 ) ) ;
#5044 = CARTESIAN_POINT ( 'NONE',  ( -0.2192500996808306500, 0.03787500000000002000, 0.01568833867488099400 ) ) ;
#5045 = CARTESIAN_POINT ( 'NONE',  ( 0.2575000000000000600, 0.0000000000000000000, 0.0000000000000000000 ) ) ;
#5046 = ORIENTED_EDGE ( 'NONE', *, *, #3142, .T. ) ;
#5047 = CARTESIAN_POINT ( 'NONE',  ( -0.01428890653040579300, -0.01664992997496426300, -0.04019648675812097900 ) ) ;
#5048 = CARTESIAN_POINT ( 'NONE',  ( -0.1668361931504248600, 0.04019648675812095800, -0.01664992997496426300 ) ) ;
#5049 = CARTESIAN_POINT ( 'NONE',  ( 0.1677707834929180500, -0.06049999999999999800, 0.02505992052357226100 ) ) ;
#5050 = FACE_OUTER_BOUND ( 'NONE', #3858, .T. ) ;
#5051 = CARTESIAN_POINT ( 'NONE',  ( 0.01199990031916940700, -0.01568833867488101500, -0.03787500000000004100 ) ) ;
#5052 = VECTOR ( 'NONE', #1288, 39.37007874015748100 ) ;
#5053 = VERTEX_POINT ( 'NONE', #3447 ) ;
#5054 = EDGE_CURVE ( 'NONE', #4417, #1189, #1253, .T. ) ;
#5055 = CARTESIAN_POINT ( 'NONE',  ( -0.08616390653040580100, -5.874127255525563500E-018, 0.04019648675812098600 ) ) ;
#5056 = CIRCLE ( 'NONE', #472, 0.05350000000000004100 ) ;
#5057 = CARTESIAN_POINT ( 'NONE',  ( 0.08812500000000002300, -0.03787500000000004800, -0.01568833867488098400 ) ) ;
#5058 = CARTESIAN_POINT ( 'NONE',  ( 0.2549553266340770000, -0.03618360698734965400, -0.03317860443492219600 ) ) ;
#5059 =( BOUNDED_CURVE ( )  B_SPLINE_CURVE ( 2, ( #715, #2821, #757, #3642, #2439, #4864, #1165, #3621, #4037 ),
 .UNSPECIFIED., .F., .F. ) 
 B_SPLINE_CURVE_WITH_KNOTS ( ( 3, 2, 2, 2, 3 ),
 ( 0.7045454545454545900, 0.7159090909090909400, 0.7272727272727272900, 0.7386363636363636500, 0.7500000000000000000 ),
 .UNSPECIFIED. ) 
 CURVE ( )  GEOMETRIC_REPRESENTATION_ITEM ( )  RATIONAL_B_SPLINE_CURVE ( ( 1.000000000000000000, 0.9238795325112867400, 1.000000000000000000, 0.9238795325112867400, 1.000000000000000000, 0.9238795325112867400, 1.000000000000000000, 0.9238795325112867400, 1.000000000000000000 ) ) 
 REPRESENTATION_ITEM ( '' )  );
#5060 = CARTESIAN_POINT ( 'NONE',  ( 0.2575000000000000600, 0.0000000000000000000, 0.0000000000000000000 ) ) ;
#5061 = ADVANCED_FACE ( 'NONE', ( #4327 ), #3555, .T. ) ;
#5062 = ORIENTED_EDGE ( 'NONE', *, *, #4134, .F. ) ;
#5063 = AXIS2_PLACEMENT_3D ( 'NONE', #4817, #729, #1183 ) ;
#5064 = CARTESIAN_POINT ( 'NONE',  ( 0.08571109346959422700, -0.01664992997496425300, -0.04019648675812097900 ) ) ;
#5065 = CARTESIAN_POINT ( 'NONE',  ( 0.02250000000000003400, 3.223707974826975500E-018, 0.03787500000000004100 ) ) ;
#5066 = DIRECTION ( 'NONE',  ( 0.0000000000000000000, 1.000000000000000000, 0.0000000000000000000 ) ) ;
#5067 = CARTESIAN_POINT ( 'NONE',  ( -0.2223750996808306100, 0.03787500000000002000, 0.0000000000000000000 ) ) ;
#5068 = CARTESIAN_POINT ( 'NONE',  ( -0.2666042165070819400, -3.479244853313123200E-017, -0.06050000000000001900 ) ) ;
#5069 = CARTESIAN_POINT ( 'NONE',  ( 0.2564354778614905700, 0.009348919745454742000, 0.05080519009007262300 ) ) ;
#5070 = CARTESIAN_POINT ( 'NONE',  ( -0.1168361931504248300, 0.04019648675812096500, -0.01664992997496426300 ) ) ;
#5071 = CARTESIAN_POINT ( 'NONE',  ( -0.2830389065304058100, -0.01664992997496426300, 0.04019648675812098600 ) ) ;
#5072 = CARTESIAN_POINT ( 'NONE',  ( 0.08699990031916943200, 0.01568833867488100500, 0.03787500000000004800 ) ) ;
#5073 = B_SPLINE_CURVE_WITH_KNOTS ( 'NONE', 3,
 ( #4607, #2088, #4946, #1717, #4983, #3743, #2518 ),
 .UNSPECIFIED., .F., .F.,
 ( 4, 3, 4 ),
 ( 2.174828397009799400E-007, 5.241970570175127500E-005, 7.451699560984064000E-005 ),
 .UNSPECIFIED. ) ;
#5074 = CARTESIAN_POINT ( 'NONE',  ( -0.1299139065304058000, -0.02842320836654262100, 0.02842320836654261100 ) ) ;
#5075 = EDGE_CURVE ( 'NONE', #5112, #646, #5314, .T. ) ;
#5076 = SECURITY_CLASSIFICATION ( '', '', #3485 ) ;
#5077 = CARTESIAN_POINT ( 'NONE',  ( 0.1662500000000000400, 0.02678166933744053100, 0.02678166933744051400 ) ) ;
#5078 = CARTESIAN_POINT ( 'NONE',  ( 0.2900000000000000400, 0.006188540527614607600, 0.05316293416863205500 ) ) ;
#5079 = DIRECTION ( 'NONE',  ( 0.0000000000000000000, 1.000000000000000000, 0.0000000000000000000 ) ) ;
#5080 = CARTESIAN_POINT ( 'NONE',  ( 0.1857110934695941900, -0.01664992997496424600, -0.04019648675812097900 ) ) ;
#5081 = ORIENTED_EDGE ( 'NONE', *, *, #3080, .F. ) ;
#5082 = CARTESIAN_POINT ( 'NONE',  ( 0.1068750000000000700, 0.03787500000000004800, -0.01568833867488101500 ) ) ;
#5083 = DIRECTION ( 'NONE',  ( 1.000000000000000000, 8.503269937333648200E-017, 0.0000000000000000000 ) ) ;
#5084 = CARTESIAN_POINT ( 'NONE',  ( -0.08175009968083062100, 0.01568833867488099800, -0.03787500000000004100 ) ) ;
#5085 = DIRECTION ( 'NONE',  ( -1.000000000000000000, 0.0000000000000000000, 0.0000000000000000000 ) ) ;
#5086 = CARTESIAN_POINT ( 'NONE',  ( 0.2572364576424043300, 0.007280013141059215600, 0.05254565465836077300 ) ) ;
#5087 = ORIENTED_EDGE ( 'NONE', *, *, #3605, .F. ) ;
#5088 = CARTESIAN_POINT ( 'NONE',  ( -0.05433619315042484400, 0.01664992997496423200, 0.04019648675812097900 ) ) ;
#5089 = CARTESIAN_POINT ( 'NONE',  ( -0.2517889065304058100, 0.04019648675812095800, -0.01664992997496426600 ) ) ;
#5090 = CARTESIAN_POINT ( 'NONE',  ( 0.1088749003191693800, -0.02678166933744051400, -0.02678166933744051400 ) ) ;
#5091 = CARTESIAN_POINT ( 'NONE',  ( -0.09737509968083060700, -0.03787500000000005400, 4.638349751770605400E-018 ) ) ;
#5092 = ORIENTED_EDGE ( 'NONE', *, *, #1506, .T. ) ;
#5093 = AXIS2_PLACEMENT_3D ( 'NONE', #606, #3496, #5085 ) ;
#5094 = CARTESIAN_POINT ( 'NONE',  ( 0.1193750000000000900, 0.01568833867488100800, 0.03787500000000004800 ) ) ;
#5095 = CARTESIAN_POINT ( 'NONE',  ( 0.02714578349291810500, -0.04277996026178614700, -0.04277996026178614000 ) ) ;
#5096 = CARTESIAN_POINT ( 'NONE',  ( 0.2822824044682835100, 0.01749366582235787800, -0.03623838717165089200 ) ) ;
#5097 = CARTESIAN_POINT ( 'NONE',  ( 0.09437500000000007000, -0.01568833867488100800, -0.03787500000000004100 ) ) ;
#5098 = ORIENTED_EDGE ( 'NONE', *, *, #3044, .F. ) ;
#5099 = CARTESIAN_POINT ( 'NONE',  ( 0.03339578349291807300, -9.282638721130292600E-018, -0.06050000000000001900 ) ) ;
#5100 = CARTESIAN_POINT ( 'NONE',  ( -0.05987509968083059400, -3.780869112181714700E-018, 0.03787500000000004100 ) ) ;
#5101 = CARTESIAN_POINT ( 'NONE',  ( -0.2899999999999995900, -0.01233786149596127400, 0.05922860097711645000 ) ) ;
#5102 = CARTESIAN_POINT ( 'NONE',  ( -0.008270883173748720000, 0.06050000000000001900, 0.0000000000000000000 ) ) ;
#5103 = CARTESIAN_POINT ( 'NONE',  ( 0.1575860934695942100, 0.02842320836654262500, 0.02842320836654260700 ) ) ;
#5104 = CARTESIAN_POINT ( 'NONE',  ( 0.04878880684957516400, 5.601266250930397000E-018, 0.04019648675812097900 ) ) ;
#5105 = CARTESIAN_POINT ( 'NONE',  ( -0.2736639065304057900, -0.04019648675812101400, 4.922649884530183500E-018 ) ) ;
#5106 = CARTESIAN_POINT ( 'NONE',  ( 0.05887490031916943500, -0.02678166933744051800, -0.02678166933744051400 ) ) ;
#5107 = CARTESIAN_POINT ( 'NONE',  ( -0.1036250996808306000, -0.02678166933744052800, 0.02678166933744051800 ) ) ;
#5108 = EDGE_CURVE ( 'NONE', #3420, #1157, #4160, .T. ) ;
#5109 = B_SPLINE_CURVE_WITH_KNOTS ( 'NONE', 3,
 ( #1238, #1652, #3290, #3677, #791, #4954 ),
 .UNSPECIFIED., .F., .F.,
 ( 4, 2, 4 ),
 ( 2.962749920174297600E-007, 0.0001150554073137932400, 0.0002298145396355692300 ),
 .UNSPECIFIED. ) ;
#5110 = CIRCLE ( 'NONE', #4733, 0.05350000000000004100 ) ;
#5111 = CARTESIAN_POINT ( 'NONE',  ( 0.2822824044682834000, -0.01749366582235790300, 0.03623838717165087100 ) ) ;
#5112 = VERTEX_POINT ( 'NONE', #4675 ) ;
#5113 = DIRECTION ( 'NONE',  ( 1.000000000000000000, 0.0000000000000000000, 0.0000000000000000000 ) ) ;
#5114 = CARTESIAN_POINT ( 'NONE',  ( -0.2900000000000040900, -0.04117464907499327600, 0.009647541257668982400 ) ) ;
#5115 = FACE_OUTER_BOUND ( 'NONE', #4049, .T. ) ;
#5116 = APPROVAL_PERSON_ORGANIZATION ( #212, #269, #1027 ) ;
#5117 = ORIENTED_EDGE ( 'NONE', *, *, #3577, .T. ) ;
#5118 = CARTESIAN_POINT ( 'NONE',  ( 0.2860707919458983000, 0.01114703981184365900, -0.04535652526591949600 ) ) ;
#5119 = CARTESIAN_POINT ( 'NONE',  ( -0.2973750996808306500, -0.03787500000000006800, 4.638349751770605400E-018 ) ) ;
#5120 = ORIENTED_EDGE ( 'NONE', *, *, #1409, .T. ) ;
#5121 = DIRECTION ( 'NONE',  ( -1.000000000000000000, -0.0000000000000000000, -0.0000000000000000000 ) ) ;
#5122 = CARTESIAN_POINT ( 'NONE',  ( 0.02137490031916942600, 0.02678166933744051100, -0.02678166933744052400 ) ) ;
#5123 = CARTESIAN_POINT ( 'NONE',  ( 0.2549553266340769400, 0.03618360698734932700, -0.03317860443492204300 ) ) ;
#5124 = CIRCLE ( 'NONE', #2926, 0.007199999999999994600 ) ;
#5125 = FACE_OUTER_BOUND ( 'NONE', #3914, .T. ) ;
#5126 = CARTESIAN_POINT ( 'NONE',  ( 0.2575000000000000600, -0.04382463436946108800, -0.03068633934478102700 ) ) ;
#5127 = CARTESIAN_POINT ( 'NONE',  ( -0.3236639065304058300, -0.04019648675812102100, 4.922649884530183500E-018 ) ) ;
#5128 = CARTESIAN_POINT ( 'NONE',  ( -0.08871119315042483300, -0.04019648675812098600, 4.922649884530182800E-018 ) ) ;
#5129 = CARTESIAN_POINT ( 'NONE',  ( 0.2874553266340768600, 0.04682531779643218900, -0.01474662063413559300 ) ) ;
#5130 = CARTESIAN_POINT ( 'NONE',  ( -0.02550009968083060200, 0.03787500000000002700, -0.01568833867488101500 ) ) ;
#5131 = CARTESIAN_POINT ( 'NONE',  ( -0.2692500996808306300, 0.03787500000000001300, 0.01568833867488099400 ) ) ;
#5132 = AXIS2_PLACEMENT_3D ( 'NONE', #875, #80, #1371 ) ;
#5133 =( BOUNDED_CURVE ( )  B_SPLINE_CURVE ( 2, ( #5099, #5043, #3840, #1377, #4643, #1358, #2581, #2192, #4242 ),
 .UNSPECIFIED., .F., .F. ) 
 B_SPLINE_CURVE_WITH_KNOTS ( ( 3, 2, 2, 2, 3 ),
 ( 0.7045454545454545900, 0.7159090909090909400, 0.7272727272727272900, 0.7386363636363636500, 0.7500000000000000000 ),
 .UNSPECIFIED. ) 
 CURVE ( )  GEOMETRIC_REPRESENTATION_ITEM ( )  RATIONAL_B_SPLINE_CURVE ( ( 1.000000000000000000, 0.9238795325112867400, 1.000000000000000000, 0.9238795325112867400, 1.000000000000000000, 0.9238795325112867400, 1.000000000000000000, 0.9238795325112867400, 1.000000000000000000 ) ) 
 REPRESENTATION_ITEM ( '' )  );
#5134 = CARTESIAN_POINT ( 'NONE',  ( 0.1539376495212457000, 0.0000000000000000000, 0.0000000000000000000 ) ) ;
#5135 = CARTESIAN_POINT ( 'NONE',  ( -0.2899999999999999200, 0.01855794606289990600, 0.03565613811985662200 ) ) ;
#5136 = CARTESIAN_POINT ( 'NONE',  ( -0.1924139065304058300, 0.02842320836654259300, 0.02842320836654260700 ) ) ;
#5137 = CARTESIAN_POINT ( 'NONE',  ( -0.3036250996808306200, -0.02678166933744054500, 0.02678166933744051800 ) ) ;
#5138 = CARTESIAN_POINT ( 'NONE',  ( -0.2149999999999999700, -0.03787500000000006100, 4.638349751770605400E-018 ) ) ;
#5139 = CARTESIAN_POINT ( 'NONE',  ( -0.09425009968083061800, -0.03787500000000005400, -0.01568833867488098400 ) ) ;
#5140 = CARTESIAN_POINT ( 'NONE',  ( 0.2550877926802203000, 0.03642315634132007500, -0.03325673046628974100 ) ) ;
#5141 = DIRECTION ( 'NONE',  ( 0.0000000000000000000, 1.000000000000000000, 0.0000000000000000000 ) ) ;
#5142 = CARTESIAN_POINT ( 'NONE',  ( -0.3455389065304058600, 0.04019648675812095800, 0.01664992997496424200 ) ) ;
#5143 = CARTESIAN_POINT ( 'NONE',  ( -0.09808619315042485500, -0.01664992997496424200, 0.04019648675812097900 ) ) ;
#5144 = CARTESIAN_POINT ( 'NONE',  ( -0.3105861931504248500, 0.04019648675812095800, 0.01664992997496423900 ) ) ;
#5145 = CARTESIAN_POINT ( 'NONE',  ( -0.1692500996808306300, 0.03787500000000002700, 0.01568833867488099400 ) ) ;
#5146 = ORIENTED_EDGE ( 'NONE', *, *, #2233, .F. ) ;
#5147 = EDGE_CURVE ( 'NONE', #1668, #496, #944, .T. ) ;
#5148 = AXIS2_PLACEMENT_3D ( 'NONE', #3018, #573, #2176 ) ;
#5149 = DIRECTION ( 'NONE',  ( -1.000000000000000000, -0.0000000000000000000, -0.0000000000000000000 ) ) ;
#5150 = ORIENTED_EDGE ( 'NONE', *, *, #638, .T. ) ;
#5151 = CARTESIAN_POINT ( 'NONE',  ( 0.2828870134186504700, 0.01532669519452699500, -0.03828639677933257100 ) ) ;
#5152 = ORIENTED_EDGE ( 'NONE', *, *, #1930, .F. ) ;
#5153 = CARTESIAN_POINT ( 'NONE',  ( -0.2056249999999999700, -0.01568833867488104000, -0.03787500000000003400 ) ) ;
#5154 = CARTESIAN_POINT ( 'NONE',  ( -0.09737509968083060700, -0.03787500000000005400, 4.638349751770605400E-018 ) ) ;
#5155 = CARTESIAN_POINT ( 'NONE',  ( 0.2558575139935030900, 0.03794169081948144800, -0.03356519128185138400 ) ) ;
#5156 = AXIS2_PLACEMENT_3D ( 'NONE', #3516, #4707, #3917 ) ;
#5157 = CARTESIAN_POINT ( 'NONE',  ( -0.07053890653040580100, -0.04019648675812100000, -0.01664992997496422800 ) ) ;
#5158 = CARTESIAN_POINT ( 'NONE',  ( 0.07378880684957517300, -2.118216033796552500E-018, -0.04019648675812097900 ) ) ;
#5159 = CARTESIAN_POINT ( 'NONE',  ( 0.08339578349291808200, -5.031003752463467500E-018, -0.06050000000000001900 ) ) ;
#5160 = CARTESIAN_POINT ( 'NONE',  ( -0.2637111931504248500, 0.04019648675812095100, 0.0000000000000000000 ) ) ;
#5161 = EDGE_LOOP ( 'NONE', ( #3911, #490, #1231, #4785 ) ) ;
#5162 = CARTESIAN_POINT ( 'NONE',  ( -0.1505000996808305800, -0.03787500000000005400, 0.01568833867488099800 ) ) ;
#5163 = CARTESIAN_POINT ( 'NONE',  ( 0.2575000000000000600, 0.04382463436946099800, 0.03068633934478104700 ) ) ;
#5164 = DIRECTION ( 'NONE',  ( -1.000000000000000000, -0.0000000000000000000, -0.0000000000000000000 ) ) ;
#5165 = CARTESIAN_POINT ( 'NONE',  ( -0.1399999999999999900, 0.03787500000000002700, 0.0000000000000000000 ) ) ;
#5166 = CARTESIAN_POINT ( 'NONE',  ( 0.1463749003191693900, -0.02678166933744050700, 0.02678166933744051800 ) ) ;
#5167 = CARTESIAN_POINT ( 'NONE',  ( 0.2550218524135785000, 0.03630263560017027400, -0.03321928875391515200 ) ) ;
#5168 = CARTESIAN_POINT ( 'NONE',  ( -0.1949611931504248700, -0.02842320836654262100, 0.02842320836654260700 ) ) ;
#5169 = ORIENTED_EDGE ( 'NONE', *, *, #2662, .F. ) ;
#5170 = CARTESIAN_POINT ( 'NONE',  ( -0.2299139065304058300, -0.02842320836654262800, 0.02842320836654261100 ) ) ;
#5171 = CARTESIAN_POINT ( 'NONE',  ( 0.1237888068495751900, 2.133418934870271700E-018, -0.04019648675812097900 ) ) ;
#5172 = CARTESIAN_POINT ( 'NONE',  ( -0.1918361931504248300, -0.04019648675812099300, 0.01664992997496424200 ) ) ;
#5173 = CARTESIAN_POINT ( 'NONE',  ( 0.04324990031916937900, -0.01568833867488098700, 0.03787500000000004800 ) ) ;
#5174 = VECTOR ( 'NONE', #2214, 39.37007874015748100 ) ;
#5175 = EDGE_CURVE ( 'NONE', #3205, #444, #162, .T. ) ;
#5176 = ORIENTED_EDGE ( 'NONE', *, *, #456, .T. ) ;
#5177 = VECTOR ( 'NONE', #1360, 39.37007874015748100 ) ;
#5178 = FACE_OUTER_BOUND ( 'NONE', #3148, .T. ) ;
#5179 = VERTEX_POINT ( 'NONE', #836 ) ;
#5180 = DIRECTION ( 'NONE',  ( -1.000000000000000000, -0.0000000000000000000, -0.0000000000000000000 ) ) ;
#5181 = DIRECTION ( 'NONE',  ( -1.000000000000000000, -0.0000000000000000000, -0.0000000000000000000 ) ) ;
#5182 = CARTESIAN_POINT ( 'NONE',  ( -0.2899999999999999800, 0.0000000000000000000, 0.06050000000000002600 ) ) ;
#5183 = VECTOR ( 'NONE', #3898, 39.37007874015748100 ) ;
#5184 = ORIENTED_EDGE ( 'NONE', *, *, #4748, .F. ) ;
#5185 = CARTESIAN_POINT ( 'NONE',  ( -0.1868749999999999600, 0.03787500000000002700, 0.01568833867488099400 ) ) ;
#5186 = CARTESIAN_POINT ( 'NONE',  ( 0.1042291168262513100, 1.155873708749734000E-017, 0.06050000000000001900 ) ) ;
#5187 = CARTESIAN_POINT ( 'NONE',  ( -0.2387111931504248600, -0.04019648675812099300, 4.922649884530182800E-018 ) ) ;
#5188 = CARTESIAN_POINT ( 'NONE',  ( -0.1174139065304058000, -0.02842320836654262500, -0.02842320836654260700 ) ) ;
#5189 = CARTESIAN_POINT ( 'NONE',  ( -0.2832708831737487100, -0.06050000000000004700, 7.409113134841489000E-018 ) ) ;
#5190 = CARTESIAN_POINT ( 'NONE',  ( -0.2899999999999999800, 7.409113134841490500E-018, -0.06050000000000002600 ) ) ;
#5191 =( BOUNDED_CURVE ( )  B_SPLINE_CURVE ( 2, ( #494, #3365, #906, #4962, #4606, #2137, #2906, #5271, #4016 ),
 .UNSPECIFIED., .F., .F. ) 
 B_SPLINE_CURVE_WITH_KNOTS ( ( 3, 2, 2, 2, 3 ),
 ( 0.6136363636363636500, 0.6250000000000000000, 0.6363636363636363500, 0.6477272727272727100, 0.6590909090909090600 ),
 .UNSPECIFIED. ) 
 CURVE ( )  GEOMETRIC_REPRESENTATION_ITEM ( )  RATIONAL_B_SPLINE_CURVE ( ( 1.000000000000000000, 0.9238795325112867400, 1.000000000000000000, 0.9238795325112867400, 1.000000000000000000, 0.9238795325112867400, 1.000000000000000000, 0.9238795325112867400, 1.000000000000000000 ) ) 
 REPRESENTATION_ITEM ( '' )  );
#5192 = CARTESIAN_POINT ( 'NONE',  ( 0.1963749003191694000, -0.02678166933744050000, 0.02678166933744051800 ) ) ;
#5193 = CARTESIAN_POINT ( 'NONE',  ( -0.05987509968083059400, -3.780869112181714700E-018, 0.03787500000000004100 ) ) ;
#5194 = AXIS2_PLACEMENT_3D ( 'NONE', #1054, #1469, #1863 ) ;
#5195 = CARTESIAN_POINT ( 'NONE',  ( 0.1599486705032326100, 0.03806656428986315800, 0.003331440886701952900 ) ) ;
#5196 = CARTESIAN_POINT ( 'NONE',  ( -0.04577088317374869400, -1.196167818503128500E-018, 0.06050000000000001900 ) ) ;
#5197 = CARTESIAN_POINT ( 'NONE',  ( 0.2891835177040811300, 0.008896864964898996600, -0.05132372430798828200 ) ) ;
#5198 = CARTESIAN_POINT ( 'NONE',  ( 0.05375000000000007500, 0.02678166933744051400, -0.02678166933744052400 ) ) ;
#5199 = CARTESIAN_POINT ( 'NONE',  ( 0.1594238820365040400, -0.02483285790765070400, -0.02873048076723031300 ) ) ;
#5200 = CARTESIAN_POINT ( 'NONE',  ( 0.2559211074272252400, 0.04820081103876825600, -0.01594778443295571600 ) ) ;
#5201 = CARTESIAN_POINT ( 'NONE',  ( -0.1049139065304058000, 0.02842320836654259300, -0.02842320836654261800 ) ) ;
#5202 = ORIENTED_EDGE ( 'NONE', *, *, #1528, .F. ) ;
#5203 = CARTESIAN_POINT ( 'NONE',  ( 0.09566380684957522000, 0.01664992997496424200, 0.04019648675812097900 ) ) ;
#5204 = CARTESIAN_POINT ( 'NONE',  ( -0.1020208831737487000, 0.04277996026178613300, 0.04277996026178614000 ) ) ;
#5205 = CARTESIAN_POINT ( 'NONE',  ( 0.01128880684957515500, -0.04019648675812097900, 4.922649884530182800E-018 ) ) ;
#5206 = CARTESIAN_POINT ( 'NONE',  ( -0.2462500000000000000, 0.02678166933744049000, -0.02678166933744052400 ) ) ;
#5207 = CARTESIAN_POINT ( 'NONE',  ( -0.02862509968083058700, 0.02678166933744050700, -0.02678166933744052400 ) ) ;
#5208 = CARTESIAN_POINT ( 'NONE',  ( -0.2900393700787401400, -0.004079978207374837500, -0.04663436430441984100 ) ) ;
#5209 = CARTESIAN_POINT ( 'NONE',  ( -0.2931250000000000200, 0.03787500000000000600, -0.01568833867488101500 ) ) ;
#5210 = ORIENTED_EDGE ( 'NONE', *, *, #5336, .T. ) ;
#5211 = CARTESIAN_POINT ( 'NONE',  ( -0.07077088317374870300, -1.814021157251952200E-017, -0.06050000000000001900 ) ) ;
#5212 = CARTESIAN_POINT ( 'NONE',  ( 0.2571818314473375300, 0.04911403328074219500, 0.01978381737771077800 ) ) ;
#5213 = ORIENTED_EDGE ( 'NONE', *, *, #1909, .F. ) ;
#5214 = CARTESIAN_POINT ( 'NONE',  ( 0.02875000000000007100, -0.02678166933744051400, 0.02678166933744051800 ) ) ;
#5215 = DIRECTION ( 'NONE',  ( -1.000000000000000000, 0.0000000000000000000, 0.0000000000000000000 ) ) ;
#5216 = DIRECTION ( 'NONE',  ( 0.0000000000000000000, 0.0000000000000000000, 1.000000000000000000 ) ) ;
#5217 = EDGE_CURVE ( 'NONE', #842, #5112, #670, .T. ) ;
#5218 = CARTESIAN_POINT ( 'NONE',  ( -0.1424139065304058100, 0.02842320836654260000, 0.02842320836654260700 ) ) ;
#5219 = CARTESIAN_POINT ( 'NONE',  ( 0.1331638068495752100, 0.04019648675812097900, -0.01664992997496426300 ) ) ;
#5220 = CARTESIAN_POINT ( 'NONE',  ( -0.3353542165070819700, -0.04277996026178616100, 0.04277996026178614000 ) ) ;
#5221 = CARTESIAN_POINT ( 'NONE',  ( -0.03558619315042484100, -0.04019648675812098600, -0.01664992997496422500 ) ) ;
#5222 = CARTESIAN_POINT ( 'NONE',  ( 0.09949990031916942900, -0.03787500000000004100, 0.01568833867488099800 ) ) ;
#5223 = CARTESIAN_POINT ( 'NONE',  ( 0.2172000000000000900, 4.685329736737893300E-017, 0.0000000000000000000 ) ) ;
#5224 = CARTESIAN_POINT ( 'NONE',  ( 0.1737888068495752100, 6.385053903537092600E-018, -0.04019648675812097900 ) ) ;
#5225 = CONICAL_SURFACE ( 'NONE', #828, 0.05350000000000004100, 1.047197551196600100 ) ;
#5226 = AXIS2_PLACEMENT_3D ( 'NONE', #3471, #5164, #4338 ) ;
#5227 = CARTESIAN_POINT ( 'NONE',  ( -0.2900393700787401400, 0.02985147892126844400, 0.05170427817270846500 ) ) ;
#5228 = CARTESIAN_POINT ( 'NONE',  ( 0.1271457834929180500, -0.04277996026178614000, -0.04277996026178614000 ) ) ;
#5229 = CARTESIAN_POINT ( 'NONE',  ( 0.2575000000000000600, 0.04877698915852486700, 0.02198919388658240500 ) ) ;
#5230 = LINE ( 'NONE', #4153, #1177 ) ;
#5231 = CARTESIAN_POINT ( 'NONE',  ( -0.2212500000000000000, -0.02678166933744053500, 0.02678166933744051800 ) ) ;
#5232 = ORIENTED_EDGE ( 'NONE', *, *, #2963, .F. ) ;
#5233 = CARTESIAN_POINT ( 'NONE',  ( 0.1318750000000000800, -0.03787500000000003400, 0.01568833867488099800 ) ) ;
#5234 = CARTESIAN_POINT ( 'NONE',  ( 0.1198541168262513000, -0.06050000000000002600, -0.02505992052357225100 ) ) ;
#5235 = FACE_OUTER_BOUND ( 'NONE', #1808, .T. ) ;
#5236 = CARTESIAN_POINT ( 'NONE',  ( -0.2900393700787401400, 0.004079978207374721300, 0.04663436430441983400 ) ) ;
#5237 = LOCAL_TIME ( 15, 52, 34.00000000000000000, #4449 ) ;
#5238 = ORIENTED_EDGE ( 'NONE', *, *, #4115, .F. ) ;
#5239 = CARTESIAN_POINT ( 'NONE',  ( 0.02946109346959418400, -0.04019648675812099300, -0.01664992997496422800 ) ) ;
#5240 = CARTESIAN_POINT ( 'NONE',  ( -0.2551458831737487000, 0.06049999999999999800, 0.02505992052357226100 ) ) ;
#5241 = ORIENTED_EDGE ( 'NONE', *, *, #921, .F. ) ;
#5242 = CARTESIAN_POINT ( 'NONE',  ( -0.2228542165070819500, -0.04277996026178617500, -0.04277996026178614000 ) ) ;
#5243 = CARTESIAN_POINT ( 'NONE',  ( -0.06996119315042483000, 0.02842320836654259300, -0.02842320836654261100 ) ) ;
#5244 = CARTESIAN_POINT ( 'NONE',  ( 0.008874900319169423300, -0.02678166933744052400, -0.02678166933744051400 ) ) ;
#5245 = EDGE_CURVE ( 'NONE', #4846, #417, #942, .T. ) ;
#5246 = CYLINDRICAL_SURFACE ( 'NONE', #1458, 0.006687500000000011100 ) ;
#5247 = CYLINDRICAL_SURFACE ( 'NONE', #1300, 0.1094999999999999600 ) ;
#5248 = CARTESIAN_POINT ( 'NONE',  ( -0.01035421650708190500, 0.04277996026178611900, -0.04277996026178614700 ) ) ;
#5249 = CARTESIAN_POINT ( 'NONE',  ( -0.3275000000000000100, -2.653773680584078900E-017, 0.03787500000000004100 ) ) ;
#5250 = CARTESIAN_POINT ( 'NONE',  ( -0.08327088317374870000, -0.06050000000000002600, 7.409113134841489000E-018 ) ) ;
#5251 = CARTESIAN_POINT ( 'NONE',  ( 0.2100000000000000800, 0.05435833333333334200, 0.0000000000000000000 ) ) ;
#5252 = CARTESIAN_POINT ( 'NONE',  ( -0.2087499999999999900, -0.02678166933744053800, -0.02678166933744051400 ) ) ;
#5253 = CARTESIAN_POINT ( 'NONE',  ( 0.04125000000000007100, -0.02678166933744051800, -0.02678166933744051400 ) ) ;
#5254 = CARTESIAN_POINT ( 'NONE',  ( 0.04172911682625129300, 0.06050000000000001900, 0.0000000000000000000 ) ) ;
#5255 = CARTESIAN_POINT ( 'NONE',  ( 0.2575000000000000600, -0.04382463436946103900, 0.03068633934478099200 ) ) ;
#5256 = CARTESIAN_POINT ( 'NONE',  ( 0.007586093469594230200, 0.02842320836654261100, 0.02842320836654260700 ) ) ;
#5257 = CARTESIAN_POINT ( 'NONE',  ( -0.1770208831737487300, -0.04277996026178616100, -0.04277996026178614000 ) ) ;
#5258 = CARTESIAN_POINT ( 'NONE',  ( -0.1699611931504248500, 0.02842320836654258600, -0.02842320836654261100 ) ) ;
#5259 = CARTESIAN_POINT ( 'NONE',  ( 0.1869999003191694100, 0.01568833867488100800, 0.03787500000000004800 ) ) ;
#5260 = DIRECTION ( 'NONE',  ( 1.000000000000000000, 8.503269937333647000E-017, -0.0000000000000000000 ) ) ;
#5261 = CARTESIAN_POINT ( 'NONE',  ( 0.2300388068495751700, 0.02842320836654262100, -0.02842320836654261100 ) ) ;
#5262 = EDGE_CURVE ( 'NONE', #1347, #4381, #4197, .T. ) ;
#5263 = CARTESIAN_POINT ( 'NONE',  ( 0.2897239354300747400, -0.007623633744576814600, -0.05248446169495252200 ) ) ;
#5264 = CARTESIAN_POINT ( 'NONE',  ( -0.05722921650708193100, 0.06049999999999998400, -0.02505992052357230000 ) ) ;
#5265 = CARTESIAN_POINT ( 'NONE',  ( 0.2828870152437290000, -0.02549365074506723300, -0.03241650481046945400 ) ) ;
#5266 = CARTESIAN_POINT ( 'NONE',  ( 0.2874553266340769100, 0.01064171080908288800, -0.04792522506905766400 ) ) ;
#5267 = VERTEX_POINT ( 'NONE', #398 ) ;
#5268 = DIRECTION ( 'NONE',  ( -1.000000000000000000, -9.237637493568399400E-017, 0.0000000000000000000 ) ) ;
#5269 = CARTESIAN_POINT ( 'NONE',  ( -0.2024999999999999600, -2.518534888771494100E-017, -0.03787500000000004100 ) ) ;
#5270 = VERTEX_POINT ( 'NONE', #4548 ) ;
#5271 = CARTESIAN_POINT ( 'NONE',  ( 0.05110411682625131500, 0.02505992052357226500, 0.06050000000000001900 ) ) ;
#5272 = CARTESIAN_POINT ( 'NONE',  ( 0.1068750000000000700, 0.03787500000000004800, -0.01568833867488101900 ) ) ;
#5273 = CARTESIAN_POINT ( 'NONE',  ( 0.01672911682625128800, -0.06050000000000001900, 7.409113134841489000E-018 ) ) ;
#5274 = CARTESIAN_POINT ( 'NONE',  ( -0.1603542165070819500, 0.04277996026178611200, -0.04277996026178614700 ) ) ;
#5275 = EDGE_CURVE ( 'NONE', #799, #4205, #1627, .T. ) ;
#5276 = CARTESIAN_POINT ( 'NONE',  ( -0.03303890653040583700, -0.01664992997496424200, 0.04019648675812098600 ) ) ;
#5277 = CARTESIAN_POINT ( 'NONE',  ( -0.2238958831737487000, -0.02505992052357231000, -0.06049999999999999800 ) ) ;
#5278 = CARTESIAN_POINT ( 'NONE',  ( -0.09889588317374872800, 0.02505992052357225400, 0.06050000000000001900 ) ) ;
#5279 = CARTESIAN_POINT ( 'NONE',  ( -0.1199611931504248500, 0.02842320836654259000, -0.02842320836654261100 ) ) ;
#5280 = CARTESIAN_POINT ( 'NONE',  ( -0.1012111931504248400, -7.153638655070075800E-018, 0.04019648675812097900 ) ) ;
#5281 = ORIENTED_EDGE ( 'NONE', *, *, #3778, .T. ) ;
#5282 = CARTESIAN_POINT ( 'NONE',  ( 0.1651249003191694300, 6.074788743277777200E-018, -0.03787500000000004100 ) ) ;
#5283 = CARTESIAN_POINT ( 'NONE',  ( 0.2900000000000000400, -0.04877698915852488000, 0.02198919388658240900 ) ) ;
#5284 = CARTESIAN_POINT ( 'NONE',  ( 0.2900000000000000400, -0.04382463436946106000, -0.03068633934478102000 ) ) ;
#5285 = CARTESIAN_POINT ( 'NONE',  ( 0.1675388068495751700, -0.02842320836654259300, -0.02842320836654260400 ) ) ;
#5286 = VERTEX_POINT ( 'NONE', #2482 ) ;
#5287 = CARTESIAN_POINT ( 'NONE',  ( -0.2322292165070819500, -0.06050000000000003300, 0.02505992052357226100 ) ) ;
#5288 = CARTESIAN_POINT ( 'NONE',  ( 0.2875870966744299400, -0.01058988896877032700, 0.04817044464812166700 ) ) ;
#5289 = CARTESIAN_POINT ( 'NONE',  ( 0.2828809142074064600, 0.04081303058062544400, -0.005849029813764493700 ) ) ;
#5290 = CARTESIAN_POINT ( 'NONE',  ( -0.3118750000000000100, -0.03787500000000006800, -0.01568833867488098400 ) ) ;
#5291 = CARTESIAN_POINT ( 'NONE',  ( -0.2899999999999999200, -0.03784148276514778100, -0.01102333708821978500 ) ) ;
#5292 = CARTESIAN_POINT ( 'NONE',  ( 0.07297911682625134200, -0.04277996026178614000, -0.04277996026178614000 ) ) ;
#5293 = AXIS2_PLACEMENT_3D ( 'NONE', #3318, #853, #44 ) ;
#5294 = CARTESIAN_POINT ( 'NONE',  ( -0.004913906530405773100, 0.02842320836654260400, -0.02842320836654261800 ) ) ;
#5295 = CARTESIAN_POINT ( 'NONE',  ( -0.1176458831737486900, 0.02505992052357226500, -0.06050000000000000500 ) ) ;
#5296 = CARTESIAN_POINT ( 'NONE',  ( -0.2759792165070819600, -0.06050000000000006100, -0.02505992052357224400 ) ) ;
#5297 = CARTESIAN_POINT ( 'NONE',  ( -0.2105861931504248400, 0.04019648675812095800, 0.01664992997496423500 ) ) ;
#5298 = CARTESIAN_POINT ( 'NONE',  ( 0.09566380684957522000, 0.01664992997496424200, 0.04019648675812097900 ) ) ;
#5299 = CARTESIAN_POINT ( 'NONE',  ( -0.2399999999999999600, 0.03787500000000002000, 0.0000000000000000000 ) ) ;
#5300 = CARTESIAN_POINT ( 'NONE',  ( 0.1744999003191694500, 0.03787500000000004800, -0.01568833867488101500 ) ) ;
#5301 = CYLINDRICAL_SURFACE ( 'NONE', #1059, 0.06050000000000002600 ) ;
#5302 = CARTESIAN_POINT ( 'NONE',  ( 0.2900000000000000400, 9.715098770946713200E-018, 0.0000000000000000000 ) ) ;
#5303 = CARTESIAN_POINT ( 'NONE',  ( 0.2575000000000000600, 0.0000000000000000000, 0.0000000000000000000 ) ) ;
#5304 = VERTEX_POINT ( 'NONE', #2443 ) ;
#5305 = CARTESIAN_POINT ( 'NONE',  ( -0.01371119315042485100, 0.04019648675812097900, 0.0000000000000000000 ) ) ;
#5306 = AXIS2_PLACEMENT_3D ( 'NONE', #4903, #2841, #3734 ) ;
#5307 = CARTESIAN_POINT ( 'NONE',  ( 0.07378880684957517300, -2.118216033796552500E-018, -0.04019648675812097900 ) ) ;
#5308 = ORIENTED_EDGE ( 'NONE', *, *, #4622, .F. ) ;
#5309 = CARTESIAN_POINT ( 'NONE',  ( -0.1197292165070819600, -0.02505992052357230000, -0.06049999999999999100 ) ) ;
#5310 = CARTESIAN_POINT ( 'NONE',  ( 0.2549553266340770000, 0.03618360698734961200, 0.03317860443492220300 ) ) ;
#5311 = ORIENTED_EDGE ( 'NONE', *, *, #858, .T. ) ;
#5312 = LINE ( 'NONE', #2227, #1774 ) ;
#5313 = CARTESIAN_POINT ( 'NONE',  ( 0.2549553266340768800, 0.04682531779643218200, 0.01474662063413559500 ) ) ;
#5314 = CIRCLE ( 'NONE', #4684, 0.05349999999999999900 ) ;
#5315 = ORIENTED_EDGE ( 'NONE', *, *, #1354, .T. ) ;
#5316 = CARTESIAN_POINT ( 'NONE',  ( 0.1857110934695941900, -0.01664992997496424600, -0.04019648675812097900 ) ) ;
#5317 = CARTESIAN_POINT ( 'NONE',  ( 0.2874553266340769100, 0.03618360698734930000, 0.03317860443492207800 ) ) ;
#5318 = CARTESIAN_POINT ( 'NONE',  ( -0.02077088317374868900, -1.388857660385269900E-017, -0.06050000000000001900 ) ) ;
#5319 = CARTESIAN_POINT ( 'NONE',  ( -0.04553890653040580000, 0.04019648675812097900, 0.01664992997496424200 ) ) ;
#5320 = CARTESIAN_POINT ( 'NONE',  ( -0.2051458831737487100, 0.06049999999999999800, 0.02505992052357226100 ) ) ;
#5321 = CARTESIAN_POINT ( 'NONE',  ( -0.2947292165070819500, 0.02505992052357224400, 0.06050000000000000500 ) ) ;
#5322 = CARTESIAN_POINT ( 'NONE',  ( -0.02308619315042484100, 0.01664992997496424200, -0.04019648675812097200 ) ) ;
#5323 = CARTESIAN_POINT ( 'NONE',  ( 0.06441380684957515000, -0.04019648675812097900, -0.01664992997496422500 ) ) ;
#5324 = CARTESIAN_POINT ( 'NONE',  ( 0.1494999003191694600, -0.03787500000000004100, 0.01568833867488099800 ) ) ;
#5325 = ORIENTED_EDGE ( 'NONE', *, *, #2700, .F. ) ;
#5326 = EDGE_CURVE ( 'NONE', #3760, #1028, #3625, .T. ) ;
#5327 = CARTESIAN_POINT ( 'NONE',  ( -0.09160421650708192000, -5.093499873114378800E-018, 0.06050000000000001900 ) ) ;
#5328 = DIRECTION ( 'NONE',  ( 0.0000000000000000000, 1.000000000000000000, 0.0000000000000000000 ) ) ;
#5329 = CARTESIAN_POINT ( 'NONE',  ( -0.2806250000000000100, 0.01568833867488097000, 0.03787500000000004800 ) ) ;
#5330 = DIRECTION ( 'NONE',  ( 1.000000000000000000, 9.237637493568399400E-017, -0.0000000000000000000 ) ) ;
#5331 = CARTESIAN_POINT ( 'NONE',  ( 0.2549553266340769400, -0.04682531779643221700, -0.01474662063413560900 ) ) ;
#5332 = CARTESIAN_POINT ( 'NONE',  ( -0.08847921650708193100, -0.02505992052357226100, 0.06050000000000000500 ) ) ;
#5333 = DIRECTION ( 'NONE',  ( 0.0000000000000000000, 1.000000000000000000, 0.0000000000000000000 ) ) ;
#5334 = CARTESIAN_POINT ( 'NONE',  ( 0.2503870134186503300, 0.01532669519452699300, 0.03828639677933254300 ) ) ;
#5335 = DIRECTION ( 'NONE',  ( 9.237637493568399400E-017, -1.000000000000000000, 0.0000000000000000000 ) ) ;
#5336 = EDGE_CURVE ( 'NONE', #2016, #842, #1346, .T. ) ;
#5337 = CARTESIAN_POINT ( 'NONE',  ( -0.2524999999999999500, -2.943698385638176800E-017, -0.03787500000000004100 ) ) ;
#5338 = CARTESIAN_POINT ( 'NONE',  ( 0.05422911682625129700, 7.307102118830516200E-018, 0.06050000000000001900 ) ) ;
#5339 = CARTESIAN_POINT ( 'NONE',  ( -0.01741390653040577500, -0.02842320836654261800, -0.02842320836654260700 ) ) ;
#5340 = CARTESIAN_POINT ( 'NONE',  ( 0.03941380684957514900, 0.04019648675812098600, 0.01664992997496423500 ) ) ;
#5341 = CARTESIAN_POINT ( 'NONE',  ( -0.07621119315042483600, -1.487312093979702500E-017, -0.04019648675812097900 ) ) ;
#5342 = CARTESIAN_POINT ( 'NONE',  ( 0.1362888068495752000, 0.04019648675812098600, 0.0000000000000000000 ) ) ;
#5343 = CARTESIAN_POINT ( 'NONE',  ( 0.2900000000000000400, 9.715098770946713200E-018, 0.0000000000000000000 ) ) ;
#5344 = AXIS2_PLACEMENT_3D ( 'NONE', #2801, #1950, #1126 ) ;
#5345 = CARTESIAN_POINT ( 'NONE',  ( 0.2874553266340769700, -0.04682531779643221700, 0.01474662063413560900 ) ) ;
#5346 = DIRECTION ( 'NONE',  ( 0.0000000000000000000, 1.000000000000000000, 0.0000000000000000000 ) ) ;
#5347 = CARTESIAN_POINT ( 'NONE',  ( -0.2837500000000000000, 0.02678166933744049300, 0.02678166933744051400 ) ) ;
#5348 = EDGE_LOOP ( 'NONE', ( #3948, #5092, #4184, #5024 ) ) ;
#5349 = CARTESIAN_POINT ( 'NONE',  ( 0.1081638068495752000, -0.04019648675812097200, 0.01664992997496424200 ) ) ;
#5350 = CARTESIAN_POINT ( 'NONE',  ( -0.1103542165070819400, 0.04277996026178610600, -0.04277996026178614000 ) ) ;
#5351 = CARTESIAN_POINT ( 'NONE',  ( 0.2875215013865404200, -0.01061755827469290800, 0.04804799777751857900 ) ) ;
#5352 = ORIENTED_EDGE ( 'NONE', *, *, #1792, .T. ) ;
#5353 = CARTESIAN_POINT ( 'NONE',  ( 0.2847948781127370700, 0.04319104999676197400, -0.01088105698060848000 ) ) ;
ENDSEC;
END-ISO-10303-21;
