ISO-10303-21;
HEADER;
FILE_DESCRIPTION (( 'STEP AP214' ),
    '1' );
FILE_NAME ('IEC-C4-3pins.STEP',
    '2024-08-07T17:55:41',
    ( '' ),
    ( '' ),
    'SwSTEP 2.0',
    '',
    '' );
FILE_SCHEMA (( 'AUTOMOTIVE_DESIGN' ));
ENDSEC;

DATA;
#1 = LINE ( 'NONE', #845, #3251 ) ;
#2 = LINE ( 'NONE', #3565, #1020 ) ;
#3 = AXIS2_PLACEMENT_3D ( 'NONE', #731, #77, #3080 ) ;
#4 = EDGE_CURVE ( 'NONE', #2667, #3215, #2425, .T. ) ;
#5 = VECTOR ( 'NONE', #2207, 1000.000000000000000 ) ;
#6 = CARTESIAN_POINT ( 'NONE',  ( -5.884232728006463908, -0.8999999999999958034, -24.89999999999999858 ) ) ;
#7 = DIRECTION ( 'NONE',  ( 1.000000000000000000, -0.000000000000000000, -0.000000000000000000 ) ) ;
#8 = ADVANCED_FACE ( 'NONE', ( #3254 ), #2613, .T. ) ;
#9 = EDGE_CURVE ( 'NONE', #90, #402, #476, .T. ) ;
#10 = VECTOR ( 'NONE', #1058, 1000.000000000000114 ) ;
#11 = AXIS2_PLACEMENT_3D ( 'NONE', #1850, #2159, #1218 ) ;
#12 = ORIENTED_EDGE ( 'NONE', *, *, #1232, .T. ) ;
#13 = DIRECTION ( 'NONE',  ( -0.000000000000000000, -0.000000000000000000, 1.000000000000000000 ) ) ;
#14 = FACE_OUTER_BOUND ( 'NONE', #2564, .T. ) ;
#15 = VERTEX_POINT ( 'NONE', #2892 ) ;
#16 = MANIFOLD_SOLID_BREP ( 'Chamfer5', #570 ) ;
#17 = ORIENTED_EDGE ( 'NONE', *, *, #2024, .F. ) ;
#18 = VECTOR ( 'NONE', #2671, 1000.000000000000000 ) ;
#19 = DIRECTION ( 'NONE',  ( 1.000000000000000000, 0.000000000000000000, 0.000000000000000000 ) ) ;
#20 = DIRECTION ( 'NONE',  ( 0.000000000000000000, 0.000000000000000000, -1.000000000000000000 ) ) ;
#21 = ORIENTED_EDGE ( 'NONE', *, *, #298, .F. ) ;
#22 = VECTOR ( 'NONE', #2118, 1000.000000000000000 ) ;
#23 = ORIENTED_EDGE ( 'NONE', *, *, #3289, .F. ) ;
#24 = FACE_OUTER_BOUND ( 'NONE', #1208, .T. ) ;
#25 = DIRECTION ( 'NONE',  ( -1.000000000000000000, 0.000000000000000000, 0.000000000000000000 ) ) ;
#26 = DIRECTION ( 'NONE',  ( 0.000000000000000000, 0.000000000000000000, -1.000000000000000000 ) ) ;
#27 = DIRECTION ( 'NONE',  ( 0.000000000000000000, 0.000000000000000000, -1.000000000000000000 ) ) ;
#28 = LINE ( 'NONE', #267, #2970 ) ;
#29 = DIRECTION ( 'NONE',  ( 1.000000000000000000, 0.000000000000000000, -0.000000000000000000 ) ) ;
#30 = VERTEX_POINT ( 'NONE', #3183 ) ;
#31 = EDGE_CURVE ( 'NONE', #1137, #3793, #2879, .T. ) ;
#32 = CIRCLE ( 'NONE', #1663, 1.750000000000001554 ) ;
#33 = EDGE_CURVE ( 'NONE', #615, #3413, #722, .T. ) ;
#34 = VERTEX_POINT ( 'NONE', #781 ) ;
#35 = DIRECTION ( 'NONE',  ( 1.000000000000000000, 0.000000000000000000, 0.000000000000000000 ) ) ;
#36 = ORIENTED_EDGE ( 'NONE', *, *, #934, .F. ) ;
#37 = CARTESIAN_POINT ( 'NONE',  ( -1.350000000000007416, -1.299999999999990496, -15.00000000000000000 ) ) ;
#38 = LINE ( 'NONE', #930, #3104 ) ;
#39 = LINE ( 'NONE', #3039, #3049 ) ;
#40 = ORIENTED_EDGE ( 'NONE', *, *, #1638, .T. ) ;
#41 = DIRECTION ( 'NONE',  ( 1.000000000000000000, 0.000000000000000000, 0.000000000000000000 ) ) ;
#42 = DIRECTION ( 'NONE',  ( 0.000000000000000000, -0.5000000000000014433, -0.8660254037844378194 ) ) ;
#43 = CARTESIAN_POINT ( 'NONE',  ( 0.9499999999999959588, 1.900000000000011013, -0.6999999999999992895 ) ) ;
#44 = VECTOR ( 'NONE', #3400, 1000.000000000000000 ) ;
#45 = CARTESIAN_POINT ( 'NONE',  ( -0.000000000000000000, 9.500000000000000000, -15.00000000000000000 ) ) ;
#46 = ORIENTED_EDGE ( 'NONE', *, *, #473, .T. ) ;
#47 = PLANE ( 'NONE',  #3603 ) ;
#48 = VERTEX_POINT ( 'NONE', #2523 ) ;
#49 = DIRECTION ( 'NONE',  ( 0.000000000000000000, 0.000000000000000000, 1.000000000000000000 ) ) ;
#50 = ORIENTED_EDGE ( 'NONE', *, *, #3142, .T. ) ;
#51 = VERTEX_POINT ( 'NONE', #144 ) ;
#52 = ORIENTED_EDGE ( 'NONE', *, *, #1349, .F. ) ;
#53 = CARTESIAN_POINT ( 'NONE',  ( 25.00000000000000355, 0.000000000000000000, -3.000000000000000000 ) ) ;
#54 = ORIENTED_EDGE ( 'NONE', *, *, #1927, .F. ) ;
#55 = EDGE_CURVE ( 'NONE', #615, #505, #1984, .T. ) ;
#56 = MANIFOLD_SOLID_BREP ( 'Chamfer3', #3473 ) ;
#57 = CARTESIAN_POINT ( 'NONE',  ( 7.784232728006455382, -4.399999999999997691, -19.00000000000000000 ) ) ;
#58 = FACE_BOUND ( 'NONE', #2936, .T. ) ;
#59 = DIRECTION ( 'NONE',  ( 0.000000000000000000, 0.000000000000000000, -1.000000000000000000 ) ) ;
#60 = EDGE_CURVE ( 'NONE', #791, #269, #2579, .T. ) ;
#61 = EDGE_CURVE ( 'NONE', #3294, #523, #1572, .T. ) ;
#62 = PLANE ( 'NONE',  #3352 ) ;
#63 = LINE ( 'NONE', #3382, #1296 ) ;
#64 = ORIENTED_EDGE ( 'NONE', *, *, #2507, .T. ) ;
#65 =( LENGTH_UNIT ( ) NAMED_UNIT ( * ) SI_UNIT ( .MILLI., .METRE. ) );
#66 = CLOSED_SHELL ( 'NONE', ( #3722, #1480, #8, #2756, #3843, #2393, #1204, #734, #1184, #1087, #2979, #545 ) ) ;
#67 = ADVANCED_BREP_SHAPE_REPRESENTATION ( 'IEC-C4-3pins', ( #2617, #16, #3910, #56, #1931 ), #1988 ) ;
#68 = DIRECTION ( 'NONE',  ( 3.833536069632910861E-16, -1.000000000000000000, 0.000000000000000000 ) ) ;
#69 = AXIS2_PLACEMENT_3D ( 'NONE', #3412, #2819, #3447 ) ;
#70 = DIRECTION ( 'NONE',  ( 0.000000000000000000, -1.000000000000000000, 0.000000000000000000 ) ) ;
#71 = FACE_OUTER_BOUND ( 'NONE', #1489, .T. ) ;
#72 = ORIENTED_EDGE ( 'NONE', *, *, #1391, .T. ) ;
#73 = VECTOR ( 'NONE', #3489, 1000.000000000000000 ) ;
#74 = CARTESIAN_POINT ( 'NONE',  ( -5.884232728006463908, -0.3999999999999958589, -19.00000000000000000 ) ) ;
#75 = ORIENTED_EDGE ( 'NONE', *, *, #1738, .T. ) ;
#76 = AXIS2_PLACEMENT_3D ( 'NONE', #3639, #1869, #3692 ) ;
#77 = DIRECTION ( 'NONE',  ( 1.000000000000000000, -0.000000000000000000, -0.000000000000000000 ) ) ;
#78 = ORIENTED_EDGE ( 'NONE', *, *, #911, .T. ) ;
#79 = FACE_OUTER_BOUND ( 'NONE', #664, .T. ) ;
#80 = DIRECTION ( 'NONE',  ( -1.000000000000000000, 0.000000000000000000, 0.000000000000000000 ) ) ;
#81 = AXIS2_PLACEMENT_3D ( 'NONE', #3345, #3585, #2052 ) ;
#82 = STYLED_ITEM ( 'NONE', ( #2823 ), #2513 ) ;
#83 = ADVANCED_FACE ( 'NONE', ( #1673 ), #2303, .F. ) ;
#84 = ADVANCED_FACE ( 'NONE', ( #221 ), #3560, .F. ) ;
#85 = CARTESIAN_POINT ( 'NONE',  ( 5.884232728006456803, -0.3999999999999975797, -3.298076211353310416 ) ) ;
#86 = ORIENTED_EDGE ( 'NONE', *, *, #1183, .T. ) ;
#87 = AXIS2_PLACEMENT_3D ( 'NONE', #1868, #375, #3099 ) ;
#88 = VECTOR ( 'NONE', #792, 1000.000000000000000 ) ;
#89 = CARTESIAN_POINT ( 'NONE',  ( -7.784232728006462487, -2.899999999999992806, -0.6999999999999992895 ) ) ;
#90 = VERTEX_POINT ( 'NONE', #2439 ) ;
#91 =( NAMED_UNIT ( * ) PLANE_ANGLE_UNIT ( ) SI_UNIT ( $, .RADIAN. ) );
#92 = LINE ( 'NONE', #3703, #2835 ) ;
#93 = ORIENTED_EDGE ( 'NONE', *, *, #3101, .T. ) ;
#94 = CARTESIAN_POINT ( 'NONE',  ( -21.75000000000000711, 0.000000000000000000, -3.000000000000000000 ) ) ;
#95 = VERTEX_POINT ( 'NONE', #37 ) ;
#96 = VECTOR ( 'NONE', #3422, 1000.000000000000000 ) ;
#97 = CARTESIAN_POINT ( 'NONE',  ( 0.000000000000000000, -0.3999999999999975797, -3.298076211353310416 ) ) ;
#98 = VERTEX_POINT ( 'NONE', #628 ) ;
#99 = DIRECTION ( 'NONE',  ( -0.8829475928589280986, -0.4694715627858885854, 0.000000000000000000 ) ) ;
#100 = CARTESIAN_POINT ( 'NONE',  ( -22.34735781392944887, 4.414737964294641159, 0.000000000000000000 ) ) ;
#101 = AXIS2_PLACEMENT_3D ( 'NONE', #600, #3280, #1798 ) ;
#102 = ORIENTED_EDGE ( 'NONE', *, *, #490, .F. ) ;
#103 = DIRECTION ( 'NONE',  ( 0.000000000000000000, 0.000000000000000000, 1.000000000000000000 ) ) ;
#104 = LINE ( 'NONE', #43, #2278 ) ;
#105 = EDGE_CURVE ( 'NONE', #981, #2868, #3647, .T. ) ;
#106 = DIRECTION ( 'NONE',  ( -1.000000000000000000, 0.000000000000000000, -0.000000000000000000 ) ) ;
#107 = CARTESIAN_POINT ( 'NONE',  ( -9.184232728006454849, 0.2999999999999999334, -19.00000000000000000 ) ) ;
#108 = DIRECTION ( 'NONE',  ( 0.000000000000000000, -0.000000000000000000, 1.000000000000000000 ) ) ;
#109 = EDGE_CURVE ( 'NONE', #2799, #1582, #2348, .T. ) ;
#110 = VERTEX_POINT ( 'NONE', #1734 ) ;
#111 = DIRECTION ( 'NONE',  ( 0.000000000000000000, 0.000000000000000000, -1.000000000000000000 ) ) ;
#112 = LINE ( 'NONE', #3243, #165 ) ;
#113 = CYLINDRICAL_SURFACE ( 'NONE', #1972, 0.9999999999999940048 ) ;
#114 = VERTEX_POINT ( 'NONE', #927 ) ;
#115 = DIRECTION ( 'NONE',  ( 0.8829475928589280986, -0.4694715627858885854, 0.000000000000000000 ) ) ;
#116 = CARTESIAN_POINT ( 'NONE',  ( 5.484232728006455559, 0.2999999999999981570, -15.00000000000000000 ) ) ;
#117 = CARTESIAN_POINT ( 'NONE',  ( -7.784232728006462487, -0.3999999999999958589, -24.39999999999999858 ) ) ;
#118 = CARTESIAN_POINT ( 'NONE',  ( -5.884232728006463908, -4.399999999999995914, -19.00000000000000000 ) ) ;
#119 =( NAMED_UNIT ( * ) PLANE_ANGLE_UNIT ( ) SI_UNIT ( $, .RADIAN. ) );
#120 = CARTESIAN_POINT ( 'NONE',  ( -20.00000000000000355, 0.000000000000000000, 0.000000000000000000 ) ) ;
#121 = EDGE_LOOP ( 'NONE', ( #170, #3012, #1580, #967, #1129, #3487, #2878, #3896 ) ) ;
#122 = PRESENTATION_STYLE_ASSIGNMENT (( #3164 ) ) ;
#123 = DIRECTION ( 'NONE',  ( -1.000000000000000000, 0.000000000000000000, -0.000000000000000000 ) ) ;
#124 = ADVANCED_FACE ( 'NONE', ( #3852 ), #3513, .T. ) ;
#125 = CARTESIAN_POINT ( 'NONE',  ( 1.350000000000000533, -1.299999999999992051, -19.00000000000000000 ) ) ;
#126 = EDGE_LOOP ( 'NONE', ( #1246, #381, #918, #1534 ) ) ;
#127 = CIRCLE ( 'NONE', #1943, 0.9999999999999940048 ) ;
#128 = CARTESIAN_POINT ( 'NONE',  ( -9.184232728006454849, 0.2999999999999999334, -15.00000000000000000 ) ) ;
#129 = EDGE_CURVE ( 'NONE', #1771, #3058, #2585, .T. ) ;
#130 = EDGE_CURVE ( 'NONE', #1871, #538, #243, .T. ) ;
#131 = LINE ( 'NONE', #3764, #776 ) ;
#132 = AXIS2_PLACEMENT_3D ( 'NONE', #889, #2095, #3309 ) ;
#133 = ORIENTED_EDGE ( 'NONE', *, *, #3387, .F. ) ;
#134 = VECTOR ( 'NONE', #3860, 1000.000000000000000 ) ;
#135 = LINE ( 'NONE', #1015, #2899 ) ;
#136 = CARTESIAN_POINT ( 'NONE',  ( 1.350000000000000533, -1.299999999999995604, -15.00000000000000000 ) ) ;
#137 = FACE_OUTER_BOUND ( 'NONE', #2156, .T. ) ;
#138 = EDGE_LOOP ( 'NONE', ( #2237, #1023, #1649, #1725 ) ) ;
#139 = VECTOR ( 'NONE', #3314, 1000.000000000000000 ) ;
#140 = AXIS2_PLACEMENT_3D ( 'NONE', #1808, #1276, #3331 ) ;
#141 = DIRECTION ( 'NONE',  ( 0.000000000000000000, -1.000000000000000000, 0.000000000000000000 ) ) ;
#142 = DIRECTION ( 'NONE',  ( -1.000000000000000000, 0.000000000000000000, 0.000000000000000000 ) ) ;
#143 = CIRCLE ( 'NONE', #1583, 1.000000000000000888 ) ;
#144 = CARTESIAN_POINT ( 'NONE',  ( 0.9499999999999959588, 1.900000000000011013, -0.6999999999999992895 ) ) ;
#145 = ORIENTED_EDGE ( 'NONE', *, *, #2630, .F. ) ;
#146 = FACE_OUTER_BOUND ( 'NONE', #1295, .T. ) ;
#147 = CARTESIAN_POINT ( 'NONE',  ( 5.884232728006456803, -0.3999999999999975797, -12.49999999999999822 ) ) ;
#148 = VECTOR ( 'NONE', #561, 1000.000000000000000 ) ;
#149 = UNCERTAINTY_MEASURE_WITH_UNIT (LENGTH_MEASURE( 1.000000000000000082E-05 ), #2225, 'distance_accuracy_value', 'NONE');
#150 = ORIENTED_EDGE ( 'NONE', *, *, #3053, .F. ) ;
#151 = VECTOR ( 'NONE', #693, 1000.000000000000000 ) ;
#152 = CARTESIAN_POINT ( 'NONE',  ( 9.184232728006454849, 0.2999999999999981570, -15.00000000000000000 ) ) ;
#153 = PLANE ( 'NONE',  #2037 ) ;
#154 = EDGE_CURVE ( 'NONE', #2033, #2775, #697, .T. ) ;
#155 = EDGE_CURVE ( 'NONE', #1775, #3494, #516, .T. ) ;
#156 = CARTESIAN_POINT ( 'NONE',  ( -5.884232728006463908, -0.3999999999999958589, -19.00000000000000000 ) ) ;
#157 = EDGE_LOOP ( 'NONE', ( #2674, #657, #1383, #2710, #626 ) ) ;
#158 = DIRECTION ( 'NONE',  ( 0.000000000000000000, 0.000000000000000000, -1.000000000000000000 ) ) ;
#159 = AXIS2_PLACEMENT_3D ( 'NONE', #2112, #2733, #1581 ) ;
#160 = EDGE_CURVE ( 'NONE', #493, #3696, #878, .T. ) ;
#161 = AXIS2_PLACEMENT_3D ( 'NONE', #680, #1297, #27 ) ;
#162 = DIRECTION ( 'NONE',  ( -0.8829475928589280986, -0.4694715627858885854, 0.000000000000000000 ) ) ;
#163 = FILL_AREA_STYLE ('',( #2877 ) ) ;
#164 = ORIENTED_EDGE ( 'NONE', *, *, #546, .T. ) ;
#165 = VECTOR ( 'NONE', #3202, 1000.000000000000000 ) ;
#166 = VERTEX_POINT ( 'NONE', #559 ) ;
#167 = ORIENTED_EDGE ( 'NONE', *, *, #3365, .T. ) ;
#168 = LINE ( 'NONE', #2843, #2331 ) ;
#169 = DIRECTION ( 'NONE',  ( -1.000000000000000000, 0.000000000000000000, 0.000000000000000000 ) ) ;
#170 = ORIENTED_EDGE ( 'NONE', *, *, #3634, .T. ) ;
#171 = ORIENTED_EDGE ( 'NONE', *, *, #3240, .F. ) ;
#172 = EDGE_LOOP ( 'NONE', ( #1449, #3134, #2764, #897 ) ) ;
#173 = EDGE_CURVE ( 'NONE', #859, #1346, #1892, .T. ) ;
#174 = CARTESIAN_POINT ( 'NONE',  ( 0.000000000000000000, -0.3999999999999958589, -3.298076211353310416 ) ) ;
#175 = VERTEX_POINT ( 'NONE', #3834 ) ;
#176 = DIRECTION ( 'NONE',  ( 1.000000000000000000, -0.000000000000000000, -0.000000000000000000 ) ) ;
#177 = EDGE_CURVE ( 'NONE', #3893, #1417, #1117, .T. ) ;
#178 = ORIENTED_EDGE ( 'NONE', *, *, #2366, .T. ) ;
#179 = ORIENTED_EDGE ( 'NONE', *, *, #3898, .T. ) ;
#180 =( NAMED_UNIT ( * ) SI_UNIT ( $, .STERADIAN. ) SOLID_ANGLE_UNIT ( ) );
#181 = CARTESIAN_POINT ( 'NONE',  ( -5.884232728006463908, -4.399999999999996803, -3.298076211353312193 ) ) ;
#182 = DIRECTION ( 'NONE',  ( -0.000000000000000000, -0.000000000000000000, 1.000000000000000000 ) ) ;
#183 = CARTESIAN_POINT ( 'NONE',  ( -5.884232728006463908, -2.399999999999998135, -23.35999999999999943 ) ) ;
#184 = ORIENTED_EDGE ( 'NONE', *, *, #3123, .F. ) ;
#185 = SURFACE_STYLE_FILL_AREA ( #2272 ) ;
#186 = ORIENTED_EDGE ( 'NONE', *, *, #1228, .T. ) ;
#187 = VECTOR ( 'NONE', #3328, 1000.000000000000000 ) ;
#188 = ORIENTED_EDGE ( 'NONE', *, *, #2093, .F. ) ;
#189 = CARTESIAN_POINT ( 'NONE',  ( 25.00000000000000355, 0.000000000000000000, 0.000000000000000000 ) ) ;
#190 = EDGE_LOOP ( 'NONE', ( #2130, #595, #910, #3230 ) ) ;
#191 = AXIS2_PLACEMENT_3D ( 'NONE', #527, #773, #2554 ) ;
#192 = DIRECTION ( 'NONE',  ( 0.000000000000000000, 0.000000000000000000, -1.000000000000000000 ) ) ;
#193 = EDGE_LOOP ( 'NONE', ( #3917, #1796, #1268, #3780 ) ) ;
#194 = VECTOR ( 'NONE', #1897, 1000.000000000000000 ) ;
#195 = CARTESIAN_POINT ( 'NONE',  ( -25.00000000000000355, 2.400000000000007017, -21.35999999999999588 ) ) ;
#196 = CARTESIAN_POINT ( 'NONE',  ( -9.962281222137846726, 11.00000000000000178, 1.500000000000000000 ) ) ;
#197 = AXIS2_PLACEMENT_3D ( 'NONE', #1315, #641, #3659 ) ;
#198 = ORIENTED_EDGE ( 'NONE', *, *, #886, .T. ) ;
#199 = VECTOR ( 'NONE', #3535, 1000.000000000000000 ) ;
#200 = EDGE_CURVE ( 'NONE', #3270, #1212, #2962, .T. ) ;
#201 = EDGE_CURVE ( 'NONE', #2633, #3879, #3880, .T. ) ;
#202 = VECTOR ( 'NONE', #3296, 1000.000000000000000 ) ;
#203 = DIRECTION ( 'NONE',  ( 1.000000000000000000, -0.000000000000000000, -0.000000000000000000 ) ) ;
#204 = FACE_OUTER_BOUND ( 'NONE', #818, .T. ) ;
#205 = FACE_OUTER_BOUND ( 'NONE', #190, .T. ) ;
#206 = VECTOR ( 'NONE', #674, 1000.000000000000000 ) ;
#207 = AXIS2_PLACEMENT_3D ( 'NONE', #2765, #340, #2469 ) ;
#208 = VERTEX_POINT ( 'NONE', #1825 ) ;
#209 = CARTESIAN_POINT ( 'NONE',  ( 8.835786437626923728, 8.835786437626900636, -3.000000000000000000 ) ) ;
#210 = CIRCLE ( 'NONE', #2412, 0.9999999999999940048 ) ;
#211 = CARTESIAN_POINT ( 'NONE',  ( -7.784232728006462487, -0.8999999999999958034, -24.39999999999999858 ) ) ;
#212 = VECTOR ( 'NONE', #3291, 999.9999999999998863 ) ;
#213 = ORIENTED_EDGE ( 'NONE', *, *, #2487, .T. ) ;
#214 = LINE ( 'NONE', #3550, #1970 ) ;
#215 = CARTESIAN_POINT ( 'NONE',  ( 0.000000000000000000, 0.4000000000000080158, -0.6999999999999992895 ) ) ;
#216 = DIRECTION ( 'NONE',  ( -0.000000000000000000, -0.000000000000000000, 1.000000000000000000 ) ) ;
#217 = CARTESIAN_POINT ( 'NONE',  ( 10.50000000000000355, -4.399999999999997691, -12.49999999999999822 ) ) ;
#218 = ORIENTED_EDGE ( 'NONE', *, *, #1712, .T. ) ;
#219 = EDGE_LOOP ( 'NONE', ( #164, #1981, #3872, #3335, #3807, #2322 ) ) ;
#220 = ORIENTED_EDGE ( 'NONE', *, *, #3148, .F. ) ;
#221 = FACE_OUTER_BOUND ( 'NONE', #2883, .T. ) ;
#222 = CARTESIAN_POINT ( 'NONE',  ( -2.349999999999994316, 5.100000000000004086, -15.00000000000000000 ) ) ;
#223 = DIRECTION ( 'NONE',  ( 1.000000000000000000, 0.000000000000000000, 0.000000000000000000 ) ) ;
#224 = CARTESIAN_POINT ( 'NONE',  ( -5.884232728006463908, -0.3999999999999958589, -3.298076211353309972 ) ) ;
#225 = EDGE_CURVE ( 'NONE', #266, #3791, #861, .T. ) ;
#226 = AXIS2_PLACEMENT_3D ( 'NONE', #617, #2691, #900 ) ;
#227 = UNCERTAINTY_MEASURE_WITH_UNIT (LENGTH_MEASURE( 1.000000000000000082E-05 ), #65, 'distance_accuracy_value', 'NONE');
#228 = ORIENTED_EDGE ( 'NONE', *, *, #3433, .F. ) ;
#229 = SURFACE_STYLE_FILL_AREA ( #2930 ) ;
#230 = VERTEX_POINT ( 'NONE', #3037 ) ;
#231 = EDGE_CURVE ( 'NONE', #1582, #1112, #2389, .T. ) ;
#232 = ADVANCED_FACE ( 'NONE', ( #3060, #1250 ), #393, .F. ) ;
#233 = CYLINDRICAL_SURFACE ( 'NONE', #1191, 5.000000000000000888 ) ;
#234 = CARTESIAN_POINT ( 'NONE',  ( 7.775126265847098317, 7.775126265847078777, -12.49999999999999645 ) ) ;
#235 = ORIENTED_EDGE ( 'NONE', *, *, #298, .T. ) ;
#236 = COLOUR_RGB ( '',0.7529411764705882248, 0.7529411764705882248, 0.7529411764705882248 ) ;
#237 = VERTEX_POINT ( 'NONE', #1307 ) ;
#238 = LINE ( 'NONE', #3255, #583 ) ;
#239 = CARTESIAN_POINT ( 'NONE',  ( -7.775126265847098317, 7.775126265847078777, -3.000000000000000000 ) ) ;
#240 = ORIENTED_EDGE ( 'NONE', *, *, #3678, .T. ) ;
#241 = PRODUCT_DEFINITION_FORMATION_WITH_SPECIFIED_SOURCE ( 'ANY', '', #2267, .NOT_KNOWN. ) ;
#242 = ORIENTED_EDGE ( 'NONE', *, *, #993, .F. ) ;
#243 = LINE ( 'NONE', #798, #1371 ) ;
#244 = CARTESIAN_POINT ( 'NONE',  ( 7.784232728006455382, -0.8999999999999975797, -24.89999999999999858 ) ) ;
#245 = FACE_OUTER_BOUND ( 'NONE', #2640, .T. ) ;
#246 = ADVANCED_FACE ( 'NONE', ( #3375 ), #2157, .F. ) ;
#247 = DIRECTION ( 'NONE',  ( 0.000000000000000000, 1.000000000000000000, 0.000000000000000000 ) ) ;
#248 = PLANE ( 'NONE',  #1450 ) ;
#249 = EDGE_CURVE ( 'NONE', #3298, #312, #2497, .T. ) ;
#250 = EDGE_CURVE ( 'NONE', #1112, #1582, #3527, .T. ) ;
#251 = CARTESIAN_POINT ( 'NONE',  ( -0.9500000000000029532, 2.900000000000004796, -0.6999999999999992895 ) ) ;
#252 = DIRECTION ( 'NONE',  ( -1.000000000000000000, 0.000000000000000000, -0.000000000000000000 ) ) ;
#253 = ORIENTED_EDGE ( 'NONE', *, *, #2873, .F. ) ;
#254 = CARTESIAN_POINT ( 'NONE',  ( 0.9499999999999959588, 4.400000000000008349, -12.49999999999999822 ) ) ;
#255 = LINE ( 'NONE', #1809, #1962 ) ;
#256 = ORIENTED_EDGE ( 'NONE', *, *, #3268, .T. ) ;
#257 = AXIS2_PLACEMENT_3D ( 'NONE', #1695, #448, #1679 ) ;
#258 = ORIENTED_EDGE ( 'NONE', *, *, #1795, .F. ) ;
#259 = ORIENTED_EDGE ( 'NONE', *, *, #2561, .T. ) ;
#260 = CARTESIAN_POINT ( 'NONE',  ( 12.50000000000000355, 4.791920087041139685E-15, 1.500000000000000000 ) ) ;
#261 =( GEOMETRIC_REPRESENTATION_CONTEXT ( 3 ) GLOBAL_UNCERTAINTY_ASSIGNED_CONTEXT ( ( #1083 ) ) GLOBAL_UNIT_ASSIGNED_CONTEXT ( ( #2602, #3443, #1930 ) ) REPRESENTATION_CONTEXT ( 'NONE', 'WORKASPACE' ) );
#262 = CARTESIAN_POINT ( 'NONE',  ( -7.784232728006462487, -2.399999999999998135, -22.35999999999999943 ) ) ;
#263 = VECTOR ( 'NONE', #441, 999.9999999999998863 ) ;
#264 = CARTESIAN_POINT ( 'NONE',  ( 0.000000000000000000, 0.000000000000000000, 1.500000000000000000 ) ) ;
#265 = DIRECTION ( 'NONE',  ( 0.000000000000000000, 0.000000000000000000, 1.000000000000000000 ) ) ;
#266 = VERTEX_POINT ( 'NONE', #2831 ) ;
#267 = CARTESIAN_POINT ( 'NONE',  ( -7.775126265847098317, 7.775126265847078777, -12.49999999999999645 ) ) ;
#268 = CARTESIAN_POINT ( 'NONE',  ( -20.00000000000000355, 0.000000000000000000, -3.000000000000000000 ) ) ;
#269 = VERTEX_POINT ( 'NONE', #3666 ) ;
#270 =( GEOMETRIC_REPRESENTATION_CONTEXT ( 3 ) GLOBAL_UNCERTAINTY_ASSIGNED_CONTEXT ( ( #2388 ) ) GLOBAL_UNIT_ASSIGNED_CONTEXT ( ( #1840, #2649, #1488 ) ) REPRESENTATION_CONTEXT ( 'NONE', 'WORKASPACE' ) );
#271 = VECTOR ( 'NONE', #3683, 1000.000000000000000 ) ;
#272 = LINE ( 'NONE', #2417, #2132 ) ;
#273 = FACE_OUTER_BOUND ( 'NONE', #3529, .T. ) ;
#274 = VECTOR ( 'NONE', #778, 999.9999999999998863 ) ;
#275 = EDGE_LOOP ( 'NONE', ( #3811, #2099, #2889, #3346 ) ) ;
#276 = EDGE_CURVE ( 'NONE', #2190, #791, #1290, .T. ) ;
#277 = ADVANCED_FACE ( 'NONE', ( #1558 ), #416, .F. ) ;
#278 = VECTOR ( 'NONE', #733, 1000.000000000000000 ) ;
#279 = ORIENTED_EDGE ( 'NONE', *, *, #1464, .T. ) ;
#280 = CARTESIAN_POINT ( 'NONE',  ( -0.9500000000000029532, 4.400000000000008349, -19.00000000000000000 ) ) ;
#281 = FACE_OUTER_BOUND ( 'NONE', #2598, .T. ) ;
#282 = ORIENTED_EDGE ( 'NONE', *, *, #1682, .T. ) ;
#283 = ADVANCED_FACE ( 'NONE', ( #3135 ), #1935, .T. ) ;
#284 = ORIENTED_EDGE ( 'NONE', *, *, #809, .T. ) ;
#285 = PLANE ( 'NONE',  #3102 ) ;
#286 = CARTESIAN_POINT ( 'NONE',  ( -0.9500000000000029532, 4.400000000000008349, -3.298076211353310416 ) ) ;
#287 = ORIENTED_EDGE ( 'NONE', *, *, #2210, .F. ) ;
#288 = LINE ( 'NONE', #604, #3598 ) ;
#289 = DIRECTION ( 'NONE',  ( -0.7071067811865465735, -0.7071067811865485719, 0.000000000000000000 ) ) ;
#290 = LINE ( 'NONE', #1843, #3845 ) ;
#291 = DIRECTION ( 'NONE',  ( -0.000000000000000000, 0.000000000000000000, 1.000000000000000000 ) ) ;
#292 = ORIENTED_EDGE ( 'NONE', *, *, #33, .F. ) ;
#293 = ORIENTED_EDGE ( 'NONE', *, *, #1318, .F. ) ;
#294 = EDGE_CURVE ( 'NONE', #1095, #981, #127, .T. ) ;
#295 = CARTESIAN_POINT ( 'NONE',  ( 0.9499999999999959588, 0.4000000000000080158, -12.49999999999999822 ) ) ;
#296 = CARTESIAN_POINT ( 'NONE',  ( -6.755428779221936075, 12.70511368984503342, 1.500000000000000000 ) ) ;
#297 = ORIENTED_EDGE ( 'NONE', *, *, #3022, .F. ) ;
#298 = EDGE_CURVE ( 'NONE', #1258, #369, #3747, .T. ) ;
#299 = EDGE_CURVE ( 'NONE', #1149, #1053, #135, .T. ) ;
#300 = LINE ( 'NONE', #1482, #2081 ) ;
#301 = LINE ( 'NONE', #1483, #3380 ) ;
#302 = LINE ( 'NONE', #1454, #18 ) ;
#303 = ORIENTED_EDGE ( 'NONE', *, *, #772, .F. ) ;
#304 = UNCERTAINTY_MEASURE_WITH_UNIT (LENGTH_MEASURE( 1.000000000000000082E-05 ), #1627, 'distance_accuracy_value', 'NONE');
#305 = ORIENTED_EDGE ( 'NONE', *, *, #3745, .F. ) ;
#306 = ORIENTED_EDGE ( 'NONE', *, *, #3000, .F. ) ;
#307 = LINE ( 'NONE', #2390, #134 ) ;
#308 = LINE ( 'NONE', #3907, #2789 ) ;
#309 = APPLICATION_CONTEXT ( 'automotive_design' ) ;
#310 = FACE_OUTER_BOUND ( 'NONE', #1929, .T. ) ;
#311 = CARTESIAN_POINT ( 'NONE',  ( 8.184232728006463731, 0.2999999999999981570, -19.00000000000000000 ) ) ;
#312 = VERTEX_POINT ( 'NONE', #2537 ) ;
#313 = EDGE_LOOP ( 'NONE', ( #1194, #3638, #3766, #1749, #683, #577, #3768, #1170 ) ) ;
#314 = ORIENTED_EDGE ( 'NONE', *, *, #2238, .F. ) ;
#315 = CARTESIAN_POINT ( 'NONE',  ( 6.755428779221936075, -12.70511368984503342, -3.000000000000000000 ) ) ;
#316 = DIRECTION ( 'NONE',  ( 0.7071067811865484609, -0.7071067811865466846, 0.000000000000000000 ) ) ;
#317 = ORIENTED_EDGE ( 'NONE', *, *, #2191, .T. ) ;
#318 = VECTOR ( 'NONE', #1436, 999.9999999999998863 ) ;
#319 = VERTEX_POINT ( 'NONE', #156 ) ;
#320 = CARTESIAN_POINT ( 'NONE',  ( 0.000000000000000000, 0.000000000000000000, 0.000000000000000000 ) ) ;
#321 = LINE ( 'NONE', #846, #588 ) ;
#322 = CIRCLE ( 'NONE', #808, 5.000000000000000888 ) ;
#323 = ADVANCED_FACE ( 'NONE', ( #742 ), #3706, .T. ) ;
#324 = ADVANCED_FACE ( 'NONE', ( #3395 ), #1031, .T. ) ;
#325 = STYLED_ITEM ( 'NONE', ( #496 ), #1106 ) ;
#326 = CARTESIAN_POINT ( 'NONE',  ( -20.00000000000000355, 0.000000000000000000, -3.000000000000000000 ) ) ;
#327 = PLANE ( 'NONE',  #2395 ) ;
#328 = DIRECTION ( 'NONE',  ( 1.000000000000000000, 0.000000000000000000, 0.000000000000000000 ) ) ;
#329 = VECTOR ( 'NONE', #989, 1000.000000000000000 ) ;
#330 = VECTOR ( 'NONE', #162, 1000.000000000000114 ) ;
#331 = DIRECTION ( 'NONE',  ( -3.833536069632910861E-16, -1.000000000000000000, 0.000000000000000000 ) ) ;
#332 = ORIENTED_EDGE ( 'NONE', *, *, #1512, .T. ) ;
#333 = CARTESIAN_POINT ( 'NONE',  ( 20.00000000000000355, 0.000000000000000000, 0.000000000000000000 ) ) ;
#334 = AXIS2_PLACEMENT_3D ( 'NONE', #1165, #3321, #618 ) ;
#335 = DIRECTION ( 'NONE',  ( 1.000000000000000000, 0.000000000000000000, 0.000000000000000000 ) ) ;
#336 = DIRECTION ( 'NONE',  ( 1.000000000000000000, 0.000000000000000000, 0.000000000000000000 ) ) ;
#337 = VECTOR ( 'NONE', #896, 1000.000000000000000 ) ;
#338 = PLANE ( 'NONE',  #2527 ) ;
#339 = CARTESIAN_POINT ( 'NONE',  ( -7.784232728006462487, -2.399999999999998135, -21.35999999999999588 ) ) ;
#340 = DIRECTION ( 'NONE',  ( -0.000000000000000000, -0.000000000000000000, -1.000000000000000000 ) ) ;
#341 = AXIS2_PLACEMENT_3D ( 'NONE', #3156, #2296, #3434 ) ;
#342 = PLANE ( 'NONE',  #940 ) ;
#343 = ORIENTED_EDGE ( 'NONE', *, *, #614, .T. ) ;
#344 = EDGE_CURVE ( 'NONE', #791, #976, #2193, .T. ) ;
#345 = LINE ( 'NONE', #3861, #2337 ) ;
#346 = CONICAL_SURFACE ( 'NONE', #1597, 1.750000000000001554, 0.7853981633974498333 ) ;
#347 = ORIENTED_EDGE ( 'NONE', *, *, #2463, .T. ) ;
#348 = VECTOR ( 'NONE', #331, 1000.000000000000000 ) ;
#349 =( NAMED_UNIT ( * ) PLANE_ANGLE_UNIT ( ) SI_UNIT ( $, .RADIAN. ) );
#350 = EDGE_CURVE ( 'NONE', #1942, #1876, #2772, .T. ) ;
#351 = PLANE ( 'NONE',  #412 ) ;
#352 = VERTEX_POINT ( 'NONE', #710 ) ;
#353 = CIRCLE ( 'NONE', #3818, 0.9999999999999940048 ) ;
#354 = DIRECTION ( 'NONE',  ( 0.4694715627858885298, -0.8829475928589280986, 0.000000000000000000 ) ) ;
#355 = ORIENTED_EDGE ( 'NONE', *, *, #55, .T. ) ;
#356 = LINE ( 'NONE', #3636, #139 ) ;
#357 = PLANE ( 'NONE',  #2213 ) ;
#358 = DIRECTION ( 'NONE',  ( -0.000000000000000000, -0.000000000000000000, 1.000000000000000000 ) ) ;
#359 = PLANE ( 'NONE',  #2435 ) ;
#360 = DIRECTION ( 'NONE',  ( 0.000000000000000000, 0.000000000000000000, 1.000000000000000000 ) ) ;
#361 = AXIS2_PLACEMENT_3D ( 'NONE', #3655, #2807, #2180 ) ;
#362 = SURFACE_STYLE_USAGE ( .BOTH. , #2431 ) ;
#363 = VERTEX_POINT ( 'NONE', #1901 ) ;
#364 = LINE ( 'NONE', #1599, #2138 ) ;
#365 = ORIENTED_EDGE ( 'NONE', *, *, #3866, .F. ) ;
#366 = DIRECTION ( 'NONE',  ( 0.000000000000000000, 0.000000000000000000, -1.000000000000000000 ) ) ;
#367 = DIRECTION ( 'NONE',  ( -0.8829475928589280986, -0.4694715627858885854, 0.000000000000000000 ) ) ;
#368 = DIRECTION ( 'NONE',  ( 0.000000000000000000, 0.000000000000000000, -1.000000000000000000 ) ) ;
#369 = VERTEX_POINT ( 'NONE', #1645 ) ;
#370 = EDGE_CURVE ( 'NONE', #1310, #699, #3118, .T. ) ;
#371 = VERTEX_POINT ( 'NONE', #3206 ) ;
#372 = EDGE_CURVE ( 'NONE', #2383, #2183, #2912, .T. ) ;
#373 = DIRECTION ( 'NONE',  ( 1.000000000000000000, 0.000000000000000000, 0.000000000000000000 ) ) ;
#374 = CARTESIAN_POINT ( 'NONE',  ( 0.9499999999999959588, 2.400000000000007017, -21.35999999999999588 ) ) ;
#375 = DIRECTION ( 'NONE',  ( -1.000000000000000000, 0.000000000000000000, -0.000000000000000000 ) ) ;
#376 = DIRECTION ( 'NONE',  ( 0.000000000000000000, 0.000000000000000000, -1.000000000000000000 ) ) ;
#377 = CARTESIAN_POINT ( 'NONE',  ( -5.884232728006463908, -3.899999999999995914, -24.89999999999999858 ) ) ;
#378 = DIRECTION ( 'NONE',  ( 1.000000000000000000, 0.000000000000000000, 0.000000000000000000 ) ) ;
#379 = ORIENTED_EDGE ( 'NONE', *, *, #2186, .F. ) ;
#380 = DIRECTION ( 'NONE',  ( -1.000000000000000000, 0.000000000000000000, 0.000000000000000000 ) ) ;
#381 = ORIENTED_EDGE ( 'NONE', *, *, #1995, .T. ) ;
#382 = MECHANICAL_DESIGN_GEOMETRIC_PRESENTATION_REPRESENTATION (  '', ( #3210 ), #1693 ) ;
#383 = DIRECTION ( 'NONE',  ( 0.000000000000000000, -1.000000000000000000, 0.000000000000000000 ) ) ;
#384 = ORIENTED_EDGE ( 'NONE', *, *, #1081, .F. ) ;
#385 = SURFACE_SIDE_STYLE ('',( #1533 ) ) ;
#386 = VECTOR ( 'NONE', #2587, 1000.000000000000000 ) ;
#387 = ORIENTED_EDGE ( 'NONE', *, *, #61, .F. ) ;
#388 = VECTOR ( 'NONE', #3343, 1000.000000000000000 ) ;
#389 = AXIS2_PLACEMENT_3D ( 'NONE', #2002, #2323, #2062 ) ;
#390 = DIRECTION ( 'NONE',  ( -1.000000000000000000, 0.000000000000000000, 0.000000000000000000 ) ) ;
#391 = ORIENTED_EDGE ( 'NONE', *, *, #3458, .T. ) ;
#392 = VECTOR ( 'NONE', #358, 1000.000000000000000 ) ;
#393 = PLANE ( 'NONE',  #1443 ) ;
#394 = LINE ( 'NONE', #956, #2911 ) ;
#395 = EDGE_CURVE ( 'NONE', #3016, #2293, #1062, .T. ) ;
#396 = DIRECTION ( 'NONE',  ( 1.000000000000000000, 0.000000000000000000, 0.000000000000000000 ) ) ;
#397 = EDGE_CURVE ( 'NONE', #1876, #1346, #3521, .T. ) ;
#398 = VECTOR ( 'NONE', #2196, 1000.000000000000000 ) ;
#399 = AXIS2_PLACEMENT_3D ( 'NONE', #2865, #1059, #2625 ) ;
#400 = CARTESIAN_POINT ( 'NONE',  ( -2.349999999999994316, 5.100000000000004086, -15.00000000000000000 ) ) ;
#401 = EDGE_CURVE ( 'NONE', #1894, #2969, #2611, .T. ) ;
#402 = VERTEX_POINT ( 'NONE', #3191 ) ;
#403 =( NAMED_UNIT ( * ) SI_UNIT ( $, .STERADIAN. ) SOLID_ANGLE_UNIT ( ) );
#404 = ADVANCED_FACE ( 'NONE', ( #3782 ), #233, .T. ) ;
#405 = VECTOR ( 'NONE', #931, 1000.000000000000000 ) ;
#406 = LINE ( 'NONE', #1573, #2361 ) ;
#407 = ORIENTED_EDGE ( 'NONE', *, *, #3625, .F. ) ;
#408 = CARTESIAN_POINT ( 'NONE',  ( 0.000000000000000000, 0.000000000000000000, -15.00000000000000000 ) ) ;
#409 = PLANE ( 'NONE',  #520 ) ;
#410 = DIRECTION ( 'NONE',  ( 1.000000000000000000, -0.000000000000000000, -0.000000000000000000 ) ) ;
#411 = CARTESIAN_POINT ( 'NONE',  ( -8.184232728006463731, 0.2999999999999999334, -19.00000000000000000 ) ) ;
#412 = AXIS2_PLACEMENT_3D ( 'NONE', #3034, #2131, #688 ) ;
#413 = FILL_AREA_STYLE ('',( #1898 ) ) ;
#414 = ORIENTED_EDGE ( 'NONE', *, *, #160, .F. ) ;
#415 = AXIS2_PLACEMENT_3D ( 'NONE', #326, #1837, #380 ) ;
#416 = PLANE ( 'NONE',  #2832 ) ;
#417 = VERTEX_POINT ( 'NONE', #3485 ) ;
#418 = CARTESIAN_POINT ( 'NONE',  ( -22.34735781392944887, -4.414737964294641159, -3.000000000000000000 ) ) ;
#419 = LINE ( 'NONE', #3082, #151 ) ;
#420 = EDGE_CURVE ( 'NONE', #3682, #2529, #1886, .T. ) ;
#421 = LINE ( 'NONE', #118, #1830 ) ;
#422 = CARTESIAN_POINT ( 'NONE',  ( -8.184232728006467283, -5.100000000000002309, -19.00000000000000000 ) ) ;
#423 = FACE_OUTER_BOUND ( 'NONE', #1936, .T. ) ;
#424 = EDGE_CURVE ( 'NONE', #1426, #1656, #1125, .T. ) ;
#425 = EDGE_CURVE ( 'NONE', #3733, #2103, #807, .T. ) ;
#426 = SURFACE_STYLE_FILL_AREA ( #1043 ) ;
#427 = CARTESIAN_POINT ( 'NONE',  ( 10.50000000000000355, -6.000000000000000000, -15.00000000000000000 ) ) ;
#428 = LINE ( 'NONE', #2150, #271 ) ;
#429 = ORIENTED_EDGE ( 'NONE', *, *, #1742, .F. ) ;
#430 = CARTESIAN_POINT ( 'NONE',  ( 0.000000000000000000, 0.000000000000000000, -0.6999999999999992895 ) ) ;
#431 = CARTESIAN_POINT ( 'NONE',  ( 7.784232728006455382, -4.399999999999997691, -12.49999999999999822 ) ) ;
#432 = CARTESIAN_POINT ( 'NONE',  ( 0.9499999999999959588, 0.4000000000000080158, -24.39999999999999858 ) ) ;
#433 = DIRECTION ( 'NONE',  ( 1.000000000000000000, 0.000000000000000000, 0.000000000000000000 ) ) ;
#434 = EDGE_LOOP ( 'NONE', ( #2167, #2109, #1221, #2406 ) ) ;
#435 = DIRECTION ( 'NONE',  ( -0.000000000000000000, -0.000000000000000000, 1.000000000000000000 ) ) ;
#436 = CARTESIAN_POINT ( 'NONE',  ( -9.184232728006460178, -5.099999999999998757, -19.00000000000000000 ) ) ;
#437 = CYLINDRICAL_SURFACE ( 'NONE', #881, 0.9999999999999940048 ) ;
#438 = SURFACE_SIDE_STYLE ('',( #1610 ) ) ;
#439 = PRESENTATION_STYLE_ASSIGNMENT (( #747 ) ) ;
#440 = ORIENTED_EDGE ( 'NONE', *, *, #1467, .T. ) ;
#441 = DIRECTION ( 'NONE',  ( -0.000000000000000000, 0.5000000000000014433, -0.8660254037844378194 ) ) ;
#442 = ORIENTED_EDGE ( 'NONE', *, *, #1640, .F. ) ;
#443 = DIRECTION ( 'NONE',  ( 0.7071067811865465735, -0.7071067811865485719, 0.000000000000000000 ) ) ;
#444 = CARTESIAN_POINT ( 'NONE',  ( 4.484232728006460000, -5.100000000000000533, -19.00000000000000000 ) ) ;
#445 = ADVANCED_FACE ( 'NONE', ( #3226 ), #551, .T. ) ;
#446 = EDGE_CURVE ( 'NONE', #2788, #2868, #1088, .T. ) ;
#447 = COLOUR_RGB ( '',0.09803921568627450844, 0.09803921568627450844, 0.09803921568627450844 ) ;
#448 = DIRECTION ( 'NONE',  ( 0.000000000000000000, 1.000000000000000000, 0.000000000000000000 ) ) ;
#449 = EDGE_LOOP ( 'NONE', ( #2194, #3892, #1899, #2253, #3442, #198, #2707, #3448 ) ) ;
#450 = DIRECTION ( 'NONE',  ( 0.000000000000000000, 0.000000000000000000, -1.000000000000000000 ) ) ;
#451 = AXIS2_PLACEMENT_3D ( 'NONE', #3006, #2432, #3285 ) ;
#452 = CIRCLE ( 'NONE', #197, 1.750000000000001554 ) ;
#453 = CARTESIAN_POINT ( 'NONE',  ( 20.00000000000000355, 0.000000000000000000, 0.000000000000000000 ) ) ;
#454 = VERTEX_POINT ( 'NONE', #189 ) ;
#455 = DIRECTION ( 'NONE',  ( 0.000000000000000000, -1.000000000000000000, -0.000000000000000000 ) ) ;
#456 = VECTOR ( 'NONE', #3360, 1000.000000000000000 ) ;
#457 = AXIS2_PLACEMENT_3D ( 'NONE', #1921, #3544, #2833 ) ;
#458 = CARTESIAN_POINT ( 'NONE',  ( 10.50000000000000355, -8.000000000000001776, -12.49999999999999645 ) ) ;
#459 = ORIENTED_EDGE ( 'NONE', *, *, #2893, .T. ) ;
#460 = LINE ( 'NONE', #3757, #2346 ) ;
#461 = ORIENTED_EDGE ( 'NONE', *, *, #3017, .T. ) ;
#462 = VECTOR ( 'NONE', #1079, 1000.000000000000000 ) ;
#463 = SURFACE_STYLE_FILL_AREA ( #2244 ) ;
#464 = ORIENTED_EDGE ( 'NONE', *, *, #3479, .F. ) ;
#465 = SURFACE_SIDE_STYLE ('',( #1674 ) ) ;
#466 = CARTESIAN_POINT ( 'NONE',  ( -1.350000000000004086, 6.100000000000001421, -19.00000000000000000 ) ) ;
#467 = VECTOR ( 'NONE', #2136, 1000.000000000000000 ) ;
#468 = VECTOR ( 'NONE', #1608, 1000.000000000000000 ) ;
#469 = ADVANCED_FACE ( 'NONE', ( #1745 ), #2953, .T. ) ;
#470 = FACE_OUTER_BOUND ( 'NONE', #2721, .T. ) ;
#471 = ORIENTED_EDGE ( 'NONE', *, *, #1882, .T. ) ;
#472 = EDGE_CURVE ( 'NONE', #2234, #929, #1172, .T. ) ;
#473 = EDGE_CURVE ( 'NONE', #2869, #2043, #2129, .T. ) ;
#474 = CARTESIAN_POINT ( 'NONE',  ( 5.884232728006456803, -2.399999999999998135, -22.35999999999999943 ) ) ;
#475 = AXIS2_PLACEMENT_3D ( 'NONE', #3349, #3645, #1516 ) ;
#476 = LINE ( 'NONE', #2634, #3287 ) ;
#477 = DIRECTION ( 'NONE',  ( 1.793631189416317430E-16, -1.000000000000000000, 0.000000000000000000 ) ) ;
#478 =( LENGTH_UNIT ( ) NAMED_UNIT ( * ) SI_UNIT ( .MILLI., .METRE. ) );
#479 = ORIENTED_EDGE ( 'NONE', *, *, #155, .F. ) ;
#480 = EDGE_LOOP ( 'NONE', ( #2297, #3199, #572, #471 ) ) ;
#481 = CARTESIAN_POINT ( 'NONE',  ( 2.349999999999997868, 5.100000000000004086, -19.00000000000000000 ) ) ;
#482 = FACE_OUTER_BOUND ( 'NONE', #3260, .T. ) ;
#483 = ORIENTED_EDGE ( 'NONE', *, *, #3312, .T. ) ;
#484 = DIRECTION ( 'NONE',  ( 0.000000000000000000, 0.000000000000000000, 1.000000000000000000 ) ) ;
#485 = ORIENTED_EDGE ( 'NONE', *, *, #3844, .T. ) ;
#486 = DIRECTION ( 'NONE',  ( 0.000000000000000000, 0.000000000000000000, 1.000000000000000000 ) ) ;
#487 = ORIENTED_EDGE ( 'NONE', *, *, #2017, .T. ) ;
#488 = CYLINDRICAL_SURFACE ( 'NONE', #2855, 1.750000000000001554 ) ;
#489 = EDGE_CURVE ( 'NONE', #2961, #3016, #290, .T. ) ;
#490 = EDGE_CURVE ( 'NONE', #2600, #2420, #2994, .T. ) ;
#491 = FACE_OUTER_BOUND ( 'NONE', #2618, .T. ) ;
#492 = DIRECTION ( 'NONE',  ( -1.000000000000000000, -0.000000000000000000, -0.000000000000000000 ) ) ;
#493 = VERTEX_POINT ( 'NONE', #2974 ) ;
#494 = ORIENTED_EDGE ( 'NONE', *, *, #1390, .T. ) ;
#495 =( NAMED_UNIT ( * ) SI_UNIT ( $, .STERADIAN. ) SOLID_ANGLE_UNIT ( ) );
#496 = PRESENTATION_STYLE_ASSIGNMENT (( #2246 ) ) ;
#497 = LINE ( 'NONE', #543, #2679 ) ;
#498 = DIRECTION ( 'NONE',  ( -1.652117596168387756E-16, 1.000000000000000000, 0.000000000000000000 ) ) ;
#499 = ORIENTED_EDGE ( 'NONE', *, *, #3769, .F. ) ;
#500 = ORIENTED_EDGE ( 'NONE', *, *, #2187, .F. ) ;
#501 = DIRECTION ( 'NONE',  ( -1.000000000000000000, 0.000000000000000000, 0.000000000000000000 ) ) ;
#502 = DIRECTION ( 'NONE',  ( 0.000000000000000000, 0.000000000000000000, -1.000000000000000000 ) ) ;
#503 = STYLED_ITEM ( 'NONE', ( #2948 ), #16 ) ;
#504 = CARTESIAN_POINT ( 'NONE',  ( -21.75000000000000711, 0.000000000000000000, -1.399999999999988809 ) ) ;
#505 = VERTEX_POINT ( 'NONE', #2653 ) ;
#506 = AXIS2_PLACEMENT_3D ( 'NONE', #3841, #1357, #1724 ) ;
#507 = CARTESIAN_POINT ( 'NONE',  ( -22.34735781392944887, -4.414737964294641159, -3.000000000000000000 ) ) ;
#508 = ORIENTED_EDGE ( 'NONE', *, *, #231, .F. ) ;
#509 = AXIS2_PLACEMENT_3D ( 'NONE', #430, #2174, #1288 ) ;
#510 = EDGE_CURVE ( 'NONE', #166, #788, #272, .T. ) ;
#511 = PLANE ( 'NONE',  #1265 ) ;
#512 = DIRECTION ( 'NONE',  ( -0.000000000000000000, -0.000000000000000000, 1.000000000000000000 ) ) ;
#513 = VECTOR ( 'NONE', #1735, 1000.000000000000000 ) ;
#514 = ORIENTED_EDGE ( 'NONE', *, *, #2853, .F. ) ;
#515 = VECTOR ( 'NONE', #2379, 999.9999999999998863 ) ;
#516 = LINE ( 'NONE', #3353, #3916 ) ;
#517 = EDGE_CURVE ( 'NONE', #2120, #110, #1187, .T. ) ;
#518 = DIRECTION ( 'NONE',  ( -1.000000000000000000, 0.000000000000000000, 0.000000000000000000 ) ) ;
#519 = CARTESIAN_POINT ( 'NONE',  ( 1.569511716359968615E-15, -9.500000000000001776, -15.00000000000000000 ) ) ;
#520 = AXIS2_PLACEMENT_3D ( 'NONE', #665, #2826, #1877 ) ;
#521 = EDGE_LOOP ( 'NONE', ( #1828, #3278, #836, #2113 ) ) ;
#522 = AXIS2_PLACEMENT_3D ( 'NONE', #601, #1815, #2946 ) ;
#523 = VERTEX_POINT ( 'NONE', #2358 ) ;
#524 = DIRECTION ( 'NONE',  ( 0.000000000000000000, -1.000000000000000000, 0.000000000000000000 ) ) ;
#525 = FILL_AREA_STYLE_COLOUR ( '', #2018 ) ;
#526 = VECTOR ( 'NONE', #2160, 1000.000000000000000 ) ;
#527 = CARTESIAN_POINT ( 'NONE',  ( -8.184232728006467283, -5.100000000000002309, -19.00000000000000000 ) ) ;
#528 = AXIS2_PLACEMENT_3D ( 'NONE', #2197, #2423, #3415 ) ;
#529 = EDGE_LOOP ( 'NONE', ( #2419, #279, #1678, #1126 ) ) ;
#530 = CARTESIAN_POINT ( 'NONE',  ( 2.349999999999994316, 5.100000000000004086, -19.00000000000000000 ) ) ;
#531 = ORIENTED_EDGE ( 'NONE', *, *, #2119, .T. ) ;
#532 = EDGE_LOOP ( 'NONE', ( #1710, #2863, #343, #3310 ) ) ;
#533 = LINE ( 'NONE', #3894, #760 ) ;
#534 = PLANE ( 'NONE',  #954 ) ;
#535 = CIRCLE ( 'NONE', #3245, 0.9999999999999940048 ) ;
#536 = ORIENTED_EDGE ( 'NONE', *, *, #420, .T. ) ;
#537 = ADVANCED_FACE ( 'NONE', ( #1515 ), #3606, .F. ) ;
#538 = VERTEX_POINT ( 'NONE', #608 ) ;
#539 = VERTEX_POINT ( 'NONE', #3571 ) ;
#540 = AXIS2_PLACEMENT_3D ( 'NONE', #2495, #949, #390 ) ;
#541 = DIRECTION ( 'NONE',  ( 1.000000000000000000, 0.000000000000000000, 0.000000000000000000 ) ) ;
#542 = FACE_OUTER_BOUND ( 'NONE', #2686, .T. ) ;
#543 = CARTESIAN_POINT ( 'NONE',  ( 0.9499999999999959588, 4.400000000000008349, -19.00000000000000000 ) ) ;
#544 = DIRECTION ( 'NONE',  ( -1.793631189416317430E-16, -1.000000000000000000, 0.000000000000000000 ) ) ;
#545 = ADVANCED_FACE ( 'NONE', ( #310 ), #1490, .T. ) ;
#546 = EDGE_CURVE ( 'NONE', #1665, #2621, #1303, .T. ) ;
#547 = ORIENTED_EDGE ( 'NONE', *, *, #1504, .F. ) ;
#548 = CARTESIAN_POINT ( 'NONE',  ( -12.50000000000000533, -6.000000000000000000, 1.500000000000000000 ) ) ;
#549 = ORIENTED_EDGE ( 'NONE', *, *, #3633, .F. ) ;
#550 = CARTESIAN_POINT ( 'NONE',  ( 9.184232728006458402, 0.2999999999999982681, -19.00000000000000000 ) ) ;
#551 = CYLINDRICAL_SURFACE ( 'NONE', #191, 0.9999999999999922284 ) ;
#552 = LINE ( 'NONE', #1173, #833 ) ;
#553 = ORIENTED_EDGE ( 'NONE', *, *, #1812, .T. ) ;
#554 = ORIENTED_EDGE ( 'NONE', *, *, #3678, .F. ) ;
#555 = CARTESIAN_POINT ( 'NONE',  ( -1.350000000000007416, -1.299999999999995604, -19.00000000000000000 ) ) ;
#556 = DIRECTION ( 'NONE',  ( 1.000000000000000000, -0.000000000000000000, -0.000000000000000000 ) ) ;
#557 = ORIENTED_EDGE ( 'NONE', *, *, #2535, .F. ) ;
#558 = ORIENTED_EDGE ( 'NONE', *, *, #3017, .F. ) ;
#559 = CARTESIAN_POINT ( 'NONE',  ( -7.784232728006462487, -4.399999999999995914, -19.00000000000000000 ) ) ;
#560 = DIRECTION ( 'NONE',  ( 0.000000000000000000, 0.000000000000000000, -1.000000000000000000 ) ) ;
#561 = DIRECTION ( 'NONE',  ( -1.000000000000000000, 0.000000000000000000, 0.000000000000000000 ) ) ;
#562 = ORIENTED_EDGE ( 'NONE', *, *, #990, .T. ) ;
#563 = DIRECTION ( 'NONE',  ( -0.000000000000000000, 0.000000000000000000, 1.000000000000000000 ) ) ;
#564 = EDGE_CURVE ( 'NONE', #1286, #3878, #2152, .T. ) ;
#565 = LINE ( 'NONE', #867, #2978 ) ;
#566 = EDGE_CURVE ( 'NONE', #1976, #2542, #1604, .T. ) ;
#567 = ORIENTED_EDGE ( 'NONE', *, *, #225, .T. ) ;
#568 = EDGE_CURVE ( 'NONE', #894, #1586, #1553, .T. ) ;
#569 = CARTESIAN_POINT ( 'NONE',  ( -7.784232728006462487, -2.399999999999998135, -22.35999999999999943 ) ) ;
#570 = CLOSED_SHELL ( 'NONE', ( #3753, #3193, #3317, #1257, #84, #2785, #1591, #124, #3701, #1162, #1012, #3457 ) ) ;
#571 = ORIENTED_EDGE ( 'NONE', *, *, #2689, .T. ) ;
#572 = ORIENTED_EDGE ( 'NONE', *, *, #3844, .F. ) ;
#573 = DIRECTION ( 'NONE',  ( -1.000000000000000000, 0.000000000000000000, 0.000000000000000000 ) ) ;
#574 = DIRECTION ( 'NONE',  ( 1.000000000000000000, 0.000000000000000000, 0.000000000000000000 ) ) ;
#575 = ORIENTED_EDGE ( 'NONE', *, *, #1685, .F. ) ;
#576 = VECTOR ( 'NONE', #2248, 1000.000000000000000 ) ;
#577 = ORIENTED_EDGE ( 'NONE', *, *, #868, .T. ) ;
#578 = CIRCLE ( 'NONE', #2780, 1.000000000000000888 ) ;
#579 = CARTESIAN_POINT ( 'NONE',  ( -25.00000000000000355, 0.000000000000000000, 0.000000000000000000 ) ) ;
#580 = AXIS2_PLACEMENT_3D ( 'NONE', #822, #1233, #2023 ) ;
#581 = LINE ( 'NONE', #2703, #670 ) ;
#582 = PLANE ( 'NONE',  #334 ) ;
#583 = VECTOR ( 'NONE', #1423, 1000.000000000000000 ) ;
#584 = DIRECTION ( 'NONE',  ( 1.000000000000000000, -3.833536069632910861E-16, 0.000000000000000000 ) ) ;
#585 = LINE ( 'NONE', #906, #2530 ) ;
#586 = VECTOR ( 'NONE', #1696, 1000.000000000000000 ) ;
#587 = ADVANCED_FACE ( 'NONE', ( #3131 ), #2475, .F. ) ;
#588 = VECTOR ( 'NONE', #544, 1000.000000000000000 ) ;
#589 = CARTESIAN_POINT ( 'NONE',  ( -4.484232728006465329, 0.2999999999999999334, -19.00000000000000000 ) ) ;
#590 = VECTOR ( 'NONE', #556, 1000.000000000000000 ) ;
#591 = EDGE_LOOP ( 'NONE', ( #3774, #3157, #86, #2940, #2427, #1468 ) ) ;
#592 = ADVANCED_FACE ( 'NONE', ( #2751 ), #3114, .F. ) ;
#593 = EDGE_CURVE ( 'NONE', #114, #3849, #687, .T. ) ;
#594 = AXIS2_PLACEMENT_3D ( 'NONE', #2821, #3890, #2677 ) ;
#595 = ORIENTED_EDGE ( 'NONE', *, *, #3526, .T. ) ;
#596 = CARTESIAN_POINT ( 'NONE',  ( -5.884232728006463908, -4.399999999999995914, -0.6999999999999992895 ) ) ;
#597 = PLANE ( 'NONE',  #3803 ) ;
#598 = VERTEX_POINT ( 'NONE', #2795 ) ;
#599 = DIRECTION ( 'NONE',  ( 0.000000000000000000, 0.000000000000000000, -1.000000000000000000 ) ) ;
#600 = CARTESIAN_POINT ( 'NONE',  ( -5.884232728006463908, -0.3999999999999958589, -19.00000000000000000 ) ) ;
#601 = CARTESIAN_POINT ( 'NONE',  ( 0.9499999999999959588, 4.400000000000008349, -19.00000000000000000 ) ) ;
#602 = AXIS2_PLACEMENT_3D ( 'NONE', #3078, #2796, #909 ) ;
#603 = ORIENTED_EDGE ( 'NONE', *, *, #3289, .T. ) ;
#604 = CARTESIAN_POINT ( 'NONE',  ( 5.884232728006456803, -0.3999999999999975797, -19.00000000000000000 ) ) ;
#605 = DIRECTION ( 'NONE',  ( 0.000000000000000000, 0.000000000000000000, 1.000000000000000000 ) ) ;
#606 = VECTOR ( 'NONE', #1369, 1000.000000000000000 ) ;
#607 = EDGE_LOOP ( 'NONE', ( #2766, #1856, #2509, #1498 ) ) ;
#608 = CARTESIAN_POINT ( 'NONE',  ( -0.9500000000000029532, 0.4000000000000080158, -12.49999999999999822 ) ) ;
#609 = CARTESIAN_POINT ( 'NONE',  ( 0.9499999999999959588, 2.900000000000004352, -0.6999999999999992895 ) ) ;
#610 = ORIENTED_EDGE ( 'NONE', *, *, #2438, .T. ) ;
#611 = CYLINDRICAL_SURFACE ( 'NONE', #140, 0.9999999999999940048 ) ;
#612 = EDGE_CURVE ( 'NONE', #1061, #3878, #92, .T. ) ;
#613 = FACE_OUTER_BOUND ( 'NONE', #2155, .T. ) ;
#614 = EDGE_CURVE ( 'NONE', #655, #3354, #2531, .T. ) ;
#615 = VERTEX_POINT ( 'NONE', #2815 ) ;
#616 = DIRECTION ( 'NONE',  ( 1.000000000000000000, 0.000000000000000000, 0.000000000000000000 ) ) ;
#617 = CARTESIAN_POINT ( 'NONE',  ( -25.00000000000000355, -2.399999999999998135, -22.35999999999999943 ) ) ;
#618 = DIRECTION ( 'NONE',  ( 0.000000000000000000, -0.000000000000000000, -1.000000000000000000 ) ) ;
#619 = ORIENTED_EDGE ( 'NONE', *, *, #3799, .F. ) ;
#620 = CARTESIAN_POINT ( 'NONE',  ( -5.484232728006455559, -5.100000000000002309, -19.00000000000000000 ) ) ;
#621 = DIRECTION ( 'NONE',  ( -1.000000000000000000, 0.000000000000000000, 0.000000000000000000 ) ) ;
#622 = ORIENTED_EDGE ( 'NONE', *, *, #3677, .T. ) ;
#623 = SURFACE_STYLE_FILL_AREA ( #2730 ) ;
#624 = VERTEX_POINT ( 'NONE', #704 ) ;
#625 = DIRECTION ( 'NONE',  ( -0.000000000000000000, 0.000000000000000000, 1.000000000000000000 ) ) ;
#626 = ORIENTED_EDGE ( 'NONE', *, *, #3268, .F. ) ;
#627 = ORIENTED_EDGE ( 'NONE', *, *, #401, .T. ) ;
#628 = CARTESIAN_POINT ( 'NONE',  ( -9.962281222137846726, -11.00000000000000178, -3.000000000000000000 ) ) ;
#629 = CARTESIAN_POINT ( 'NONE',  ( -5.884232728006463908, -0.3999999999999958589, -19.00000000000000000 ) ) ;
#630 = LINE ( 'NONE', #1522, #405 ) ;
#631 = ORIENTED_EDGE ( 'NONE', *, *, #2210, .T. ) ;
#632 = VECTOR ( 'NONE', #3765, 1000.000000000000000 ) ;
#633 = EDGE_CURVE ( 'NONE', #1689, #3831, #3284, .T. ) ;
#634 = FACE_BOUND ( 'NONE', #3144, .T. ) ;
#635 = FILL_AREA_STYLE_COLOUR ( '', #974 ) ;
#636 = ORIENTED_EDGE ( 'NONE', *, *, #809, .F. ) ;
#637 = DIRECTION ( 'NONE',  ( -1.000000000000000000, -1.652117596168387756E-16, 0.000000000000000000 ) ) ;
#638 = EDGE_CURVE ( 'NONE', #2619, #2033, #1916, .T. ) ;
#639 = ADVANCED_FACE ( 'NONE', ( #3426 ), #3742, .T. ) ;
#640 = VECTOR ( 'NONE', #443, 1000.000000000000000 ) ;
#641 = DIRECTION ( 'NONE',  ( -0.000000000000000000, -0.000000000000000000, -1.000000000000000000 ) ) ;
#642 = ORIENTED_EDGE ( 'NONE', *, *, #1835, .T. ) ;
#643 = DIRECTION ( 'NONE',  ( 0.000000000000000000, 0.000000000000000000, 1.000000000000000000 ) ) ;
#644 = VECTOR ( 'NONE', #919, 1000.000000000000000 ) ;
#645 = AXIS2_PLACEMENT_3D ( 'NONE', #1147, #2356, #3567 ) ;
#646 = CARTESIAN_POINT ( 'NONE',  ( -2.349999999999999645, -0.2999999999999946043, -19.00000000000000000 ) ) ;
#647 = DIRECTION ( 'NONE',  ( 0.000000000000000000, -1.000000000000000000, 0.000000000000000000 ) ) ;
#648 = ORIENTED_EDGE ( 'NONE', *, *, #1348, .F. ) ;
#649 = AXIS2_PLACEMENT_3D ( 'NONE', #3539, #3221, #3462 ) ;
#650 = DIRECTION ( 'NONE',  ( -1.000000000000000000, 0.000000000000000000, 0.000000000000000000 ) ) ;
#651 = EDGE_LOOP ( 'NONE', ( #36, #749, #2871, #1532, #2424, #459, #1237, #1523 ) ) ;
#652 = VECTOR ( 'NONE', #1094, 1000.000000000000000 ) ;
#653 = CARTESIAN_POINT ( 'NONE',  ( 14.00000000000000178, 3.671572875253805712, -15.00000000000000000 ) ) ;
#654 = CARTESIAN_POINT ( 'NONE',  ( -0.9500000000000029532, -6.000000000000000000, -12.49999999999999822 ) ) ;
#655 = VERTEX_POINT ( 'NONE', #2627 ) ;
#656 =( GEOMETRIC_REPRESENTATION_CONTEXT ( 3 ) GLOBAL_UNCERTAINTY_ASSIGNED_CONTEXT ( ( #1120 ) ) GLOBAL_UNIT_ASSIGNED_CONTEXT ( ( #478, #2560, #1964 ) ) REPRESENTATION_CONTEXT ( 'NONE', 'WORKASPACE' ) );
#657 = ORIENTED_EDGE ( 'NONE', *, *, #3371, .T. ) ;
#658 = CARTESIAN_POINT ( 'NONE',  ( 0.9499999999999959588, 3.900000000000007905, -24.39999999999999858 ) ) ;
#659 = SURFACE_STYLE_FILL_AREA ( #3362 ) ;
#660 = CIRCLE ( 'NONE', #341, 3.499999999999999556 ) ;
#661 = ADVANCED_FACE ( 'NONE', ( #1339 ), #3096, .F. ) ;
#662 = FACE_OUTER_BOUND ( 'NONE', #1393, .T. ) ;
#663 = CYLINDRICAL_SURFACE ( 'NONE', #1442, 2.000000000000001776 ) ;
#664 = EDGE_LOOP ( 'NONE', ( #603, #812, #305, #3143 ) ) ;
#665 = CARTESIAN_POINT ( 'NONE',  ( -2.349999999999994316, 5.100000000000004086, -19.00000000000000000 ) ) ;
#666 = EDGE_CURVE ( 'NONE', #2575, #598, #2265, .T. ) ;
#667 = ADVANCED_FACE ( 'NONE', ( #3802 ), #803, .F. ) ;
#668 = AXIS2_PLACEMENT_3D ( 'NONE', #3712, #106, #2125 ) ;
#669 = LINE ( 'NONE', #1822, #3810 ) ;
#670 = VECTOR ( 'NONE', #3020, 999.9999999999998863 ) ;
#671 = DIRECTION ( 'NONE',  ( 1.000000000000000000, 0.000000000000000000, 0.000000000000000000 ) ) ;
#672 = ORIENTED_EDGE ( 'NONE', *, *, #748, .T. ) ;
#673 = EDGE_LOOP ( 'NONE', ( #679, #1819, #2635, #1306 ) ) ;
#674 = DIRECTION ( 'NONE',  ( -0.000000000000000000, -0.000000000000000000, 1.000000000000000000 ) ) ;
#675 = FACE_OUTER_BOUND ( 'NONE', #3532, .T. ) ;
#676 = DIRECTION ( 'NONE',  ( -0.000000000000000000, -0.5000000000000014433, 0.8660254037844378194 ) ) ;
#677 = CARTESIAN_POINT ( 'NONE',  ( 22.34735781392944887, -4.414737964294641159, -3.000000000000000000 ) ) ;
#678 = DIRECTION ( 'NONE',  ( 0.000000000000000000, 0.000000000000000000, 1.000000000000000000 ) ) ;
#679 = ORIENTED_EDGE ( 'NONE', *, *, #3792, .F. ) ;
#680 = CARTESIAN_POINT ( 'NONE',  ( -0.9500000000000029532, 2.400000000000007017, -22.35999999999999943 ) ) ;
#681 = ORIENTED_EDGE ( 'NONE', *, *, #1301, .T. ) ;
#682 = DIRECTION ( 'NONE',  ( 1.000000000000000000, 0.000000000000000000, 0.000000000000000000 ) ) ;
#683 = ORIENTED_EDGE ( 'NONE', *, *, #2664, .F. ) ;
#684 = CARTESIAN_POINT ( 'NONE',  ( -6.755428779221936075, 12.70511368984503342, 0.000000000000000000 ) ) ;
#685 = EDGE_CURVE ( 'NONE', #1171, #1061, #3158, .T. ) ;
#686 = EDGE_CURVE ( 'NONE', #2190, #1513, #2607, .T. ) ;
#687 = LINE ( 'NONE', #1619, #1569 ) ;
#688 = DIRECTION ( 'NONE',  ( 0.000000000000000000, 0.000000000000000000, -1.000000000000000000 ) ) ;
#689 = ORIENTED_EDGE ( 'NONE', *, *, #1634, .T. ) ;
#690 = EDGE_CURVE ( 'NONE', #505, #3773, #3149, .T. ) ;
#691 = CARTESIAN_POINT ( 'NONE',  ( -12.50000000000000178, 3.050252531694162439, -3.000000000000000000 ) ) ;
#692 = CARTESIAN_POINT ( 'NONE',  ( 15.75000000000000711, -7.922615338006460561, 1.500000000000000000 ) ) ;
#693 = DIRECTION ( 'NONE',  ( -0.000000000000000000, -0.000000000000000000, 1.000000000000000000 ) ) ;
#694 = LINE ( 'NONE', #3673, #456 ) ;
#695 = PRESENTATION_STYLE_ASSIGNMENT (( #1022 ) ) ;
#696 = CARTESIAN_POINT ( 'NONE',  ( 7.775126265847098317, 7.775126265847078777, -3.000000000000000000 ) ) ;
#697 = CIRCLE ( 'NONE', #3593, 0.9999999999999940048 ) ;
#698 =( NAMED_UNIT ( * ) SI_UNIT ( $, .STERADIAN. ) SOLID_ANGLE_UNIT ( ) );
#699 = VERTEX_POINT ( 'NONE', #754 ) ;
#700 = AXIS2_PLACEMENT_3D ( 'NONE', #2800, #3152, #1865 ) ;
#701 = PLANE ( 'NONE',  #1699 ) ;
#702 = DIRECTION ( 'NONE',  ( 0.000000000000000000, 0.5000000000000014433, 0.8660254037844378194 ) ) ;
#703 = VECTOR ( 'NONE', #367, 1000.000000000000114 ) ;
#704 = CARTESIAN_POINT ( 'NONE',  ( -0.9500000000000029532, 3.900000000000007905, -24.89999999999999858 ) ) ;
#705 = VECTOR ( 'NONE', #3795, 1000.000000000000000 ) ;
#706 = DIRECTION ( 'NONE',  ( 0.000000000000000000, -0.8660254037844378194, 0.5000000000000014433 ) ) ;
#707 = ORIENTED_EDGE ( 'NONE', *, *, #370, .T. ) ;
#708 = EDGE_CURVE ( 'NONE', #3740, #1689, #2848, .T. ) ;
#709 = VECTOR ( 'NONE', #99, 1000.000000000000114 ) ;
#710 = CARTESIAN_POINT ( 'NONE',  ( 14.00000000000000178, 3.671572875253805712, -3.000000000000000000 ) ) ;
#711 = ORIENTED_EDGE ( 'NONE', *, *, #3874, .T. ) ;
#712 = FACE_OUTER_BOUND ( 'NONE', #1247, .T. ) ;
#713 = LINE ( 'NONE', #3120, #2729 ) ;
#714 = PRESENTATION_LAYER_ASSIGNMENT (  '', '', ( #3670 ) ) ;
#715 = EDGE_CURVE ( 'NONE', #2529, #3871, #322, .T. ) ;
#716 = EDGE_CURVE ( 'NONE', #1646, #3893, #3170, .T. ) ;
#717 = AXIS2_PLACEMENT_3D ( 'NONE', #1430, #1799, #1503 ) ;
#718 = APPLICATION_CONTEXT ( 'automotive_design' ) ;
#719 = FACE_OUTER_BOUND ( 'NONE', #434, .T. ) ;
#720 = SURFACE_STYLE_USAGE ( .BOTH. , #1547 ) ;
#721 = VERTEX_POINT ( 'NONE', #3820 ) ;
#722 = LINE ( 'NONE', #3459, #3404 ) ;
#723 = CIRCLE ( 'NONE', #958, 0.9999999999999922284 ) ;
#724 = CARTESIAN_POINT ( 'NONE',  ( 9.184232728006454849, 0.2999999999999981570, -19.00000000000000000 ) ) ;
#725 = FACE_OUTER_BOUND ( 'NONE', #1179, .T. ) ;
#726 = CARTESIAN_POINT ( 'NONE',  ( 0.9499999999999959588, 0.000000000000000000, -24.89999999999999858 ) ) ;
#727 = CARTESIAN_POINT ( 'NONE',  ( -12.50000000000000355, 4.791920087041139685E-15, 1.500000000000000000 ) ) ;
#728 = LINE ( 'NONE', #1605, #2482 ) ;
#729 = ORIENTED_EDGE ( 'NONE', *, *, #593, .F. ) ;
#730 = AXIS2_PLACEMENT_3D ( 'NONE', #3538, #824, #2816 ) ;
#731 = CARTESIAN_POINT ( 'NONE',  ( -25.00000000000000355, -2.399999999999998135, -22.35999999999999943 ) ) ;
#732 = DIRECTION ( 'NONE',  ( 0.8829475928589280986, -0.4694715627858885854, 0.000000000000000000 ) ) ;
#733 = DIRECTION ( 'NONE',  ( 0.000000000000000000, -0.000000000000000000, -1.000000000000000000 ) ) ;
#734 = ADVANCED_FACE ( 'NONE', ( #470 ), #1086, .T. ) ;
#735 = EDGE_CURVE ( 'NONE', #699, #1919, #2909, .T. ) ;
#736 = CARTESIAN_POINT ( 'NONE',  ( -8.184232728006467283, -6.099999999999999645, -19.00000000000000000 ) ) ;
#737 = ORIENTED_EDGE ( 'NONE', *, *, #61, .T. ) ;
#738 = PLANE ( 'NONE',  #2720 ) ;
#739 = UNCERTAINTY_MEASURE_WITH_UNIT (LENGTH_MEASURE( 1.000000000000000082E-05 ), #2563, 'distance_accuracy_value', 'NONE');
#740 = CARTESIAN_POINT ( 'NONE',  ( -14.00000000000000178, 3.671572875253805712, -15.00000000000000000 ) ) ;
#741 = DIRECTION ( 'NONE',  ( 0.000000000000000000, 0.000000000000000000, -1.000000000000000000 ) ) ;
#742 = FACE_OUTER_BOUND ( 'NONE', #1374, .T. ) ;
#743 = ORIENTED_EDGE ( 'NONE', *, *, #2025, .T. ) ;
#744 = DIRECTION ( 'NONE',  ( 1.000000000000000000, 0.000000000000000000, 0.000000000000000000 ) ) ;
#745 = CARTESIAN_POINT ( 'NONE',  ( 0.000000000000000000, 2.900000000000004796, -0.6999999999999992895 ) ) ;
#746 = CARTESIAN_POINT ( 'NONE',  ( -6.755428779221936075, 12.70511368984503342, -3.000000000000000000 ) ) ;
#747 = SURFACE_STYLE_USAGE ( .BOTH. , #2546 ) ;
#748 = EDGE_CURVE ( 'NONE', #1660, #1629, #2008, .T. ) ;
#749 = ORIENTED_EDGE ( 'NONE', *, *, #490, .T. ) ;
#750 = DIRECTION ( 'NONE',  ( -0.000000000000000000, -0.000000000000000000, 1.000000000000000000 ) ) ;
#751 = ADVANCED_FACE ( 'NONE', ( #2929 ), #2990, .T. ) ;
#752 = ADVANCED_FACE ( 'NONE', ( #3267 ), #1487, .T. ) ;
#753 = VECTOR ( 'NONE', #3864, 1000.000000000000000 ) ;
#754 = CARTESIAN_POINT ( 'NONE',  ( 15.75000000000000711, 7.922615338006460561, 1.500000000000000000 ) ) ;
#755 = VECTOR ( 'NONE', #1538, 1000.000000000000000 ) ;
#756 = AXIS2_PLACEMENT_3D ( 'NONE', #2003, #3219, #2266 ) ;
#757 = SURFACE_SIDE_STYLE ('',( #2313 ) ) ;
#758 = ORIENTED_EDGE ( 'NONE', *, *, #3752, .F. ) ;
#759 = DIRECTION ( 'NONE',  ( 0.000000000000000000, 0.000000000000000000, -1.000000000000000000 ) ) ;
#760 = VECTOR ( 'NONE', #3614, 1000.000000000000000 ) ;
#761 = AXIS2_PLACEMENT_3D ( 'NONE', #2968, #2694, #3027 ) ;
#762 = LINE ( 'NONE', #2858, #1955 ) ;
#763 = CARTESIAN_POINT ( 'NONE',  ( -1.321694076934710205E-15, -8.000000000000000000, -3.000000000000000000 ) ) ;
#764 = ORIENTED_EDGE ( 'NONE', *, *, #2950, .T. ) ;
#765 = AXIS2_PLACEMENT_3D ( 'NONE', #2989, #3883, #2065 ) ;
#766 = DIRECTION ( 'NONE',  ( 0.000000000000000000, 0.000000000000000000, -1.000000000000000000 ) ) ;
#767 = DIRECTION ( 'NONE',  ( -0.000000000000000000, -0.000000000000000000, 1.000000000000000000 ) ) ;
#768 = CIRCLE ( 'NONE', #1585, 1.000000000000000888 ) ;
#769 = VECTOR ( 'NONE', #1035, 1000.000000000000000 ) ;
#770 = DIRECTION ( 'NONE',  ( 1.000000000000000000, 0.000000000000000000, 0.000000000000000000 ) ) ;
#771 = EDGE_CURVE ( 'NONE', #539, #2859, #1065, .T. ) ;
#772 = EDGE_CURVE ( 'NONE', #1006, #3801, #1203, .T. ) ;
#773 = DIRECTION ( 'NONE',  ( -0.000000000000000000, -0.000000000000000000, 1.000000000000000000 ) ) ;
#774 = ORIENTED_EDGE ( 'NONE', *, *, #771, .F. ) ;
#775 = CARTESIAN_POINT ( 'NONE',  ( -1.350000000000007416, -0.2999999999999981570, -15.00000000000000000 ) ) ;
#776 = VECTOR ( 'NONE', #1320, 1000.000000000000000 ) ;
#777 = LINE ( 'NONE', #195, #821 ) ;
#778 = DIRECTION ( 'NONE',  ( 0.000000000000000000, -0.5000000000000014433, -0.8660254037844378194 ) ) ;
#779 = ORIENTED_EDGE ( 'NONE', *, *, #3214, .F. ) ;
#780 = ORIENTED_EDGE ( 'NONE', *, *, #3239, .T. ) ;
#781 = CARTESIAN_POINT ( 'NONE',  ( -15.75000000000000711, 7.922615338006460561, 0.000000000000000000 ) ) ;
#782 = LINE ( 'NONE', #1077, #640 ) ;
#783 =( LENGTH_UNIT ( ) NAMED_UNIT ( * ) SI_UNIT ( .MILLI., .METRE. ) );
#784 = CARTESIAN_POINT ( 'NONE',  ( -7.784232728006462487, -0.3999999999999958589, -0.6999999999999992895 ) ) ;
#785 = ORIENTED_EDGE ( 'NONE', *, *, #2487, .F. ) ;
#786 = DIRECTION ( 'NONE',  ( 0.000000000000000000, 0.000000000000000000, -1.000000000000000000 ) ) ;
#787 = EDGE_CURVE ( 'NONE', #3791, #1426, #288, .T. ) ;
#788 = VERTEX_POINT ( 'NONE', #3584 ) ;
#789 = ADVANCED_FACE ( 'NONE', ( #1759 ), #1168, .T. ) ;
#790 = SURFACE_STYLE_USAGE ( .BOTH. , #2294 ) ;
#791 = VERTEX_POINT ( 'NONE', #2069 ) ;
#792 = DIRECTION ( 'NONE',  ( -0.000000000000000000, -0.000000000000000000, -1.000000000000000000 ) ) ;
#793 = ADVANCED_FACE ( 'NONE', ( #2355 ), #327, .T. ) ;
#794 = DIRECTION ( 'NONE',  ( 0.000000000000000000, 1.000000000000000000, 0.000000000000000000 ) ) ;
#795 = CARTESIAN_POINT ( 'NONE',  ( 10.50000000000000355, -4.399999999999995914, -12.49999999999999822 ) ) ;
#796 = VERTEX_POINT ( 'NONE', #1781 ) ;
#797 = ORIENTED_EDGE ( 'NONE', *, *, #299, .F. ) ;
#798 = CARTESIAN_POINT ( 'NONE',  ( -0.9500000000000029532, 0.4000000000000080158, -19.00000000000000000 ) ) ;
#799 = LINE ( 'NONE', #2923, #705 ) ;
#800 = LINE ( 'NONE', #727, #3691 ) ;
#801 = LINE ( 'NONE', #1691, #3229 ) ;
#802 = VERTEX_POINT ( 'NONE', #1431 ) ;
#803 = PLANE ( 'NONE',  #257 ) ;
#804 = DIRECTION ( 'NONE',  ( 0.000000000000000000, 0.000000000000000000, -1.000000000000000000 ) ) ;
#805 = VECTOR ( 'NONE', #979, 1000.000000000000000 ) ;
#806 = ORIENTED_EDGE ( 'NONE', *, *, #1638, .F. ) ;
#807 = LINE ( 'NONE', #504, #1124 ) ;
#808 = AXIS2_PLACEMENT_3D ( 'NONE', #2867, #1356, #770 ) ;
#809 = EDGE_CURVE ( 'NONE', #2515, #2339, #2902, .T. ) ;
#810 = CARTESIAN_POINT ( 'NONE',  ( 2.349999999999994316, 5.100000000000004086, -15.00000000000000000 ) ) ;
#811 = AXIS2_PLACEMENT_3D ( 'NONE', #3088, #3699, #3369 ) ;
#812 = ORIENTED_EDGE ( 'NONE', *, *, #2373, .F. ) ;
#813 = CARTESIAN_POINT ( 'NONE',  ( 0.9499999999999959588, 0.9000000000000080158, -24.89999999999999858 ) ) ;
#814 = EDGE_CURVE ( 'NONE', #1286, #1816, #1508, .T. ) ;
#815 = LINE ( 'NONE', #2101, #3425 ) ;
#816 = EDGE_CURVE ( 'NONE', #2293, #2633, #1473, .T. ) ;
#817 = VECTOR ( 'NONE', #3066, 1000.000000000000000 ) ;
#818 = EDGE_LOOP ( 'NONE', ( #3785, #1174, #3347, #2808 ) ) ;
#819 = ORIENTED_EDGE ( 'NONE', *, *, #2874, .T. ) ;
#820 = ORIENTED_EDGE ( 'NONE', *, *, #2853, .T. ) ;
#821 = VECTOR ( 'NONE', #2822, 1000.000000000000000 ) ;
#822 = CARTESIAN_POINT ( 'NONE',  ( 0.000000000000000000, -0.3999999999999975797, -0.6999999999999992895 ) ) ;
#823 = FACE_OUTER_BOUND ( 'NONE', #2000, .T. ) ;
#824 = DIRECTION ( 'NONE',  ( 0.000000000000000000, 0.000000000000000000, 1.000000000000000000 ) ) ;
#825 = CARTESIAN_POINT ( 'NONE',  ( 5.884232728006456803, -0.3999999999999975797, -19.00000000000000000 ) ) ;
#826 = CIRCLE ( 'NONE', #3481, 0.9999999999999940048 ) ;
#827 = AXIS2_PLACEMENT_3D ( 'NONE', #991, #366, #2185 ) ;
#828 = DIRECTION ( 'NONE',  ( -0.000000000000000000, -0.000000000000000000, 1.000000000000000000 ) ) ;
#829 = DIRECTION ( 'NONE',  ( -1.000000000000000000, 0.000000000000000000, 0.000000000000000000 ) ) ;
#830 = VECTOR ( 'NONE', #2178, 1000.000000000000000 ) ;
#831 = ORIENTED_EDGE ( 'NONE', *, *, #2097, .T. ) ;
#832 = DIRECTION ( 'NONE',  ( -1.000000000000000000, -0.000000000000000000, -0.000000000000000000 ) ) ;
#833 = VECTOR ( 'NONE', #3271, 1000.000000000000000 ) ;
#834 = DIRECTION ( 'NONE',  ( 0.7071067811865465735, -0.7071067811865483499, 0.000000000000000000 ) ) ;
#835 = ORIENTED_EDGE ( 'NONE', *, *, #2344, .F. ) ;
#836 = ORIENTED_EDGE ( 'NONE', *, *, #344, .T. ) ;
#837 = CARTESIAN_POINT ( 'NONE',  ( 5.884232728006456803, -1.900000000000000133, -0.6999999999999994005 ) ) ;
#838 = DIRECTION ( 'NONE',  ( 0.7071067811865486830, 0.000000000000000000, 0.7071067811865464625 ) ) ;
#839 = ORIENTED_EDGE ( 'NONE', *, *, #2901, .T. ) ;
#840 = ORIENTED_EDGE ( 'NONE', *, *, #2873, .T. ) ;
#841 = EDGE_CURVE ( 'NONE', #2786, #2243, #1801, .T. ) ;
#842 = EDGE_CURVE ( 'NONE', #2918, #1310, #307, .T. ) ;
#843 = DIRECTION ( 'NONE',  ( -0.7071067811865486830, 8.659560562354947649E-17, 0.7071067811865464625 ) ) ;
#844 = DIRECTION ( 'NONE',  ( 0.000000000000000000, 0.000000000000000000, -1.000000000000000000 ) ) ;
#845 = CARTESIAN_POINT ( 'NONE',  ( 21.75000000000000711, 0.000000000000000000, -3.000000000000000000 ) ) ;
#846 = CARTESIAN_POINT ( 'NONE',  ( -14.00000000000000178, 2.511083665182844845E-15, -3.000000000000000000 ) ) ;
#847 = UNCERTAINTY_MEASURE_WITH_UNIT (LENGTH_MEASURE( 1.000000000000000082E-05 ), #3504, 'distance_accuracy_value', 'NONE');
#848 = ORIENTED_EDGE ( 'NONE', *, *, #1903, .T. ) ;
#849 = CARTESIAN_POINT ( 'NONE',  ( -7.550252531694177094, 8.000000000000000000, 1.500000000000000000 ) ) ;
#850 = LINE ( 'NONE', #2391, #1705 ) ;
#851 = SURFACE_SIDE_STYLE ('',( #623 ) ) ;
#852 = ORIENTED_EDGE ( 'NONE', *, *, #1836, .T. ) ;
#853 = DIRECTION ( 'NONE',  ( 0.000000000000000000, -1.000000000000000000, 0.000000000000000000 ) ) ;
#854 = ORIENTED_EDGE ( 'NONE', *, *, #2705, .F. ) ;
#855 = VECTOR ( 'NONE', #1870, 1000.000000000000000 ) ;
#856 = VERTEX_POINT ( 'NONE', #3248 ) ;
#857 = DIRECTION ( 'NONE',  ( -0.000000000000000000, 1.000000000000000000, -0.000000000000000000 ) ) ;
#858 = LINE ( 'NONE', #2059, #2985 ) ;
#859 = VERTEX_POINT ( 'NONE', #548 ) ;
#860 = VERTEX_POINT ( 'NONE', #1740 ) ;
#861 = LINE ( 'NONE', #57, #187 ) ;
#862 = DIRECTION ( 'NONE',  ( -1.000000000000000000, 0.000000000000000000, -0.000000000000000000 ) ) ;
#863 = SURFACE_STYLE_FILL_AREA ( #1200 ) ;
#864 = CARTESIAN_POINT ( 'NONE',  ( 10.50000000000000355, -0.3999999999999975797, -12.49999999999999822 ) ) ;
#865 = EDGE_CURVE ( 'NONE', #1746, #1353, #2949, .T. ) ;
#866 = DIRECTION ( 'NONE',  ( 1.000000000000000000, 0.000000000000000000, 0.000000000000000000 ) ) ;
#867 = CARTESIAN_POINT ( 'NONE',  ( -5.484232728006459112, -6.099999999999999645, -15.00000000000000000 ) ) ;
#868 = EDGE_CURVE ( 'NONE', #363, #3298, #28, .T. ) ;
#869 = EDGE_CURVE ( 'NONE', #371, #2345, #3566, .T. ) ;
#870 = DIRECTION ( 'NONE',  ( -1.000000000000000000, 0.000000000000000000, -0.000000000000000000 ) ) ;
#871 = VERTEX_POINT ( 'NONE', #1457 ) ;
#872 = AXIS2_PLACEMENT_3D ( 'NONE', #2232, #2176, #996 ) ;
#873 = LINE ( 'NONE', #1731, #515 ) ;
#874 = LINE ( 'NONE', #1193, #467 ) ;
#875 = ORIENTED_EDGE ( 'NONE', *, *, #3330, .F. ) ;
#876 = VECTOR ( 'NONE', #2944, 1000.000000000000000 ) ;
#877 = CARTESIAN_POINT ( 'NONE',  ( -8.171572875253820811, 9.500000000000000000, -15.00000000000000000 ) ) ;
#878 = CIRCLE ( 'NONE', #1001, 1.750000000000001554 ) ;
#879 = CARTESIAN_POINT ( 'NONE',  ( -0.9500000000000029532, 4.400000000000008349, -24.39999999999999858 ) ) ;
#880 = CARTESIAN_POINT ( 'NONE',  ( -18.25000000000000355, -2.143131898507868297E-16, -3.000000000000000000 ) ) ;
#881 = AXIS2_PLACEMENT_3D ( 'NONE', #3124, #1609, #3755 ) ;
#882 = CARTESIAN_POINT ( 'NONE',  ( 20.00000000000000355, 0.000000000000000000, -3.000000000000000000 ) ) ;
#883 = DIRECTION ( 'NONE',  ( 0.000000000000000000, 0.000000000000000000, 1.000000000000000000 ) ) ;
#884 = CIRCLE ( 'NONE', #1644, 1.000000000000000888 ) ;
#885 = VERTEX_POINT ( 'NONE', #849 ) ;
#886 = EDGE_CURVE ( 'NONE', #929, #3879, #3663, .T. ) ;
#887 = ADVANCED_FACE ( 'NONE', ( #3128 ), #3050, .F. ) ;
#888 = EDGE_LOOP ( 'NONE', ( #1506, #1708, #3756, #282 ) ) ;
#889 = CARTESIAN_POINT ( 'NONE',  ( -8.835786437626923728, 8.835786437626898859, -15.00000000000000000 ) ) ;
#890 = ORIENTED_EDGE ( 'NONE', *, *, #55, .F. ) ;
#891 = ORIENTED_EDGE ( 'NONE', *, *, #489, .T. ) ;
#892 = LINE ( 'NONE', #2013, #212 ) ;
#893 = AXIS2_PLACEMENT_3D ( 'NONE', #2736, #1543, #59 ) ;
#894 = VERTEX_POINT ( 'NONE', #3643 ) ;
#895 = LINE ( 'NONE', #2135, #3225 ) ;
#896 = DIRECTION ( 'NONE',  ( 0.000000000000000000, -1.000000000000000000, 0.000000000000000000 ) ) ;
#897 = ORIENTED_EDGE ( 'NONE', *, *, #1412, .F. ) ;
#898 = VECTOR ( 'NONE', #2418, 1000.000000000000000 ) ;
#899 = DIRECTION ( 'NONE',  ( 0.000000000000000000, 0.000000000000000000, 1.000000000000000000 ) ) ;
#900 = DIRECTION ( 'NONE',  ( 0.000000000000000000, 0.000000000000000000, -1.000000000000000000 ) ) ;
#901 = DIRECTION ( 'NONE',  ( 0.000000000000000000, 0.000000000000000000, -1.000000000000000000 ) ) ;
#902 = AXIS2_PLACEMENT_3D ( 'NONE', #311, #1491, #3092 ) ;
#903 = ORIENTED_EDGE ( 'NONE', *, *, #1685, .T. ) ;
#904 = SURFACE_STYLE_USAGE ( .BOTH. , #980 ) ;
#905 = DIRECTION ( 'NONE',  ( 1.793631189416317430E-16, -1.000000000000000000, 0.000000000000000000 ) ) ;
#906 = CARTESIAN_POINT ( 'NONE',  ( 7.784232728006455382, -4.399999999999997691, -0.6999999999999992895 ) ) ;
#907 = VECTOR ( 'NONE', #2624, 1000.000000000000000 ) ;
#908 = ORIENTED_EDGE ( 'NONE', *, *, #963, .F. ) ;
#909 = DIRECTION ( 'NONE',  ( -1.000000000000000000, 0.000000000000000000, 0.000000000000000000 ) ) ;
#910 = ORIENTED_EDGE ( 'NONE', *, *, #3607, .T. ) ;
#911 = EDGE_CURVE ( 'NONE', #1353, #1422, #3033, .T. ) ;
#912 = ORIENTED_EDGE ( 'NONE', *, *, #1504, .T. ) ;
#913 = CARTESIAN_POINT ( 'NONE',  ( 9.184232728006458402, -5.100000000000004086, -15.00000000000000000 ) ) ;
#914 = PRESENTATION_LAYER_ASSIGNMENT (  '', '', ( #2942 ) ) ;
#915 = CARTESIAN_POINT ( 'NONE',  ( 5.884232728006456803, -4.399999999999997691, -24.39999999999999858 ) ) ;
#916 = ADVANCED_FACE ( 'NONE', ( #923, #1003, #2745, #1262 ), #47, .F. ) ;
#917 = EDGE_CURVE ( 'NONE', #2339, #48, #2791, .T. ) ;
#918 = ORIENTED_EDGE ( 'NONE', *, *, #1923, .T. ) ;
#919 = DIRECTION ( 'NONE',  ( 0.000000000000000000, -1.000000000000000000, 0.000000000000000000 ) ) ;
#920 = DIRECTION ( 'NONE',  ( 0.000000000000000000, 0.000000000000000000, 1.000000000000000000 ) ) ;
#921 = LINE ( 'NONE', #1313, #1385 ) ;
#922 = LINE ( 'NONE', #1598, #2993 ) ;
#923 = FACE_OUTER_BOUND ( 'NONE', #1050, .T. ) ;
#924 = CARTESIAN_POINT ( 'NONE',  ( 0.000000000000000000, -4.399999999999995914, -24.39999999999999858 ) ) ;
#925 = VERTEX_POINT ( 'NONE', #2471 ) ;
#926 = PLANE ( 'NONE',  #3250 ) ;
#927 = CARTESIAN_POINT ( 'NONE',  ( -0.9500000000000029532, 4.400000000000008349, -19.00000000000000000 ) ) ;
#928 = ADVANCED_FACE ( 'NONE', ( #2450 ), #342, .F. ) ;
#929 = VERTEX_POINT ( 'NONE', #3072 ) ;
#930 = CARTESIAN_POINT ( 'NONE',  ( 0.9499999999999959588, 3.900000000000007905, -24.89999999999999858 ) ) ;
#931 = DIRECTION ( 'NONE',  ( 0.000000000000000000, -1.000000000000000000, 0.000000000000000000 ) ) ;
#932 = MECHANICAL_DESIGN_GEOMETRIC_PRESENTATION_REPRESENTATION (  '', ( #2966 ), #2328 ) ;
#933 = EDGE_CURVE ( 'NONE', #3879, #856, #1574, .T. ) ;
#934 = EDGE_CURVE ( 'NONE', #2600, #2486, #364, .T. ) ;
#935 = CARTESIAN_POINT ( 'NONE',  ( -7.784232728006462487, -0.3999999999999958589, -19.00000000000000000 ) ) ;
#936 = ORIENTED_EDGE ( 'NONE', *, *, #2804, .F. ) ;
#937 = CARTESIAN_POINT ( 'NONE',  ( 14.00000000000000178, 2.511083665182844845E-15, -3.000000000000000000 ) ) ;
#938 = AXIS2_PLACEMENT_3D ( 'NONE', #620, #828, #3304 ) ;
#939 = EDGE_LOOP ( 'NONE', ( #1752, #780, #50, #2060 ) ) ;
#940 = AXIS2_PLACEMENT_3D ( 'NONE', #1287, #1531, #2204 ) ;
#941 = DIRECTION ( 'NONE',  ( -0.000000000000000000, 0.000000000000000000, -1.000000000000000000 ) ) ;
#942 = ORIENTED_EDGE ( 'NONE', *, *, #294, .T. ) ;
#943 = PLANE ( 'NONE',  #811 ) ;
#944 = ORIENTED_EDGE ( 'NONE', *, *, #1556, .T. ) ;
#945 = DIRECTION ( 'NONE',  ( 0.000000000000000000, -1.000000000000000000, 0.000000000000000000 ) ) ;
#946 = AXIS2_PLACEMENT_3D ( 'NONE', #1592, #103, #1293 ) ;
#947 = VECTOR ( 'NONE', #2951, 1000.000000000000000 ) ;
#948 = DIRECTION ( 'NONE',  ( 0.000000000000000000, -0.8660254037844378194, 0.5000000000000014433 ) ) ;
#949 = DIRECTION ( 'NONE',  ( -0.000000000000000000, -0.000000000000000000, -1.000000000000000000 ) ) ;
#950 = VERTEX_POINT ( 'NONE', #2812 ) ;
#951 = VECTOR ( 'NONE', #1046, 1000.000000000000000 ) ;
#952 = ORIENTED_EDGE ( 'NONE', *, *, #1880, .T. ) ;
#953 = DIRECTION ( 'NONE',  ( -1.000000000000000000, 0.000000000000000000, 0.000000000000000000 ) ) ;
#954 = AXIS2_PLACEMENT_3D ( 'NONE', #1135, #1156, #3848 ) ;
#955 = ORIENTED_EDGE ( 'NONE', *, *, #3046, .T. ) ;
#956 = CARTESIAN_POINT ( 'NONE',  ( 0.000000000000000000, -11.00000000000000000, -3.000000000000000000 ) ) ;
#957 = LINE ( 'NONE', #3332, #526 ) ;
#958 = AXIS2_PLACEMENT_3D ( 'NONE', #1327, #158, #2557 ) ;
#959 = CARTESIAN_POINT ( 'NONE',  ( 7.784232728006455382, -1.424999999999997602, -1.522724133595217744 ) ) ;
#960 = CARTESIAN_POINT ( 'NONE',  ( 0.000000000000000000, 4.400000000000008349, -0.6999999999999992895 ) ) ;
#961 = EDGE_LOOP ( 'NONE', ( #2476, #1902, #3002, #3812, #3908, #2353, #1982, #2137 ) ) ;
#962 = CARTESIAN_POINT ( 'NONE',  ( 0.000000000000000000, -0.3999999999999958589, -0.6999999999999992895 ) ) ;
#963 = EDGE_CURVE ( 'NONE', #3733, #3326, #452, .T. ) ;
#964 = ADVANCED_FACE ( 'NONE', ( #1838, #3423 ), #943, .T. ) ;
#965 = ORIENTED_EDGE ( 'NONE', *, *, #2578, .T. ) ;
#966 =( LENGTH_UNIT ( ) NAMED_UNIT ( * ) SI_UNIT ( .MILLI., .METRE. ) );
#967 = ORIENTED_EDGE ( 'NONE', *, *, #155, .T. ) ;
#968 = CARTESIAN_POINT ( 'NONE',  ( -1.350000000000004086, 6.100000000000001421, -15.00000000000000000 ) ) ;
#969 = ORIENTED_EDGE ( 'NONE', *, *, #3652, .F. ) ;
#970 = DIRECTION ( 'NONE',  ( 0.000000000000000000, 0.000000000000000000, 1.000000000000000000 ) ) ;
#971 = VECTOR ( 'NONE', #1010, 1000.000000000000000 ) ;
#972 = ADVANCED_FACE ( 'NONE', ( #3681 ), #663, .F. ) ;
#973 = ORIENTED_EDGE ( 'NONE', *, *, #276, .F. ) ;
#974 = COLOUR_RGB ( '',0.09803921568627450844, 0.09803921568627450844, 0.09803921568627450844 ) ;
#975 = DIRECTION ( 'NONE',  ( -1.793631189416317430E-16, -1.000000000000000000, 0.000000000000000000 ) ) ;
#976 = VERTEX_POINT ( 'NONE', #89 ) ;
#977 = DIRECTION ( 'NONE',  ( 0.000000000000000000, 0.000000000000000000, 1.000000000000000000 ) ) ;
#978 = EDGE_LOOP ( 'NONE', ( #1698, #3869, #1220, #3680 ) ) ;
#979 = DIRECTION ( 'NONE',  ( 0.000000000000000000, 0.000000000000000000, 1.000000000000000000 ) ) ;
#980 = SURFACE_SIDE_STYLE ('',( #3013 ) ) ;
#981 = VERTEX_POINT ( 'NONE', #968 ) ;
#982 = DIRECTION ( 'NONE',  ( 0.000000000000000000, 0.000000000000000000, 1.000000000000000000 ) ) ;
#983 = DIRECTION ( 'NONE',  ( 0.000000000000000000, -1.000000000000000000, 0.000000000000000000 ) ) ;
#984 = LINE ( 'NONE', #1565, #644 ) ;
#985 = DIRECTION ( 'NONE',  ( -1.000000000000000000, 0.000000000000000000, 0.000000000000000000 ) ) ;
#986 = VERTEX_POINT ( 'NONE', #107 ) ;
#987 = PLANE ( 'NONE',  #2340 ) ;
#988 = VERTEX_POINT ( 'NONE', #2168 ) ;
#989 = DIRECTION ( 'NONE',  ( 1.000000000000000000, 0.000000000000000000, 0.000000000000000000 ) ) ;
#990 = EDGE_CURVE ( 'NONE', #319, #2746, #1875, .T. ) ;
#991 = CARTESIAN_POINT ( 'NONE',  ( 10.50000000000000355, -6.000000000000000000, -12.49999999999999822 ) ) ;
#992 = DIRECTION ( 'NONE',  ( 0.8829475928589280986, -0.4694715627858885854, 0.000000000000000000 ) ) ;
#993 = EDGE_CURVE ( 'NONE', #885, #1461, #3713, .T. ) ;
#994 = DIRECTION ( 'NONE',  ( 0.000000000000000000, 0.000000000000000000, 1.000000000000000000 ) ) ;
#995 = EDGE_LOOP ( 'NONE', ( #1365, #903, #3329, #3247 ) ) ;
#996 = DIRECTION ( 'NONE',  ( 0.000000000000000000, 0.000000000000000000, -1.000000000000000000 ) ) ;
#997 = LINE ( 'NONE', #209, #586 ) ;
#998 = CARTESIAN_POINT ( 'NONE',  ( -7.784232728006462487, -4.399999999999995914, -12.49999999999999822 ) ) ;
#999 = DIRECTION ( 'NONE',  ( 1.000000000000000000, 0.000000000000000000, 0.000000000000000000 ) ) ;
#1000 = PLANE ( 'NONE',  #2352 ) ;
#1001 = AXIS2_PLACEMENT_3D ( 'NONE', #1138, #1405, #650 ) ;
#1002 = SURFACE_STYLE_USAGE ( .BOTH. , #2504 ) ;
#1003 = FACE_BOUND ( 'NONE', #2056, .T. ) ;
#1004 = LINE ( 'NONE', #2205, #2915 ) ;
#1005 = COLOUR_RGB ( '',0.09803921568627450844, 0.09803921568627450844, 0.09803921568627450844 ) ;
#1006 = VERTEX_POINT ( 'NONE', #1895 ) ;
#1007 = FILL_AREA_STYLE_COLOUR ( '', #1005 ) ;
#1008 = CARTESIAN_POINT ( 'NONE',  ( 22.34735781392944887, 4.414737964294641159, -3.000000000000000000 ) ) ;
#1009 = VECTOR ( 'NONE', #1813, 1000.000000000000000 ) ;
#1010 = DIRECTION ( 'NONE',  ( -0.000000000000000000, -0.000000000000000000, 1.000000000000000000 ) ) ;
#1011 = EDGE_LOOP ( 'NONE', ( #1479, #483, #2357, #1143, #1787, #3189, #1677, #3110 ) ) ;
#1012 = ADVANCED_FACE ( 'NONE', ( #3402 ), #701, .F. ) ;
#1013 = EDGE_CURVE ( 'NONE', #788, #1739, #1337, .T. ) ;
#1014 = VECTOR ( 'NONE', #3847, 1000.000000000000000 ) ;
#1015 = CARTESIAN_POINT ( 'NONE',  ( 7.784232728006455382, 0.000000000000000000, -24.89999999999999858 ) ) ;
#1016 = VERTEX_POINT ( 'NONE', #181 ) ;
#1017 = CARTESIAN_POINT ( 'NONE',  ( 0.000000000000000000, 4.400000000000008349, -3.298076211353310416 ) ) ;
#1018 = CARTESIAN_POINT ( 'NONE',  ( 5.884232728006456803, -3.899999999999997691, -24.39999999999999858 ) ) ;
#1019 = VECTOR ( 'NONE', #1300, 1000.000000000000114 ) ;
#1020 = VECTOR ( 'NONE', #1223, 1000.000000000000000 ) ;
#1021 = DIRECTION ( 'NONE',  ( -1.000000000000000000, -1.793631189416317430E-16, 0.000000000000000000 ) ) ;
#1022 = SURFACE_STYLE_USAGE ( .BOTH. , #438 ) ;
#1023 = ORIENTED_EDGE ( 'NONE', *, *, #225, .F. ) ;
#1024 = ORIENTED_EDGE ( 'NONE', *, *, #3480, .T. ) ;
#1025 = ORIENTED_EDGE ( 'NONE', *, *, #2443, .T. ) ;
#1026 = ORIENTED_EDGE ( 'NONE', *, *, #1903, .F. ) ;
#1027 = CARTESIAN_POINT ( 'NONE',  ( 2.349999999999997868, -0.2999999999999981570, -15.00000000000000000 ) ) ;
#1028 = CARTESIAN_POINT ( 'NONE',  ( 0.000000000000000000, -11.00000000000000000, -3.000000000000000000 ) ) ;
#1029 = FACE_OUTER_BOUND ( 'NONE', #978, .T. ) ;
#1030 = ORIENTED_EDGE ( 'NONE', *, *, #2373, .T. ) ;
#1031 = PLANE ( 'NONE',  #872 ) ;
#1032 = ORIENTED_EDGE ( 'NONE', *, *, #249, .F. ) ;
#1033 = DIRECTION ( 'NONE',  ( 0.000000000000000000, 0.000000000000000000, 1.000000000000000000 ) ) ;
#1034 = EDGE_CURVE ( 'NONE', #3253, #371, #168, .T. ) ;
#1035 = DIRECTION ( 'NONE',  ( 1.000000000000000000, 0.000000000000000000, 0.000000000000000000 ) ) ;
#1036 = AXIS2_PLACEMENT_3D ( 'NONE', #2305, #2408, #1832 ) ;
#1037 = CARTESIAN_POINT ( 'NONE',  ( -2.349999999999994316, 5.100000000000004086, -19.00000000000000000 ) ) ;
#1038 = CARTESIAN_POINT ( 'NONE',  ( 0.000000000000000000, 0.000000000000000000, 0.000000000000000000 ) ) ;
#1039 = ADVANCED_FACE ( 'NONE', ( #1633 ), #2903, .T. ) ;
#1040 = CARTESIAN_POINT ( 'NONE',  ( -1.350000000000004086, 5.100000000000004086, -19.00000000000000000 ) ) ;
#1041 = EDGE_CURVE ( 'NONE', #3623, #986, #3815, .T. ) ;
#1042 = VERTEX_POINT ( 'NONE', #481 ) ;
#1043 = FILL_AREA_STYLE ('',( #3476 ) ) ;
#1044 = ORIENTED_EDGE ( 'NONE', *, *, #2664, .T. ) ;
#1045 = FILL_AREA_STYLE_COLOUR ( '', #2202 ) ;
#1046 = DIRECTION ( 'NONE',  ( -1.000000000000000000, 0.000000000000000000, 0.000000000000000000 ) ) ;
#1047 = ORIENTED_EDGE ( 'NONE', *, *, #2731, .F. ) ;
#1048 = DIRECTION ( 'NONE',  ( -1.000000000000000000, 0.000000000000000000, 0.000000000000000000 ) ) ;
#1049 = DIRECTION ( 'NONE',  ( 0.000000000000000000, 0.000000000000000000, -1.000000000000000000 ) ) ;
#1050 = EDGE_LOOP ( 'NONE', ( #2956, #1753, #554, #1152, #2986, #1784, #1281, #78 ) ) ;
#1051 = DIRECTION ( 'NONE',  ( -1.000000000000000000, -0.000000000000000000, -0.000000000000000000 ) ) ;
#1052 = DIRECTION ( 'NONE',  ( -0.000000000000000000, -0.000000000000000000, 1.000000000000000000 ) ) ;
#1053 = VERTEX_POINT ( 'NONE', #1715 ) ;
#1054 = EDGE_CURVE ( 'NONE', #1444, #3522, #799, .T. ) ;
#1055 = EDGE_CURVE ( 'NONE', #208, #1746, #782, .T. ) ;
#1056 =( NAMED_UNIT ( * ) PLANE_ANGLE_UNIT ( ) SI_UNIT ( $, .RADIAN. ) );
#1057 = EDGE_LOOP ( 'NONE', ( #3283, #379, #3322, #3001 ) ) ;
#1058 = DIRECTION ( 'NONE',  ( -0.7071067811865465735, -0.7071067811865483499, 0.000000000000000000 ) ) ;
#1059 = DIRECTION ( 'NONE',  ( -0.000000000000000000, -0.000000000000000000, 1.000000000000000000 ) ) ;
#1060 = COLOUR_RGB ( '',0.09803921568627450844, 0.09803921568627450844, 0.09803921568627450844 ) ;
#1061 = VERTEX_POINT ( 'NONE', #2565 ) ;
#1062 = CIRCLE ( 'NONE', #3597, 0.5000000000000004441 ) ;
#1063 = FILL_AREA_STYLE_COLOUR ( '', #3218 ) ;
#1064 = ORIENTED_EDGE ( 'NONE', *, *, #154, .T. ) ;
#1065 = CIRCLE ( 'NONE', #1438, 1.750000000000001554 ) ;
#1066 = VECTOR ( 'NONE', #2727, 1000.000000000000000 ) ;
#1067 = STYLED_ITEM ( 'NONE', ( #122 ), #56 ) ;
#1068 = ORIENTED_EDGE ( 'NONE', *, *, #3173, .T. ) ;
#1069 = LINE ( 'NONE', #2890, #278 ) ;
#1070 = VECTOR ( 'NONE', #857, 1000.000000000000000 ) ;
#1071 = AXIS2_PLACEMENT_3D ( 'NONE', #2709, #605, #29 ) ;
#1072 = FACE_BOUND ( 'NONE', #3546, .T. ) ;
#1073 =( NAMED_UNIT ( * ) SI_UNIT ( $, .STERADIAN. ) SOLID_ANGLE_UNIT ( ) );
#1074 = DIRECTION ( 'NONE',  ( 1.000000000000000000, -0.000000000000000000, -0.000000000000000000 ) ) ;
#1075 = ORIENTED_EDGE ( 'NONE', *, *, #841, .T. ) ;
#1076 = VECTOR ( 'NONE', #2288, 1000.000000000000000 ) ;
#1077 = CARTESIAN_POINT ( 'NONE',  ( 8.835786437626923728, 8.835786437626898859, -15.00000000000000000 ) ) ;
#1078 = DIRECTION ( 'NONE',  ( 0.000000000000000000, 0.000000000000000000, -1.000000000000000000 ) ) ;
#1079 = DIRECTION ( 'NONE',  ( 0.000000000000000000, 0.000000000000000000, -1.000000000000000000 ) ) ;
#1080 = STYLED_ITEM ( 'NONE', ( #439 ), #2617 ) ;
#1081 = EDGE_CURVE ( 'NONE', #2381, #1053, #1769, .T. ) ;
#1082 = EDGE_CURVE ( 'NONE', #2255, #3408, #1500, .T. ) ;
#1083 = UNCERTAINTY_MEASURE_WITH_UNIT (LENGTH_MEASURE( 1.000000000000000082E-05 ), #2602, 'distance_accuracy_value', 'NONE');
#1084 = AXIS2_PLACEMENT_3D ( 'NONE', #589, #252, #291 ) ;
#1085 = ORIENTED_EDGE ( 'NONE', *, *, #294, .F. ) ;
#1086 = CYLINDRICAL_SURFACE ( 'NONE', #3533, 0.5000000000000004441 ) ;
#1087 = ADVANCED_FACE ( 'NONE', ( #146 ), #2549, .F. ) ;
#1088 = LINE ( 'NONE', #1680, #1564 ) ;
#1089 = DIRECTION ( 'NONE',  ( 0.000000000000000000, 0.000000000000000000, -1.000000000000000000 ) ) ;
#1090 = COLOUR_RGB ( '',0.09803921568627450844, 0.09803921568627450844, 0.09803921568627450844 ) ;
#1091 = PRESENTATION_LAYER_ASSIGNMENT (  '', '', ( #3126 ) ) ;
#1092 = LINE ( 'NONE', #746, #330 ) ;
#1093 = DIRECTION ( 'NONE',  ( 1.000000000000000000, 0.000000000000000000, 0.000000000000000000 ) ) ;
#1094 = DIRECTION ( 'NONE',  ( -1.000000000000000000, 0.000000000000000000, 0.000000000000000000 ) ) ;
#1095 = VERTEX_POINT ( 'NONE', #222 ) ;
#1096 = EDGE_LOOP ( 'NONE', ( #292, #3257, #102, #2458 ) ) ;
#1097 = ORIENTED_EDGE ( 'NONE', *, *, #2507, .F. ) ;
#1098 = CARTESIAN_POINT ( 'NONE',  ( -0.9500000000000029532, 2.400000000000007017, -22.35999999999999943 ) ) ;
#1099 = CARTESIAN_POINT ( 'NONE',  ( 12.50000000000000533, -6.000000000000000000, -12.49999999999999645 ) ) ;
#1100 = LINE ( 'NONE', #3762, #2151 ) ;
#1101 = ORIENTED_EDGE ( 'NONE', *, *, #3458, .F. ) ;
#1102 = EDGE_CURVE ( 'NONE', #885, #312, #3461, .T. ) ;
#1103 = ORIENTED_EDGE ( 'NONE', *, *, #2239, .T. ) ;
#1104 = DIRECTION ( 'NONE',  ( 0.000000000000000000, -1.000000000000000000, 0.000000000000000000 ) ) ;
#1105 = CARTESIAN_POINT ( 'NONE',  ( -12.50000000000000533, -6.000000000000000000, -12.49999999999999645 ) ) ;
#1106 = ADVANCED_FACE ( 'NONE', ( #3184 ), #3776, .F. ) ;
#1107 = ADVANCED_FACE ( 'NONE', ( #2880 ), #3497, .F. ) ;
#1108 = FILL_AREA_STYLE_COLOUR ( '', #2198 ) ;
#1109 = EDGE_LOOP ( 'NONE', ( #2338, #1440, #303, #2754 ) ) ;
#1110 = CARTESIAN_POINT ( 'NONE',  ( 7.784232728006452717, -2.399999999999998135, -23.35999999999999943 ) ) ;
#1111 = ORIENTED_EDGE ( 'NONE', *, *, #201, .T. ) ;
#1112 = VERTEX_POINT ( 'NONE', #2963 ) ;
#1113 = PLANE ( 'NONE',  #3475 ) ;
#1114 = CARTESIAN_POINT ( 'NONE',  ( -5.884232728006463908, -4.399999999999995914, -19.00000000000000000 ) ) ;
#1115 = ORIENTED_EDGE ( 'NONE', *, *, #9, .F. ) ;
#1116 = ORIENTED_EDGE ( 'NONE', *, *, #472, .F. ) ;
#1117 = LINE ( 'NONE', #2757, #199 ) ;
#1118 = LINE ( 'NONE', #3619, #876 ) ;
#1119 = LINE ( 'NONE', #2604, #951 ) ;
#1120 = UNCERTAINTY_MEASURE_WITH_UNIT (LENGTH_MEASURE( 1.000000000000000082E-05 ), #478, 'distance_accuracy_value', 'NONE');
#1121 = ORIENTED_EDGE ( 'NONE', *, *, #3555, .F. ) ;
#1122 =( NAMED_UNIT ( * ) PLANE_ANGLE_UNIT ( ) SI_UNIT ( $, .RADIAN. ) );
#1123 = SURFACE_STYLE_USAGE ( .BOTH. , #3839 ) ;
#1124 = VECTOR ( 'NONE', #2011, 999.9999999999998863 ) ;
#1125 = LINE ( 'NONE', #2888, #632 ) ;
#1126 = ORIENTED_EDGE ( 'NONE', *, *, #787, .T. ) ;
#1127 = AXIS2_PLACEMENT_3D ( 'NONE', #3543, #484, #501 ) ;
#1128 = LINE ( 'NONE', #2076, #2092 ) ;
#1129 = ORIENTED_EDGE ( 'NONE', *, *, #3876, .T. ) ;
#1130 = EDGE_CURVE ( 'NONE', #860, #2277, #1452, .T. ) ;
#1131 = ADVANCED_FACE ( 'NONE', ( #823 ), #3242, .T. ) ;
#1132 = AXIS2_PLACEMENT_3D ( 'NONE', #3594, #3019, #3881 ) ;
#1133 = ORIENTED_EDGE ( 'NONE', *, *, #1013, .F. ) ;
#1134 = LINE ( 'NONE', #2341, #3729 ) ;
#1135 = CARTESIAN_POINT ( 'NONE',  ( 4.484232728006465329, 0.2999999999999981570, -19.00000000000000000 ) ) ;
#1136 = AXIS2_PLACEMENT_3D ( 'NONE', #320, #2762, #2783 ) ;
#1137 = VERTEX_POINT ( 'NONE', #877 ) ;
#1138 = CARTESIAN_POINT ( 'NONE',  ( -20.00000000000000355, 0.000000000000000000, -3.000000000000000000 ) ) ;
#1139 = FACE_OUTER_BOUND ( 'NONE', #3106, .T. ) ;
#1140 = DIRECTION ( 'NONE',  ( -1.000000000000000000, 0.000000000000000000, 0.000000000000000000 ) ) ;
#1141 = DIRECTION ( 'NONE',  ( 0.000000000000000000, 0.000000000000000000, -1.000000000000000000 ) ) ;
#1142 = AXIS2_PLACEMENT_3D ( 'NONE', #120, #3086, #1612 ) ;
#1143 = ORIENTED_EDGE ( 'NONE', *, *, #735, .F. ) ;
#1144 = ORIENTED_EDGE ( 'NONE', *, *, #2049, .F. ) ;
#1145 = VECTOR ( 'NONE', #1382, 1000.000000000000000 ) ;
#1146 = DIRECTION ( 'NONE',  ( 0.000000000000000000, 0.000000000000000000, -1.000000000000000000 ) ) ;
#1147 = CARTESIAN_POINT ( 'NONE',  ( 20.00000000000000355, 0.000000000000000000, -1.399999999999988809 ) ) ;
#1148 = VECTOR ( 'NONE', #1959, 1000.000000000000000 ) ;
#1149 = VERTEX_POINT ( 'NONE', #244 ) ;
#1150 =( NAMED_UNIT ( * ) PLANE_ANGLE_UNIT ( ) SI_UNIT ( $, .RADIAN. ) );
#1151 = DIRECTION ( 'NONE',  ( 0.000000000000000000, 0.000000000000000000, -1.000000000000000000 ) ) ;
#1152 = ORIENTED_EDGE ( 'NONE', *, *, #2042, .F. ) ;
#1153 = ORIENTED_EDGE ( 'NONE', *, *, #2344, .T. ) ;
#1154 = EDGE_CURVE ( 'NONE', #1403, #1876, #2085, .T. ) ;
#1155 = DIRECTION ( 'NONE',  ( -0.000000000000000000, -0.000000000000000000, 1.000000000000000000 ) ) ;
#1156 = DIRECTION ( 'NONE',  ( 1.000000000000000000, 0.000000000000000000, 0.000000000000000000 ) ) ;
#1157 = ORIENTED_EDGE ( 'NONE', *, *, #842, .F. ) ;
#1158 = ORIENTED_EDGE ( 'NONE', *, *, #3046, .F. ) ;
#1159 = VECTOR ( 'NONE', #368, 1000.000000000000000 ) ;
#1160 = CARTESIAN_POINT ( 'NONE',  ( -5.884232728006463908, 0.000000000000000000, -24.89999999999999858 ) ) ;
#1161 = EDGE_CURVE ( 'NONE', #3327, #1461, #1118, .T. ) ;
#1162 = ADVANCED_FACE ( 'NONE', ( #542 ), #1428, .F. ) ;
#1163 = CARTESIAN_POINT ( 'NONE',  ( -1.321694076934710205E-15, -8.000000000000000000, -12.49999999999999645 ) ) ;
#1164 = FACE_OUTER_BOUND ( 'NONE', #939, .T. ) ;
#1165 = CARTESIAN_POINT ( 'NONE',  ( 0.000000000000000000, 11.00000000000000000, -3.000000000000000000 ) ) ;
#1166 = AXIS2_PLACEMENT_3D ( 'NONE', #3796, #2904, #1078 ) ;
#1167 = UNCERTAINTY_MEASURE_WITH_UNIT (LENGTH_MEASURE( 1.000000000000000082E-05 ), #783, 'distance_accuracy_value', 'NONE');
#1168 = PLANE ( 'NONE',  #1888 ) ;
#1169 = CARTESIAN_POINT ( 'NONE',  ( -5.484232728006459112, -6.099999999999996092, -19.00000000000000000 ) ) ;
#1170 = ORIENTED_EDGE ( 'NONE', *, *, #350, .T. ) ;
#1171 = VERTEX_POINT ( 'NONE', #579 ) ;
#1172 = LINE ( 'NONE', #924, #753 ) ;
#1173 = CARTESIAN_POINT ( 'NONE',  ( 12.50000000000000178, 3.050252531694162439, -3.000000000000000000 ) ) ;
#1174 = ORIENTED_EDGE ( 'NONE', *, *, #1441, .T. ) ;
#1175 = CIRCLE ( 'NONE', #1355, 0.9999999999999940048 ) ;
#1176 = DIRECTION ( 'NONE',  ( -0.000000000000000000, 1.000000000000000000, -0.000000000000000000 ) ) ;
#1177 = DIRECTION ( 'NONE',  ( -1.000000000000000000, 0.000000000000000000, -0.000000000000000000 ) ) ;
#1178 = ORIENTED_EDGE ( 'NONE', *, *, #3410, .F. ) ;
#1179 = EDGE_LOOP ( 'NONE', ( #242, #1758, #1044, #1325 ) ) ;
#1180 = LINE ( 'NONE', #2026, #3853 ) ;
#1181 = DIRECTION ( 'NONE',  ( 0.000000000000000000, 0.000000000000000000, 1.000000000000000000 ) ) ;
#1182 = LINE ( 'NONE', #2386, #148 ) ;
#1183 = EDGE_CURVE ( 'NONE', #3246, #98, #1180, .T. ) ;
#1184 = ADVANCED_FACE ( 'NONE', ( #3854 ), #2384, .T. ) ;
#1185 = DIRECTION ( 'NONE',  ( -0.000000000000000000, -0.000000000000000000, 1.000000000000000000 ) ) ;
#1186 = CARTESIAN_POINT ( 'NONE',  ( -1.350000000000007416, -1.299999999999995604, -19.00000000000000000 ) ) ;
#1187 = LINE ( 'NONE', #3628, #1434 ) ;
#1188 = FACE_BOUND ( 'NONE', #2115, .T. ) ;
#1189 =( GEOMETRIC_REPRESENTATION_CONTEXT ( 3 ) GLOBAL_UNCERTAINTY_ASSIGNED_CONTEXT ( ( #3778 ) ) GLOBAL_UNIT_ASSIGNED_CONTEXT ( ( #1261, #1366, #1335 ) ) REPRESENTATION_CONTEXT ( 'NONE', 'WORKASPACE' ) );
#1190 = ORIENTED_EDGE ( 'NONE', *, *, #934, .T. ) ;
#1191 = AXIS2_PLACEMENT_3D ( 'NONE', #2589, #486, #1416 ) ;
#1192 = CARTESIAN_POINT ( 'NONE',  ( 22.34735781392944887, -4.414737964294641159, 0.000000000000000000 ) ) ;
#1193 = CARTESIAN_POINT ( 'NONE',  ( -9.962281222137846726, -11.00000000000000178, -3.000000000000000000 ) ) ;
#1194 = ORIENTED_EDGE ( 'NONE', *, *, #1154, .F. ) ;
#1195 = AXIS2_PLACEMENT_3D ( 'NONE', #2967, #3323, #1146 ) ;
#1196 = VERTEX_POINT ( 'NONE', #3300 ) ;
#1197 = AXIS2_PLACEMENT_3D ( 'NONE', #724, #123, #1912 ) ;
#1198 = LINE ( 'NONE', #2407, #1896 ) ;
#1199 = VECTOR ( 'NONE', #3579, 1000.000000000000000 ) ;
#1200 = FILL_AREA_STYLE ('',( #635 ) ) ;
#1201 = LINE ( 'NONE', #3596, #1841 ) ;
#1202 = VECTOR ( 'NONE', #573, 1000.000000000000000 ) ;
#1203 = LINE ( 'NONE', #3906, #1373 ) ;
#1204 = ADVANCED_FACE ( 'NONE', ( #2105 ), #3580, .T. ) ;
#1205 = CARTESIAN_POINT ( 'NONE',  ( 5.884232728006456803, -4.399999999999997691, -3.298076211353310416 ) ) ;
#1206 = VECTOR ( 'NONE', #1826, 1000.000000000000000 ) ;
#1207 = AXIS2_PLACEMENT_3D ( 'NONE', #2550, #1969, #2004 ) ;
#1208 = EDGE_LOOP ( 'NONE', ( #40, #1047, #1544, #1658 ) ) ;
#1209 = FILL_AREA_STYLE_COLOUR ( '', #447 ) ;
#1210 = ADVANCED_FACE ( 'NONE', ( #1139, #3563 ), #2063, .F. ) ;
#1211 = EDGE_CURVE ( 'NONE', #1258, #2515, #3835, .T. ) ;
#1212 = VERTEX_POINT ( 'NONE', #3900 ) ;
#1213 = CARTESIAN_POINT ( 'NONE',  ( -0.9500000000000029532, 3.900000000000007905, -24.39999999999999858 ) ) ;
#1214 = VECTOR ( 'NONE', #1773, 1000.000000000000000 ) ;
#1215 = ORIENTED_EDGE ( 'NONE', *, *, #2239, .F. ) ;
#1216 = CIRCLE ( 'NONE', #528, 1.000000000000000888 ) ;
#1217 = ORIENTED_EDGE ( 'NONE', *, *, #350, .F. ) ;
#1218 = DIRECTION ( 'NONE',  ( 0.000000000000000000, 0.000000000000000000, -1.000000000000000000 ) ) ;
#1219 = DIRECTION ( 'NONE',  ( 0.000000000000000000, 0.000000000000000000, -1.000000000000000000 ) ) ;
#1220 = ORIENTED_EDGE ( 'NONE', *, *, #3100, .F. ) ;
#1221 = ORIENTED_EDGE ( 'NONE', *, *, #3480, .F. ) ;
#1222 = LINE ( 'NONE', #400, #817 ) ;
#1223 = DIRECTION ( 'NONE',  ( 0.000000000000000000, -1.000000000000000000, 0.000000000000000000 ) ) ;
#1224 = ORIENTED_EDGE ( 'NONE', *, *, #933, .T. ) ;
#1225 =( NAMED_UNIT ( * ) PLANE_ANGLE_UNIT ( ) SI_UNIT ( $, .RADIAN. ) );
#1226 = DIRECTION ( 'NONE',  ( 0.000000000000000000, 0.000000000000000000, -1.000000000000000000 ) ) ;
#1227 = DIRECTION ( 'NONE',  ( -0.000000000000000000, -0.000000000000000000, 1.000000000000000000 ) ) ;
#1228 = EDGE_CURVE ( 'NONE', #2786, #3828, #578, .T. ) ;
#1229 = EDGE_LOOP ( 'NONE', ( #287, #2562, #1672, #891 ) ) ;
#1230 = CARTESIAN_POINT ( 'NONE',  ( -4.484232728006465329, 0.3000000000000000444, -15.00000000000000000 ) ) ;
#1231 = ADVANCED_FACE ( 'NONE', ( #2987 ), #285, .F. ) ;
#1232 = EDGE_CURVE ( 'NONE', #1629, #538, #300, .T. ) ;
#1233 = DIRECTION ( 'NONE',  ( 0.000000000000000000, -1.000000000000000000, -0.000000000000000000 ) ) ;
#1234 = CARTESIAN_POINT ( 'NONE',  ( 0.000000000000000000, 0.000000000000000000, -3.000000000000000000 ) ) ;
#1235 = MECHANICAL_DESIGN_GEOMETRIC_PRESENTATION_REPRESENTATION (  '', ( #2942 ), #2750 ) ;
#1236 = DIRECTION ( 'NONE',  ( 0.000000000000000000, -0.8660254037844378194, 0.5000000000000014433 ) ) ;
#1237 = ORIENTED_EDGE ( 'NONE', *, *, #1130, .F. ) ;
#1238 = DIRECTION ( 'NONE',  ( 0.000000000000000000, 0.000000000000000000, -1.000000000000000000 ) ) ;
#1239 = PRESENTATION_STYLE_ASSIGNMENT (( #3620 ) ) ;
#1240 = DIRECTION ( 'NONE',  ( -1.000000000000000000, 0.000000000000000000, 0.000000000000000000 ) ) ;
#1241 = ORIENTED_EDGE ( 'NONE', *, *, #2117, .T. ) ;
#1242 = CARTESIAN_POINT ( 'NONE',  ( 8.184232728006460178, -6.099999999999997868, -19.00000000000000000 ) ) ;
#1243 = DIRECTION ( 'NONE',  ( 1.000000000000000000, 0.000000000000000000, 0.000000000000000000 ) ) ;
#1244 = ORIENTED_EDGE ( 'NONE', *, *, #3190, .T. ) ;
#1245 = SURFACE_STYLE_USAGE ( .BOTH. , #385 ) ;
#1246 = ORIENTED_EDGE ( 'NONE', *, *, #2119, .F. ) ;
#1247 = EDGE_LOOP ( 'NONE', ( #1535, #2539, #1437, #2907 ) ) ;
#1248 = CARTESIAN_POINT ( 'NONE',  ( -15.75000000000000711, -7.922615338006460561, 1.500000000000000000 ) ) ;
#1249 = DIRECTION ( 'NONE',  ( 0.000000000000000000, 0.000000000000000000, 1.000000000000000000 ) ) ;
#1250 = FACE_OUTER_BOUND ( 'NONE', #2752, .T. ) ;
#1251 = CARTESIAN_POINT ( 'NONE',  ( -5.484232728006459112, -6.099999999999996092, -19.00000000000000000 ) ) ;
#1252 = EDGE_CURVE ( 'NONE', #3793, #2434, #1198, .T. ) ;
#1253 = CARTESIAN_POINT ( 'NONE',  ( 7.784232728006455382, -1.900000000000000133, -0.6999999999999992895 ) ) ;
#1254 = EDGE_CURVE ( 'NONE', #1493, #925, #3858, .T. ) ;
#1255 = CARTESIAN_POINT ( 'NONE',  ( -5.484232728006459112, -6.099999999999999645, -19.00000000000000000 ) ) ;
#1256 = CARTESIAN_POINT ( 'NONE',  ( -7.784232728006462487, 0.000000000000000000, -24.89999999999999858 ) ) ;
#1257 = ADVANCED_FACE ( 'NONE', ( #634, #2483 ), #62, .T. ) ;
#1258 = VERTEX_POINT ( 'NONE', #85 ) ;
#1259 = DIRECTION ( 'NONE',  ( 0.000000000000000000, 0.000000000000000000, -1.000000000000000000 ) ) ;
#1260 =( GEOMETRIC_REPRESENTATION_CONTEXT ( 3 ) GLOBAL_UNCERTAINTY_ASSIGNED_CONTEXT ( ( #2308 ) ) GLOBAL_UNIT_ASSIGNED_CONTEXT ( ( #3684, #349, #3662 ) ) REPRESENTATION_CONTEXT ( 'NONE', 'WORKASPACE' ) );
#1261 =( LENGTH_UNIT ( ) NAMED_UNIT ( * ) SI_UNIT ( .MILLI., .METRE. ) );
#1262 = FACE_BOUND ( 'NONE', #961, .T. ) ;
#1263 = EDGE_LOOP ( 'NONE', ( #1275, #2321, #1419, #3235, #3859, #1966, #499, #806 ) ) ;
#1264 = FACE_BOUND ( 'NONE', #275, .T. ) ;
#1265 = AXIS2_PLACEMENT_3D ( 'NONE', #1706, #2019, #3273 ) ;
#1266 = CIRCLE ( 'NONE', #645, 1.750000000000001554 ) ;
#1267 = PRESENTATION_STYLE_ASSIGNMENT (( #2829 ) ) ;
#1268 = ORIENTED_EDGE ( 'NONE', *, *, #2559, .T. ) ;
#1269 = FACE_OUTER_BOUND ( 'NONE', #1567, .T. ) ;
#1270 = ORIENTED_EDGE ( 'NONE', *, *, #3076, .F. ) ;
#1271 = AXIS2_PLACEMENT_3D ( 'NONE', #2181, #1240, #678 ) ;
#1272 = DIRECTION ( 'NONE',  ( -0.000000000000000000, -0.000000000000000000, -1.000000000000000000 ) ) ;
#1273 = ORIENTED_EDGE ( 'NONE', *, *, #2755, .F. ) ;
#1274 = VECTOR ( 'NONE', #512, 1000.000000000000000 ) ;
#1275 = ORIENTED_EDGE ( 'NONE', *, *, #1836, .F. ) ;
#1276 = DIRECTION ( 'NONE',  ( -0.000000000000000000, -0.000000000000000000, 1.000000000000000000 ) ) ;
#1277 = DIRECTION ( 'NONE',  ( -0.000000000000000000, -0.000000000000000000, 1.000000000000000000 ) ) ;
#1278 = EDGE_CURVE ( 'NONE', #175, #3735, #984, .T. ) ;
#1279 = LINE ( 'NONE', #3419, #392 ) ;
#1280 = FILL_AREA_STYLE_COLOUR ( '', #2620 ) ;
#1281 = ORIENTED_EDGE ( 'NONE', *, *, #865, .T. ) ;
#1282 = DIRECTION ( 'NONE',  ( 1.000000000000000000, 0.000000000000000000, 0.000000000000000000 ) ) ;
#1283 = EDGE_LOOP ( 'NONE', ( #133, #1722, #944, #259, #487, #2636, #797, #317 ) ) ;
#1284 = ADVANCED_FACE ( 'NONE', ( #2122, #1905 ), #2179, .T. ) ;
#1285 = FACE_BOUND ( 'NONE', #1719, .T. ) ;
#1286 = VERTEX_POINT ( 'NONE', #1853 ) ;
#1287 = CARTESIAN_POINT ( 'NONE',  ( 1.350000000000000533, -1.299999999999995604, -19.00000000000000000 ) ) ;
#1288 = DIRECTION ( 'NONE',  ( -1.000000000000000000, 0.000000000000000000, -0.000000000000000000 ) ) ;
#1289 = CARTESIAN_POINT ( 'NONE',  ( 7.784232728006455382, -0.3999999999999975797, -0.6999999999999992895 ) ) ;
#1290 = LINE ( 'NONE', #2457, #2262 ) ;
#1291 = CARTESIAN_POINT ( 'NONE',  ( -7.550252531694177094, 8.000000000000000000, -3.000000000000000000 ) ) ;
#1292 = DIRECTION ( 'NONE',  ( 1.000000000000000000, 0.000000000000000000, 0.000000000000000000 ) ) ;
#1293 = DIRECTION ( 'NONE',  ( 1.000000000000000000, 0.000000000000000000, 0.000000000000000000 ) ) ;
#1294 =( NAMED_UNIT ( * ) PLANE_ANGLE_UNIT ( ) SI_UNIT ( $, .RADIAN. ) );
#1295 = EDGE_LOOP ( 'NONE', ( #3911, #387, #689, #3358 ) ) ;
#1296 = VECTOR ( 'NONE', #3084, 1000.000000000000000 ) ;
#1297 = DIRECTION ( 'NONE',  ( 1.000000000000000000, 0.000000000000000000, 0.000000000000000000 ) ) ;
#1298 = ORIENTED_EDGE ( 'NONE', *, *, #2656, .F. ) ;
#1299 = DIRECTION ( 'NONE',  ( -0.000000000000000000, 0.000000000000000000, 1.000000000000000000 ) ) ;
#1300 = DIRECTION ( 'NONE',  ( -0.8829475928589280986, -0.4694715627858885854, 0.000000000000000000 ) ) ;
#1301 = EDGE_CURVE ( 'NONE', #986, #2033, #1279, .T. ) ;
#1302 = ADVANCED_FACE ( 'NONE', ( #1501 ), #2161, .F. ) ;
#1303 = LINE ( 'NONE', #3718, #703 ) ;
#1304 = DIRECTION ( 'NONE',  ( 1.000000000000000000, 0.000000000000000000, 0.000000000000000000 ) ) ;
#1305 = DIRECTION ( 'NONE',  ( -0.000000000000000000, -0.000000000000000000, 1.000000000000000000 ) ) ;
#1306 = ORIENTED_EDGE ( 'NONE', *, *, #1668, .F. ) ;
#1307 = CARTESIAN_POINT ( 'NONE',  ( 0.9499999999999959588, 0.4000000000000080158, -19.00000000000000000 ) ) ;
#1308 = CARTESIAN_POINT ( 'NONE',  ( 5.884232728006456803, -2.399999999999998135, -22.35999999999999943 ) ) ;
#1309 = CARTESIAN_POINT ( 'NONE',  ( 20.00000000000000355, 0.000000000000000000, -3.000000000000000000 ) ) ;
#1310 = VERTEX_POINT ( 'NONE', #1525 ) ;
#1311 = DIRECTION ( 'NONE',  ( -1.000000000000000000, 0.000000000000000000, 0.000000000000000000 ) ) ;
#1312 = DIRECTION ( 'NONE',  ( 0.000000000000000000, 0.000000000000000000, -1.000000000000000000 ) ) ;
#1313 = CARTESIAN_POINT ( 'NONE',  ( -5.884232728006463908, -0.3999999999999958589, -0.6999999999999992895 ) ) ;
#1314 = DIRECTION ( 'NONE',  ( 0.000000000000000000, 0.000000000000000000, 1.000000000000000000 ) ) ;
#1315 = CARTESIAN_POINT ( 'NONE',  ( -20.00000000000000355, 0.000000000000000000, -1.399999999999988809 ) ) ;
#1316 = AXIS2_PLACEMENT_3D ( 'NONE', #2643, #599, #862 ) ;
#1317 = ORIENTED_EDGE ( 'NONE', *, *, #2317, .F. ) ;
#1318 = EDGE_CURVE ( 'NONE', #3871, #1665, #2722, .T. ) ;
#1319 = AXIS2_PLACEMENT_3D ( 'NONE', #2558, #3179, #2836 ) ;
#1320 = DIRECTION ( 'NONE',  ( -0.000000000000000000, -0.000000000000000000, 1.000000000000000000 ) ) ;
#1321 = VECTOR ( 'NONE', #883, 1000.000000000000000 ) ;
#1322 = ADVANCED_FACE ( 'NONE', ( #719 ), #338, .T. ) ;
#1323 = EDGE_CURVE ( 'NONE', #1671, #3846, #3043, .T. ) ;
#1324 = DIRECTION ( 'NONE',  ( 0.000000000000000000, -1.000000000000000000, 0.000000000000000000 ) ) ;
#1325 = ORIENTED_EDGE ( 'NONE', *, *, #1161, .T. ) ;
#1326 = CARTESIAN_POINT ( 'NONE',  ( 5.884232728006456803, -4.399999999999997691, -3.298076211353308640 ) ) ;
#1327 = CARTESIAN_POINT ( 'NONE',  ( -1.350000000000007416, -0.2999999999999981570, -19.00000000000000000 ) ) ;
#1328 = STYLED_ITEM ( 'NONE', ( #3737 ), #2070 ) ;
#1329 = AXIS2_PLACEMENT_3D ( 'NONE', #2372, #2724, #26 ) ;
#1330 = CARTESIAN_POINT ( 'NONE',  ( 7.550252531694177094, 8.000000000000000000, 1.500000000000000000 ) ) ;
#1331 = DIRECTION ( 'NONE',  ( 0.000000000000000000, 0.000000000000000000, 1.000000000000000000 ) ) ;
#1332 = DIRECTION ( 'NONE',  ( 1.652117596168387756E-16, 1.000000000000000000, -0.000000000000000000 ) ) ;
#1333 = CIRCLE ( 'NONE', #893, 0.5000000000000004441 ) ;
#1334 = ORIENTED_EDGE ( 'NONE', *, *, #173, .F. ) ;
#1335 =( NAMED_UNIT ( * ) SI_UNIT ( $, .STERADIAN. ) SOLID_ANGLE_UNIT ( ) );
#1336 = AXIS2_PLACEMENT_3D ( 'NONE', #2359, #2377, #2396 ) ;
#1337 = LINE ( 'NONE', #1948, #1571 ) ;
#1338 = DIRECTION ( 'NONE',  ( 0.000000000000000000, 0.000000000000000000, -1.000000000000000000 ) ) ;
#1339 = FACE_OUTER_BOUND ( 'NONE', #3339, .T. ) ;
#1340 = ORIENTED_EDGE ( 'NONE', *, *, #1537, .T. ) ;
#1341 = CARTESIAN_POINT ( 'NONE',  ( -5.484232728006455559, 1.299999999999997380, -19.00000000000000000 ) ) ;
#1342 = ORIENTED_EDGE ( 'NONE', *, *, #60, .T. ) ;
#1343 = ADVANCED_FACE ( 'NONE', ( #24 ), #2806, .F. ) ;
#1344 = AXIS2_PLACEMENT_3D ( 'NONE', #3642, #3384, #941 ) ;
#1345 = SURFACE_STYLE_FILL_AREA ( #3465 ) ;
#1346 = VERTEX_POINT ( 'NONE', #2466 ) ;
#1347 = CARTESIAN_POINT ( 'NONE',  ( 14.00000000000000355, -6.000000000000000000, -15.00000000000000000 ) ) ;
#1348 = EDGE_CURVE ( 'NONE', #3503, #3445, #694, .T. ) ;
#1349 = EDGE_CURVE ( 'NONE', #2043, #1095, #1222, .T. ) ;
#1350 = DIRECTION ( 'NONE',  ( 0.000000000000000000, 0.000000000000000000, -1.000000000000000000 ) ) ;
#1351 = DIRECTION ( 'NONE',  ( 0.000000000000000000, 0.000000000000000000, 1.000000000000000000 ) ) ;
#1352 = EDGE_LOOP ( 'NONE', ( #384, #365, #150, #184 ) ) ;
#1353 = VERTEX_POINT ( 'NONE', #3654 ) ;
#1354 = FACE_OUTER_BOUND ( 'NONE', #2472, .T. ) ;
#1355 = AXIS2_PLACEMENT_3D ( 'NONE', #2220, #1312, #985 ) ;
#1356 = DIRECTION ( 'NONE',  ( 0.000000000000000000, -0.000000000000000000, -1.000000000000000000 ) ) ;
#1357 = DIRECTION ( 'NONE',  ( 0.000000000000000000, -0.000000000000000000, -1.000000000000000000 ) ) ;
#1358 = ORIENTED_EDGE ( 'NONE', *, *, #2238, .T. ) ;
#1359 = CARTESIAN_POINT ( 'NONE',  ( 5.484232728006455559, 1.299999999999995604, -15.00000000000000000 ) ) ;
#1360 = ORIENTED_EDGE ( 'NONE', *, *, #3899, .F. ) ;
#1361 = ADVANCED_FACE ( 'NONE', ( #2428 ), #3709, .T. ) ;
#1362 = EDGE_CURVE ( 'NONE', #894, #505, #3163, .T. ) ;
#1363 = CARTESIAN_POINT ( 'NONE',  ( 0.9499999999999959588, 0.4000000000000080158, -19.00000000000000000 ) ) ;
#1364 = FILL_AREA_STYLE ('',( #2241 ) ) ;
#1365 = ORIENTED_EDGE ( 'NONE', *, *, #2827, .F. ) ;
#1366 =( NAMED_UNIT ( * ) PLANE_ANGLE_UNIT ( ) SI_UNIT ( $, .RADIAN. ) );
#1367 = EDGE_CURVE ( 'NONE', #369, #2824, #2199, .T. ) ;
#1368 = DIRECTION ( 'NONE',  ( 1.000000000000000000, 0.000000000000000000, 0.000000000000000000 ) ) ;
#1369 = DIRECTION ( 'NONE',  ( -1.000000000000000000, 1.652117596168387756E-16, 0.000000000000000000 ) ) ;
#1370 = DIRECTION ( 'NONE',  ( 3.833536069632910861E-16, -1.000000000000000000, 0.000000000000000000 ) ) ;
#1371 = VECTOR ( 'NONE', #1541, 1000.000000000000000 ) ;
#1372 = ORIENTED_EDGE ( 'NONE', *, *, #690, .T. ) ;
#1373 = VECTOR ( 'NONE', #3599, 1000.000000000000000 ) ;
#1374 = EDGE_LOOP ( 'NONE', ( #852, #1121, #171, #2041 ) ) ;
#1375 = FILL_AREA_STYLE_COLOUR ( '', #3342 ) ;
#1376 = ORIENTED_EDGE ( 'NONE', *, *, #748, .F. ) ;
#1377 = FACE_OUTER_BOUND ( 'NONE', #1096, .T. ) ;
#1378 = AXIS2_PLACEMENT_3D ( 'NONE', #1887, #1545, #2141 ) ;
#1379 = MECHANICAL_DESIGN_GEOMETRIC_PRESENTATION_REPRESENTATION (  '', ( #3670 ), #270 ) ;
#1380 = LINE ( 'NONE', #3808, #2273 ) ;
#1381 = SHAPE_DEFINITION_REPRESENTATION ( #2971, #67 ) ;
#1382 = DIRECTION ( 'NONE',  ( -1.000000000000000000, -1.652117596168387756E-16, 0.000000000000000000 ) ) ;
#1383 = ORIENTED_EDGE ( 'NONE', *, *, #685, .T. ) ;
#1384 = ADVANCED_FACE ( 'NONE', ( #1626 ), #3787, .T. ) ;
#1385 = VECTOR ( 'NONE', #2164, 1000.000000000000000 ) ;
#1386 = ORIENTED_EDGE ( 'NONE', *, *, #3023, .T. ) ;
#1387 = CARTESIAN_POINT ( 'NONE',  ( -21.75000000000000711, 0.000000000000000000, -1.399999999999988809 ) ) ;
#1388 = DIRECTION ( 'NONE',  ( 1.000000000000000000, 0.000000000000000000, 0.000000000000000000 ) ) ;
#1389 = VECTOR ( 'NONE', #637, 1000.000000000000000 ) ;
#1390 = EDGE_CURVE ( 'NONE', #3215, #871, #1447, .T. ) ;
#1391 = EDGE_CURVE ( 'NONE', #3176, #1095, #1940, .T. ) ;
#1392 = CIRCLE ( 'NONE', #3622, 0.9999999999999940048 ) ;
#1393 = EDGE_LOOP ( 'NONE', ( #228, #2378, #1881, #3891 ) ) ;
#1394 = CARTESIAN_POINT ( 'NONE',  ( 15.75000000000000711, 0.000000000000000000, 1.500000000000000000 ) ) ;
#1395 = CARTESIAN_POINT ( 'NONE',  ( -0.9500000000000029532, 0.4000000000000080158, -19.00000000000000000 ) ) ;
#1396 = CARTESIAN_POINT ( 'NONE',  ( -10.50000000000000355, -8.000000000000001776, -3.000000000000000000 ) ) ;
#1397 = EDGE_LOOP ( 'NONE', ( #2057, #167 ) ) ;
#1398 = DIRECTION ( 'NONE',  ( -0.000000000000000000, -0.000000000000000000, -1.000000000000000000 ) ) ;
#1399 = PRESENTATION_LAYER_ASSIGNMENT (  '', '', ( #3122 ) ) ;
#1400 = AXIS2_PLACEMENT_3D ( 'NONE', #411, #2924, #223 ) ;
#1401 = FACE_BOUND ( 'NONE', #138, .T. ) ;
#1402 = DIRECTION ( 'NONE',  ( -1.000000000000000000, 0.000000000000000000, 0.000000000000000000 ) ) ;
#1403 = VERTEX_POINT ( 'NONE', #458 ) ;
#1404 = EDGE_LOOP ( 'NONE', ( #3222, #1805, #1133, #3574 ) ) ;
#1405 = DIRECTION ( 'NONE',  ( -0.000000000000000000, -0.000000000000000000, -1.000000000000000000 ) ) ;
#1406 = DIRECTION ( 'NONE',  ( 1.000000000000000000, 0.000000000000000000, 0.000000000000000000 ) ) ;
#1407 = CARTESIAN_POINT ( 'NONE',  ( -8.184232728006463731, 1.299999999999997380, -19.00000000000000000 ) ) ;
#1408 = PLANE ( 'NONE',  #2793 ) ;
#1409 = EDGE_LOOP ( 'NONE', ( #2921, #1448 ) ) ;
#1410 = DIRECTION ( 'NONE',  ( 0.000000000000000000, -0.000000000000000000, -1.000000000000000000 ) ) ;
#1411 = CIRCLE ( 'NONE', #361, 5.000000000000000888 ) ;
#1412 = EDGE_CURVE ( 'NONE', #208, #2434, #762, .T. ) ;
#1413 = LINE ( 'NONE', #2330, #1510 ) ;
#1414 = ADVANCED_FACE ( 'NONE', ( #1963 ), #2520, .F. ) ;
#1415 = ORIENTED_EDGE ( 'NONE', *, *, #2630, .T. ) ;
#1416 = DIRECTION ( 'NONE',  ( -1.000000000000000000, 0.000000000000000000, 0.000000000000000000 ) ) ;
#1417 = VERTEX_POINT ( 'NONE', #1924 ) ;
#1418 = DIRECTION ( 'NONE',  ( -0.000000000000000000, -0.000000000000000000, 1.000000000000000000 ) ) ;
#1419 = ORIENTED_EDGE ( 'NONE', *, *, #3483, .F. ) ;
#1420 = DIRECTION ( 'NONE',  ( 0.000000000000000000, 0.000000000000000000, -1.000000000000000000 ) ) ;
#1421 = ORIENTED_EDGE ( 'NONE', *, *, #3121, .T. ) ;
#1422 = VERTEX_POINT ( 'NONE', #3138 ) ;
#1423 = DIRECTION ( 'NONE',  ( 1.000000000000000000, -0.000000000000000000, -0.000000000000000000 ) ) ;
#1424 = DIRECTION ( 'NONE',  ( -0.000000000000000000, -0.000000000000000000, 1.000000000000000000 ) ) ;
#1425 = EDGE_LOOP ( 'NONE', ( #3108, #547, #1702, #3589 ) ) ;
#1426 = VERTEX_POINT ( 'NONE', #2876 ) ;
#1427 = CARTESIAN_POINT ( 'NONE',  ( 18.25000000000000355, 2.143131898507868297E-16, -1.399999999999988809 ) ) ;
#1428 = CYLINDRICAL_SURFACE ( 'NONE', #3728, 1.000000000000000888 ) ;
#1429 = FACE_OUTER_BOUND ( 'NONE', #3626, .T. ) ;
#1430 = CARTESIAN_POINT ( 'NONE',  ( 8.835786437626923728, 8.835786437626898859, -15.00000000000000000 ) ) ;
#1431 = CARTESIAN_POINT ( 'NONE',  ( -9.962281222137846726, 11.00000000000000178, -3.000000000000000000 ) ) ;
#1432 = PRESENTATION_STYLE_ASSIGNMENT (( #1123 ) ) ;
#1433 = EDGE_LOOP ( 'NONE', ( #1270, #2547, #2245, #965 ) ) ;
#1434 = VECTOR ( 'NONE', #13, 1000.000000000000000 ) ;
#1435 = EDGE_CURVE ( 'NONE', #2061, #2788, #3490, .T. ) ;
#1436 = DIRECTION ( 'NONE',  ( -0.000000000000000000, 0.5000000000000014433, -0.8660254037844378194 ) ) ;
#1437 = ORIENTED_EDGE ( 'NONE', *, *, #1041, .F. ) ;
#1438 = AXIS2_PLACEMENT_3D ( 'NONE', #882, #563, #866 ) ;
#1439 = DIRECTION ( 'NONE',  ( 0.000000000000000000, 0.000000000000000000, 1.000000000000000000 ) ) ;
#1440 = ORIENTED_EDGE ( 'NONE', *, *, #3770, .F. ) ;
#1441 = EDGE_CURVE ( 'NONE', #523, #1771, #777, .T. ) ;
#1442 = AXIS2_PLACEMENT_3D ( 'NONE', #1857, #2767, #2184 ) ;
#1443 = AXIS2_PLACEMENT_3D ( 'NONE', #2516, #3097, #2854 ) ;
#1444 = VERTEX_POINT ( 'NONE', #2573 ) ;
#1445 = LINE ( 'NONE', #2661, #2588 ) ;
#1446 = DIRECTION ( 'NONE',  ( 1.000000000000000000, 0.000000000000000000, 0.000000000000000000 ) ) ;
#1447 = CIRCLE ( 'NONE', #1319, 1.000000000000000888 ) ;
#1448 = ORIENTED_EDGE ( 'NONE', *, *, #129, .F. ) ;
#1449 = ORIENTED_EDGE ( 'NONE', *, *, #3600, .F. ) ;
#1450 = AXIS2_PLACEMENT_3D ( 'NONE', #3822, #3249, #502 ) ;
#1451 = DIRECTION ( 'NONE',  ( 3.833536069632910861E-16, -1.000000000000000000, 0.000000000000000000 ) ) ;
#1452 = LINE ( 'NONE', #2623, #513 ) ;
#1453 = DIRECTION ( 'NONE',  ( -0.000000000000000000, 0.000000000000000000, 1.000000000000000000 ) ) ;
#1454 = CARTESIAN_POINT ( 'NONE',  ( -15.75000000000000711, 0.000000000000000000, 1.500000000000000000 ) ) ;
#1455 = VECTOR ( 'NONE', #265, 1000.000000000000000 ) ;
#1456 = CIRCLE ( 'NONE', #3299, 0.5000000000000004441 ) ;
#1457 = CARTESIAN_POINT ( 'NONE',  ( 7.784232728006452717, -2.399999999999998135, -21.35999999999999588 ) ) ;
#1458 = EDGE_LOOP ( 'NONE', ( #2524, #3618 ) ) ;
#1459 =( LENGTH_UNIT ( ) NAMED_UNIT ( * ) SI_UNIT ( .MILLI., .METRE. ) );
#1460 = LINE ( 'NONE', #810, #1519 ) ;
#1461 = VERTEX_POINT ( 'NONE', #1330 ) ;
#1462 = ORIENTED_EDGE ( 'NONE', *, *, #2535, .T. ) ;
#1463 = CARTESIAN_POINT ( 'NONE',  ( -22.34735781392944887, 4.414737964294641159, -3.000000000000000000 ) ) ;
#1464 = EDGE_CURVE ( 'NONE', #2209, #1643, #1380, .T. ) ;
#1465 = DIRECTION ( 'NONE',  ( 0.000000000000000000, 0.000000000000000000, -1.000000000000000000 ) ) ;
#1466 = VECTOR ( 'NONE', #994, 1000.000000000000000 ) ;
#1467 = EDGE_CURVE ( 'NONE', #802, #1529, #1092, .T. ) ;
#1468 = ORIENTED_EDGE ( 'NONE', *, *, #564, .T. ) ;
#1469 = VERTEX_POINT ( 'NONE', #2595 ) ;
#1470 = DIRECTION ( 'NONE',  ( 1.000000000000000000, -0.000000000000000000, -0.000000000000000000 ) ) ;
#1471 = LINE ( 'NONE', #3263, #2809 ) ;
#1472 = FACE_OUTER_BOUND ( 'NONE', #3367, .T. ) ;
#1473 = LINE ( 'NONE', #6, #1697 ) ;
#1474 = CYLINDRICAL_SURFACE ( 'NONE', #761, 0.9999999999999940048 ) ;
#1475 = DIRECTION ( 'NONE',  ( -0.000000000000000000, 1.000000000000000000, -0.000000000000000000 ) ) ;
#1476 = ORIENTED_EDGE ( 'NONE', *, *, #1183, .F. ) ;
#1477 = FACE_OUTER_BOUND ( 'NONE', #3542, .T. ) ;
#1478 = CARTESIAN_POINT ( 'NONE',  ( 5.884232728006456803, -2.399999999999998135, -23.35999999999999943 ) ) ;
#1479 = ORIENTED_EDGE ( 'NONE', *, *, #814, .T. ) ;
#1480 = ADVANCED_FACE ( 'NONE', ( #1072, #2544 ), #2279, .F. ) ;
#1481 = ADVANCED_FACE ( 'NONE', ( #491 ), #437, .T. ) ;
#1482 = CARTESIAN_POINT ( 'NONE',  ( 10.50000000000000355, 0.4000000000000080158, -12.49999999999999822 ) ) ;
#1483 = CARTESIAN_POINT ( 'NONE',  ( 22.34735781392944887, 4.414737964294641159, -3.000000000000000000 ) ) ;
#1484 = CARTESIAN_POINT ( 'NONE',  ( 5.884232728006456803, -0.8999999999999975797, -24.89999999999999858 ) ) ;
#1485 = EDGE_CURVE ( 'NONE', #3494, #1493, #2219, .T. ) ;
#1486 = ORIENTED_EDGE ( 'NONE', *, *, #510, .F. ) ;
#1487 = PLANE ( 'NONE',  #451 ) ;
#1488 =( NAMED_UNIT ( * ) SI_UNIT ( $, .STERADIAN. ) SOLID_ANGLE_UNIT ( ) );
#1489 = EDGE_LOOP ( 'NONE', ( #1103, #531, #3094, #3760 ) ) ;
#1490 = PLANE ( 'NONE',  #1947 ) ;
#1491 = DIRECTION ( 'NONE',  ( 0.000000000000000000, 0.000000000000000000, -1.000000000000000000 ) ) ;
#1492 = AXIS2_PLACEMENT_3D ( 'NONE', #2695, #1803, #1764 ) ;
#1493 = VERTEX_POINT ( 'NONE', #3509 ) ;
#1494 = ORIENTED_EDGE ( 'NONE', *, *, #1713, .T. ) ;
#1495 = EDGE_LOOP ( 'NONE', ( #2261, #240, #3195, #1317 ) ) ;
#1496 = DIRECTION ( 'NONE',  ( -1.000000000000000000, 0.000000000000000000, -0.000000000000000000 ) ) ;
#1497 = CARTESIAN_POINT ( 'NONE',  ( -14.00000000000000355, -6.000000000000000000, -15.00000000000000000 ) ) ;
#1498 = ORIENTED_EDGE ( 'NONE', *, *, #911, .F. ) ;
#1499 = PRESENTATION_LAYER_ASSIGNMENT (  '', '', ( #2580 ) ) ;
#1500 = CIRCLE ( 'NONE', #2651, 0.9999999999999940048 ) ;
#1501 = FACE_OUTER_BOUND ( 'NONE', #3474, .T. ) ;
#1502 = CARTESIAN_POINT ( 'NONE',  ( -20.00000000000000355, 0.000000000000000000, -1.399999999999988809 ) ) ;
#1503 = DIRECTION ( 'NONE',  ( 0.7071067811865465735, -0.7071067811865485719, 0.000000000000000000 ) ) ;
#1504 = EDGE_CURVE ( 'NONE', #1864, #3740, #2896, .T. ) ;
#1505 = AXIS2_PLACEMENT_3D ( 'NONE', #658, #999, #3381 ) ;
#1506 = ORIENTED_EDGE ( 'NONE', *, *, #3265, .T. ) ;
#1507 = CYLINDRICAL_SURFACE ( 'NONE', #2609, 5.000000000000000888 ) ;
#1508 = LINE ( 'NONE', #2708, #3411 ) ;
#1509 = DIRECTION ( 'NONE',  ( 0.000000000000000000, 0.000000000000000000, -1.000000000000000000 ) ) ;
#1510 = VECTOR ( 'NONE', #2032, 1000.000000000000000 ) ;
#1511 = EDGE_CURVE ( 'NONE', #2746, #166, #421, .T. ) ;
#1512 = EDGE_CURVE ( 'NONE', #2542, #3374, #3771, .T. ) ;
#1513 = VERTEX_POINT ( 'NONE', #2258 ) ;
#1514 = AXIS2_PLACEMENT_3D ( 'NONE', #3185, #2306, #1370 ) ;
#1515 = FACE_OUTER_BOUND ( 'NONE', #532, .T. ) ;
#1516 = DIRECTION ( 'NONE',  ( -1.000000000000000000, 0.000000000000000000, 0.000000000000000000 ) ) ;
#1517 = AXIS2_PLACEMENT_3D ( 'NONE', #2983, #2364, #1446 ) ;
#1518 = ORIENTED_EDGE ( 'NONE', *, *, #2191, .F. ) ;
#1519 = VECTOR ( 'NONE', #3909, 1000.000000000000000 ) ;
#1520 = DIRECTION ( 'NONE',  ( 0.000000000000000000, -0.000000000000000000, -1.000000000000000000 ) ) ;
#1521 = CARTESIAN_POINT ( 'NONE',  ( 0.000000000000000000, 0.000000000000000000, -24.89999999999999858 ) ) ;
#1522 = CARTESIAN_POINT ( 'NONE',  ( 0.9499999999999959588, 0.000000000000000000, -0.6999999999999992895 ) ) ;
#1523 = ORIENTED_EDGE ( 'NONE', *, *, #1613, .T. ) ;
#1524 = VECTOR ( 'NONE', #2976, 1000.000000000000000 ) ;
#1525 = CARTESIAN_POINT ( 'NONE',  ( 9.962281222137846726, 11.00000000000000178, 1.500000000000000000 ) ) ;
#1526 = CARTESIAN_POINT ( 'NONE',  ( 8.184232728006460178, -6.100000000000001421, -15.00000000000000000 ) ) ;
#1527 = CYLINDRICAL_SURFACE ( 'NONE', #3800, 2.000000000000001776 ) ;
#1528 = CIRCLE ( 'NONE', #1601, 2.000000000000001776 ) ;
#1529 = VERTEX_POINT ( 'NONE', #3469 ) ;
#1530 = CARTESIAN_POINT ( 'NONE',  ( 2.349999999999994316, -0.2999999999999947153, -19.00000000000000000 ) ) ;
#1531 = DIRECTION ( 'NONE',  ( 0.000000000000000000, 1.000000000000000000, 0.000000000000000000 ) ) ;
#1532 = ORIENTED_EDGE ( 'NONE', *, *, #3334, .T. ) ;
#1533 = SURFACE_STYLE_FILL_AREA ( #2526 ) ;
#1534 = ORIENTED_EDGE ( 'NONE', *, *, #685, .F. ) ;
#1535 = ORIENTED_EDGE ( 'NONE', *, *, #638, .T. ) ;
#1536 = ADVANCED_FACE ( 'NONE', ( #2319 ), #1997, .F. ) ;
#1537 = EDGE_CURVE ( 'NONE', #51, #3503, #1134, .T. ) ;
#1538 = DIRECTION ( 'NONE',  ( 0.000000000000000000, -1.000000000000000000, 0.000000000000000000 ) ) ;
#1539 = LINE ( 'NONE', #3010, #348 ) ;
#1540 = ORIENTED_EDGE ( 'NONE', *, *, #344, .F. ) ;
#1541 = DIRECTION ( 'NONE',  ( -0.000000000000000000, -0.000000000000000000, 1.000000000000000000 ) ) ;
#1542 = PLANE ( 'NONE',  #2845 ) ;
#1543 = DIRECTION ( 'NONE',  ( -1.000000000000000000, -0.000000000000000000, -0.000000000000000000 ) ) ;
#1544 = ORIENTED_EDGE ( 'NONE', *, *, #372, .F. ) ;
#1545 = DIRECTION ( 'NONE',  ( 0.000000000000000000, -1.000000000000000000, -0.000000000000000000 ) ) ;
#1546 = LINE ( 'NONE', #1256, #855 ) ;
#1547 = SURFACE_SIDE_STYLE ('',( #659 ) ) ;
#1548 = ORIENTED_EDGE ( 'NONE', *, *, #2017, .F. ) ;
#1549 = CARTESIAN_POINT ( 'NONE',  ( 0.000000000000000000, -3.899999999999995914, -24.89999999999999858 ) ) ;
#1550 = ORIENTED_EDGE ( 'NONE', *, *, #1055, .F. ) ;
#1551 = DIRECTION ( 'NONE',  ( 0.000000000000000000, -0.000000000000000000, -1.000000000000000000 ) ) ;
#1552 = ORIENTED_EDGE ( 'NONE', *, *, #1511, .F. ) ;
#1553 = LINE ( 'NONE', #726, #755 ) ;
#1554 = PLANE ( 'NONE',  #475 ) ;
#1555 = ORIENTED_EDGE ( 'NONE', *, *, #3190, .F. ) ;
#1556 = EDGE_CURVE ( 'NONE', #2824, #1417, #533, .T. ) ;
#1557 = EDGE_LOOP ( 'NONE', ( #2682, #3746, #3041, #1807 ) ) ;
#1558 = FACE_OUTER_BOUND ( 'NONE', #1662, .T. ) ;
#1559 = MECHANICAL_DESIGN_GEOMETRIC_PRESENTATION_REPRESENTATION (  '', ( #2078 ), #2195 ) ;
#1560 = DIRECTION ( 'NONE',  ( -0.000000000000000000, 0.000000000000000000, 1.000000000000000000 ) ) ;
#1561 = DIRECTION ( 'NONE',  ( -1.000000000000000000, 0.000000000000000000, 0.000000000000000000 ) ) ;
#1562 = EDGE_CURVE ( 'NONE', #1016, #929, #3590, .T. ) ;
#1563 = EDGE_CURVE ( 'NONE', #3831, #3522, #3556, .T. ) ;
#1564 = VECTOR ( 'NONE', #1700, 1000.000000000000000 ) ;
#1565 = CARTESIAN_POINT ( 'NONE',  ( 7.784232728006455382, -6.000000000000000000, -12.49999999999999822 ) ) ;
#1566 = LINE ( 'NONE', #2521, #2875 ) ;
#1567 = EDGE_LOOP ( 'NONE', ( #1765, #3865, #2922, #973 ) ) ;
#1568 = CARTESIAN_POINT ( 'NONE',  ( 25.00000000000000355, 0.000000000000000000, -3.000000000000000000 ) ) ;
#1569 = VECTOR ( 'NONE', #410, 1000.000000000000000 ) ;
#1570 = ORIENTED_EDGE ( 'NONE', *, *, #3752, .T. ) ;
#1571 = VECTOR ( 'NONE', #3145, 1000.000000000000000 ) ;
#1572 = CIRCLE ( 'NONE', #2271, 1.000000000000000888 ) ;
#1573 = CARTESIAN_POINT ( 'NONE',  ( 5.484232728006455559, 1.299999999999995604, -19.00000000000000000 ) ) ;
#1574 = LINE ( 'NONE', #1549, #388 ) ;
#1575 = EDGE_LOOP ( 'NONE', ( #1858, #1961, #1144, #3165 ) ) ;
#1576 = FACE_OUTER_BOUND ( 'NONE', #2593, .T. ) ;
#1577 = AXIS2_PLACEMENT_3D ( 'NONE', #1979, #3196, #1350 ) ;
#1578 = PRESENTATION_LAYER_ASSIGNMENT (  '', '', ( #1328 ) ) ;
#1579 = DIRECTION ( 'NONE',  ( 1.000000000000000000, -1.793631189416317430E-16, 0.000000000000000000 ) ) ;
#1580 = ORIENTED_EDGE ( 'NONE', *, *, #3100, .T. ) ;
#1581 = DIRECTION ( 'NONE',  ( -1.000000000000000000, 0.000000000000000000, 0.000000000000000000 ) ) ;
#1582 = VERTEX_POINT ( 'NONE', #3211 ) ;
#1583 = AXIS2_PLACEMENT_3D ( 'NONE', #2351, #3621, #901 ) ;
#1584 = DIRECTION ( 'NONE',  ( -0.4694715627858885298, -0.8829475928589280986, 0.000000000000000000 ) ) ;
#1585 = AXIS2_PLACEMENT_3D ( 'NONE', #2320, #574, #2040 ) ;
#1586 = VERTEX_POINT ( 'NONE', #813 ) ;
#1587 = DIRECTION ( 'NONE',  ( -0.7071067811865465735, -0.7071067811865485719, 0.000000000000000000 ) ) ;
#1588 = CARTESIAN_POINT ( 'NONE',  ( -5.884232728006463908, -0.8999999999999958034, -24.39999999999999858 ) ) ;
#1589 = AXIS2_PLACEMENT_3D ( 'NONE', #1018, #1051, #192 ) ;
#1590 = ADVANCED_FACE ( 'NONE', ( #2614, #1401 ), #511, .F. ) ;
#1591 = ADVANCED_FACE ( 'NONE', ( #1477 ), #1113, .T. ) ;
#1592 = CARTESIAN_POINT ( 'NONE',  ( 20.00000000000000355, 0.000000000000000000, -3.000000000000000000 ) ) ;
#1593 =( LENGTH_UNIT ( ) NAMED_UNIT ( * ) SI_UNIT ( .MILLI., .METRE. ) );
#1594 = EDGE_LOOP ( 'NONE', ( #3018, #2977, #1111, #1224 ) ) ;
#1595 = DIRECTION ( 'NONE',  ( -1.000000000000000000, 0.000000000000000000, 0.000000000000000000 ) ) ;
#1596 = ORIENTED_EDGE ( 'NONE', *, *, #3240, .T. ) ;
#1597 = AXIS2_PLACEMENT_3D ( 'NONE', #2315, #1249, #1844 ) ;
#1598 = CARTESIAN_POINT ( 'NONE',  ( 12.50000000000000355, 4.791920087041139685E-15, -12.49999999999999645 ) ) ;
#1599 = CARTESIAN_POINT ( 'NONE',  ( -0.9500000000000029532, 0.000000000000000000, -0.6999999999999992895 ) ) ;
#1600 = CARTESIAN_POINT ( 'NONE',  ( -20.00000000000000355, 0.000000000000000000, -3.000000000000000000 ) ) ;
#1601 = AXIS2_PLACEMENT_3D ( 'NONE', #2553, #2208, #3428 ) ;
#1602 = ORIENTED_EDGE ( 'NONE', *, *, #372, .T. ) ;
#1603 = CIRCLE ( 'NONE', #1036, 0.9999999999999940048 ) ;
#1604 = LINE ( 'NONE', #3055, #2075 ) ;
#1605 = CARTESIAN_POINT ( 'NONE',  ( 9.184232728006454849, -5.100000000000000533, -19.00000000000000000 ) ) ;
#1606 = CARTESIAN_POINT ( 'NONE',  ( 6.755428779221936075, 12.70511368984503342, 1.500000000000000000 ) ) ;
#1607 = DIRECTION ( 'NONE',  ( -0.000000000000000000, -0.000000000000000000, -1.000000000000000000 ) ) ;
#1608 = DIRECTION ( 'NONE',  ( -1.000000000000000000, 0.000000000000000000, 0.000000000000000000 ) ) ;
#1609 = DIRECTION ( 'NONE',  ( -0.000000000000000000, -0.000000000000000000, 1.000000000000000000 ) ) ;
#1610 = SURFACE_STYLE_FILL_AREA ( #1906 ) ;
#1611 = EDGE_LOOP ( 'NONE', ( #2759, #2411, #2158, #1965 ) ) ;
#1612 = DIRECTION ( 'NONE',  ( -1.000000000000000000, 0.000000000000000000, 0.000000000000000000 ) ) ;
#1613 = EDGE_CURVE ( 'NONE', #860, #2486, #873, .T. ) ;
#1614 = CARTESIAN_POINT ( 'NONE',  ( -7.784232728006462487, -1.899999999999999023, -0.6999999999999992895 ) ) ;
#1615 = DIRECTION ( 'NONE',  ( -0.000000000000000000, -0.8660254037844378194, -0.5000000000000014433 ) ) ;
#1616 = LINE ( 'NONE', #684, #1019 ) ;
#1617 = EDGE_CURVE ( 'NONE', #1529, #2908, #3873, .T. ) ;
#1618 = ORIENTED_EDGE ( 'NONE', *, *, #1927, .T. ) ;
#1619 = CARTESIAN_POINT ( 'NONE',  ( 0.9499999999999959588, 4.400000000000008349, -19.00000000000000000 ) ) ;
#1620 = DIRECTION ( 'NONE',  ( 1.000000000000000000, 0.000000000000000000, 0.000000000000000000 ) ) ;
#1621 = ORIENTED_EDGE ( 'NONE', *, *, #3142, .F. ) ;
#1622 = DIRECTION ( 'NONE',  ( -0.000000000000000000, -0.000000000000000000, 1.000000000000000000 ) ) ;
#1623 = CARTESIAN_POINT ( 'NONE',  ( -9.962281222137846726, 11.00000000000000178, -3.000000000000000000 ) ) ;
#1624 = DIRECTION ( 'NONE',  ( 1.000000000000000000, 0.000000000000000000, 0.000000000000000000 ) ) ;
#1625 = ORIENTED_EDGE ( 'NONE', *, *, #868, .F. ) ;
#1626 = FACE_OUTER_BOUND ( 'NONE', #480, .T. ) ;
#1627 =( LENGTH_UNIT ( ) NAMED_UNIT ( * ) SI_UNIT ( .MILLI., .METRE. ) );
#1628 = DIRECTION ( 'NONE',  ( 1.000000000000000000, 0.000000000000000000, 0.000000000000000000 ) ) ;
#1629 = VERTEX_POINT ( 'NONE', #295 ) ;
#1630 = DIRECTION ( 'NONE',  ( 0.000000000000000000, 0.000000000000000000, -1.000000000000000000 ) ) ;
#1631 = ORIENTED_EDGE ( 'NONE', *, *, #1348, .T. ) ;
#1632 = AXIS2_PLACEMENT_3D ( 'NONE', #3204, #2568, #2329 ) ;
#1633 = FACE_OUTER_BOUND ( 'NONE', #3508, .T. ) ;
#1634 = EDGE_CURVE ( 'NONE', #3294, #3058, #2916, .T. ) ;
#1635 = LINE ( 'NONE', #784, #1076 ) ;
#1636 = ORIENTED_EDGE ( 'NONE', *, *, #2846, .F. ) ;
#1637 = CARTESIAN_POINT ( 'NONE',  ( -0.9500000000000029532, 4.400000000000008349, -24.39999999999999858 ) ) ;
#1638 = EDGE_CURVE ( 'NONE', #3032, #796, #238, .T. ) ;
#1639 = ORIENTED_EDGE ( 'NONE', *, *, #2217, .T. ) ;
#1640 = EDGE_CURVE ( 'NONE', #2007, #95, #1791, .T. ) ;
#1641 = VECTOR ( 'NONE', #2445, 1000.000000000000000 ) ;
#1642 = CARTESIAN_POINT ( 'NONE',  ( 5.484232728006452007, -6.099999999999996092, -15.00000000000000000 ) ) ;
#1643 = VERTEX_POINT ( 'NONE', #1750 ) ;
#1644 = AXIS2_PLACEMENT_3D ( 'NONE', #1308, #744, #1937 ) ;
#1645 = CARTESIAN_POINT ( 'NONE',  ( 7.784232728006455382, -0.3999999999999975797, -3.298076211353309972 ) ) ;
#1646 = VERTEX_POINT ( 'NONE', #837 ) ;
#1647 = DIRECTION ( 'NONE',  ( 0.000000000000000000, 0.000000000000000000, 1.000000000000000000 ) ) ;
#1648 = VECTOR ( 'NONE', #750, 1000.000000000000000 ) ;
#1649 = ORIENTED_EDGE ( 'NONE', *, *, #1788, .F. ) ;
#1650 = CIRCLE ( 'NONE', #1517, 5.000000000000000888 ) ;
#1651 = DIRECTION ( 'NONE',  ( 0.000000000000000000, -0.000000000000000000, 1.000000000000000000 ) ) ;
#1652 = DIRECTION ( 'NONE',  ( 0.000000000000000000, 0.000000000000000000, -1.000000000000000000 ) ) ;
#1653 = ORIENTED_EDGE ( 'NONE', *, *, #1661, .T. ) ;
#1654 = VECTOR ( 'NONE', #1938, 1000.000000000000000 ) ;
#1655 = SURFACE_SIDE_STYLE ('',( #463 ) ) ;
#1656 = VERTEX_POINT ( 'NONE', #2957 ) ;
#1657 = CYLINDRICAL_SURFACE ( 'NONE', #399, 0.9999999999999922284 ) ;
#1658 = ORIENTED_EDGE ( 'NONE', *, *, #3555, .T. ) ;
#1659 = DIRECTION ( 'NONE',  ( 0.000000000000000000, 0.000000000000000000, 1.000000000000000000 ) ) ;
#1660 = VERTEX_POINT ( 'NONE', #254 ) ;
#1661 = EDGE_CURVE ( 'NONE', #3791, #1643, #1445, .T. ) ;
#1662 = EDGE_LOOP ( 'NONE', ( #2314, #707, #1421, #1946, #619, #1026 ) ) ;
#1663 = AXIS2_PLACEMENT_3D ( 'NONE', #3133, #2514, #1620 ) ;
#1664 = EDGE_CURVE ( 'NONE', #2658, #2345, #2363, .T. ) ;
#1665 = VERTEX_POINT ( 'NONE', #1192 ) ;
#1666 = LINE ( 'NONE', #436, #1148 ) ;
#1667 = FILL_AREA_STYLE_COLOUR ( '', #3417 ) ;
#1668 = EDGE_CURVE ( 'NONE', #1016, #721, #2698, .T. ) ;
#1669 = CARTESIAN_POINT ( 'NONE',  ( 1.350000000000004086, 6.100000000000001421, -19.00000000000000000 ) ) ;
#1670 = SURFACE_STYLE_FILL_AREA ( #1364 ) ;
#1671 = VERTEX_POINT ( 'NONE', #2997 ) ;
#1672 = ORIENTED_EDGE ( 'NONE', *, *, #2464, .T. ) ;
#1673 = FACE_OUTER_BOUND ( 'NONE', #2169, .T. ) ;
#1674 = SURFACE_STYLE_FILL_AREA ( #1985 ) ;
#1675 = CARTESIAN_POINT ( 'NONE',  ( 8.184232728006460178, -6.100000000000001421, -19.00000000000000000 ) ) ;
#1676 = CARTESIAN_POINT ( 'NONE',  ( -0.9500000000000029532, 4.400000000000008349, -0.6999999999999992895 ) ) ;
#1677 = ORIENTED_EDGE ( 'NONE', *, *, #2728, .T. ) ;
#1678 = ORIENTED_EDGE ( 'NONE', *, *, #1661, .F. ) ;
#1679 = DIRECTION ( 'NONE',  ( 0.000000000000000000, -0.000000000000000000, 1.000000000000000000 ) ) ;
#1680 = CARTESIAN_POINT ( 'NONE',  ( 1.350000000000004086, 6.100000000000001421, -19.00000000000000000 ) ) ;
#1681 = EDGE_LOOP ( 'NONE', ( #220, #774, #1570, #3512 ) ) ;
#1682 = EDGE_CURVE ( 'NONE', #1871, #114, #1772, .T. ) ;
#1683 = DIRECTION ( 'NONE',  ( 0.000000000000000000, 0.000000000000000000, -1.000000000000000000 ) ) ;
#1684 = DIRECTION ( 'NONE',  ( -0.000000000000000000, -0.000000000000000000, 1.000000000000000000 ) ) ;
#1685 = EDGE_CURVE ( 'NONE', #624, #894, #38, .T. ) ;
#1686 = DIRECTION ( 'NONE',  ( 0.000000000000000000, 0.000000000000000000, -1.000000000000000000 ) ) ;
#1687 = ADVANCED_FACE ( 'NONE', ( #2459, #2735, #3649, #58 ), #3014, .F. ) ;
#1688 = ORIENTED_EDGE ( 'NONE', *, *, #917, .T. ) ;
#1689 = VERTEX_POINT ( 'NONE', #913 ) ;
#1690 = LINE ( 'NONE', #1407, #907 ) ;
#1691 = CARTESIAN_POINT ( 'NONE',  ( 0.000000000000000000, 11.00000000000000000, 1.500000000000000000 ) ) ;
#1692 = AXIS2_PLACEMENT_3D ( 'NONE', #215, #1978, #1420 ) ;
#1693 =( GEOMETRIC_REPRESENTATION_CONTEXT ( 3 ) GLOBAL_UNCERTAINTY_ASSIGNED_CONTEXT ( ( #3857 ) ) GLOBAL_UNIT_ASSIGNED_CONTEXT ( ( #2436, #1150, #2111 ) ) REPRESENTATION_CONTEXT ( 'NONE', 'WORKASPACE' ) );
#1694 = ORIENTED_EDGE ( 'NONE', *, *, #3634, .F. ) ;
#1695 = CARTESIAN_POINT ( 'NONE',  ( 8.184232728006460178, -6.100000000000001421, -19.00000000000000000 ) ) ;
#1696 = DIRECTION ( 'NONE',  ( 0.7071067811865465735, -0.7071067811865485719, 0.000000000000000000 ) ) ;
#1697 = VECTOR ( 'NONE', #2051, 1000.000000000000000 ) ;
#1698 = ORIENTED_EDGE ( 'NONE', *, *, #1082, .T. ) ;
#1699 = AXIS2_PLACEMENT_3D ( 'NONE', #3111, #1615, #2825 ) ;
#1700 = DIRECTION ( 'NONE',  ( -0.000000000000000000, -0.000000000000000000, 1.000000000000000000 ) ) ;
#1701 = COLOUR_RGB ( '',0.5686274509803921351, 0.5490196078431373028, 0.5098039215686274161 ) ;
#1702 = ORIENTED_EDGE ( 'NONE', *, *, #3437, .F. ) ;
#1703 = LINE ( 'NONE', #2632, #1524 ) ;
#1704 = ORIENTED_EDGE ( 'NONE', *, *, #299, .T. ) ;
#1705 = VECTOR ( 'NONE', #621, 1000.000000000000000 ) ;
#1706 = CARTESIAN_POINT ( 'NONE',  ( 5.484232728006455559, 0.2999999999999981570, -19.00000000000000000 ) ) ;
#1707 = CARTESIAN_POINT ( 'NONE',  ( -14.00000000000000355, -6.000000000000000000, -2.999999999999999112 ) ) ;
#1708 = ORIENTED_EDGE ( 'NONE', *, *, #2828, .T. ) ;
#1709 = CIRCLE ( 'NONE', #3738, 3.499999999999999556 ) ;
#1710 = ORIENTED_EDGE ( 'NONE', *, *, #31, .F. ) ;
#1711 = ORIENTED_EDGE ( 'NONE', *, *, #1485, .F. ) ;
#1712 = EDGE_CURVE ( 'NONE', #363, #885, #3098, .T. ) ;
#1713 = EDGE_CURVE ( 'NONE', #2120, #2007, #3689, .T. ) ;
#1714 = DIRECTION ( 'NONE',  ( 0.000000000000000000, -1.000000000000000000, 0.000000000000000000 ) ) ;
#1715 = CARTESIAN_POINT ( 'NONE',  ( 7.784232728006455382, -3.899999999999997691, -24.89999999999999858 ) ) ;
#1716 = PLANE ( 'NONE',  #730 ) ;
#1717 = CARTESIAN_POINT ( 'NONE',  ( -7.784232728006462487, -0.8999999999999958034, -24.89999999999999858 ) ) ;
#1718 = AXIS2_PLACEMENT_3D ( 'NONE', #3895, #1465, #1177 ) ;
#1719 = EDGE_LOOP ( 'NONE', ( #1097, #1621 ) ) ;
#1720 =( NAMED_UNIT ( * ) SI_UNIT ( $, .STERADIAN. ) SOLID_ANGLE_UNIT ( ) );
#1721 = LINE ( 'NONE', #136, #3167 ) ;
#1722 = ORIENTED_EDGE ( 'NONE', *, *, #1367, .T. ) ;
#1723 = ORIENTED_EDGE ( 'NONE', *, *, #3607, .F. ) ;
#1724 = DIRECTION ( 'NONE',  ( 1.000000000000000000, 0.000000000000000000, 0.000000000000000000 ) ) ;
#1725 = ORIENTED_EDGE ( 'NONE', *, *, #424, .F. ) ;
#1726 = CARTESIAN_POINT ( 'NONE',  ( -2.349999999999994316, 5.100000000000004086, -19.00000000000000000 ) ) ;
#1727 = EDGE_LOOP ( 'NONE', ( #2468, #2533, #2149, #1217 ) ) ;
#1728 = AXIS2_PLACEMENT_3D ( 'NONE', #1213, #2454, #2437 ) ;
#1729 = ORIENTED_EDGE ( 'NONE', *, *, #3123, .T. ) ;
#1730 = AXIS2_PLACEMENT_3D ( 'NONE', #3855, #1140, #3498 ) ;
#1731 = CARTESIAN_POINT ( 'NONE',  ( -0.9500000000000029532, 0.4000000000000080158, -3.298076211353310416 ) ) ;
#1732 = DIRECTION ( 'NONE',  ( 0.000000000000000000, 0.000000000000000000, -1.000000000000000000 ) ) ;
#1733 = ORIENTED_EDGE ( 'NONE', *, *, #2920, .T. ) ;
#1734 = CARTESIAN_POINT ( 'NONE',  ( 1.350000000000000533, -1.299999999999995604, -15.00000000000000000 ) ) ;
#1735 = DIRECTION ( 'NONE',  ( 0.000000000000000000, 0.000000000000000000, -1.000000000000000000 ) ) ;
#1736 = DIRECTION ( 'NONE',  ( -0.000000000000000000, -0.000000000000000000, 1.000000000000000000 ) ) ;
#1737 = DIRECTION ( 'NONE',  ( -1.000000000000000000, 0.000000000000000000, 0.000000000000000000 ) ) ;
#1738 = EDGE_CURVE ( 'NONE', #3793, #3354, #895, .T. ) ;
#1739 = VERTEX_POINT ( 'NONE', #3355 ) ;
#1740 = CARTESIAN_POINT ( 'NONE',  ( -0.9500000000000029532, 0.4000000000000084044, -3.298076211353308640 ) ) ;
#1741 = CARTESIAN_POINT ( 'NONE',  ( 15.75000000000000711, -7.922615338006460561, 1.500000000000000000 ) ) ;
#1742 = EDGE_CURVE ( 'NONE', #1746, #352, #2776, .T. ) ;
#1743 = EDGE_CURVE ( 'NONE', #3871, #2842, #2716, .T. ) ;
#1744 =( GEOMETRIC_REPRESENTATION_CONTEXT ( 3 ) GLOBAL_UNCERTAINTY_ASSIGNED_CONTEXT ( ( #1915 ) ) GLOBAL_UNIT_ASSIGNED_CONTEXT ( ( #3491, #2299, #1073 ) ) REPRESENTATION_CONTEXT ( 'NONE', 'WORKASPACE' ) );
#1745 = FACE_OUTER_BOUND ( 'NONE', #3386, .T. ) ;
#1746 = VERTEX_POINT ( 'NONE', #2100 ) ;
#1747 = PLANE ( 'NONE',  #3303 ) ;
#1748 = EDGE_LOOP ( 'NONE', ( #3073, #1939, #785, #3552, #3061, #75, #2128, #2571 ) ) ;
#1749 = ORIENTED_EDGE ( 'NONE', *, *, #3269, .F. ) ;
#1750 = CARTESIAN_POINT ( 'NONE',  ( 5.884232728006456803, -4.399999999999997691, -12.49999999999999822 ) ) ;
#1751 = DIRECTION ( 'NONE',  ( -0.000000000000000000, -0.5000000000000014433, 0.8660254037844378194 ) ) ;
#1752 = ORIENTED_EDGE ( 'NONE', *, *, #963, .T. ) ;
#1753 = ORIENTED_EDGE ( 'NONE', *, *, #3095, .F. ) ;
#1754 = DIRECTION ( 'NONE',  ( 0.000000000000000000, 0.000000000000000000, 1.000000000000000000 ) ) ;
#1755 = DIRECTION ( 'NONE',  ( -0.000000000000000000, -0.000000000000000000, 1.000000000000000000 ) ) ;
#1756 = FACE_BOUND ( 'NONE', #2114, .T. ) ;
#1757 = LINE ( 'NONE', #3005, #3047 ) ;
#1758 = ORIENTED_EDGE ( 'NONE', *, *, #1712, .F. ) ;
#1759 = FACE_OUTER_BOUND ( 'NONE', #1557, .T. ) ;
#1760 = DIRECTION ( 'NONE',  ( -1.000000000000000000, 0.000000000000000000, 0.000000000000000000 ) ) ;
#1761 = VERTEX_POINT ( 'NONE', #2116 ) ;
#1762 = EDGE_CURVE ( 'NONE', #98, #2842, #394, .T. ) ;
#1763 = ADVANCED_FACE ( 'NONE', ( #2802 ), #2440, .F. ) ;
#1764 = DIRECTION ( 'NONE',  ( -1.000000000000000000, 0.000000000000000000, 0.000000000000000000 ) ) ;
#1765 = ORIENTED_EDGE ( 'NONE', *, *, #2748, .F. ) ;
#1766 = PRESENTATION_LAYER_ASSIGNMENT (  '', '', ( #3721 ) ) ;
#1767 = CARTESIAN_POINT ( 'NONE',  ( 4.484232728006460000, -5.100000000000000533, -19.00000000000000000 ) ) ;
#1768 = VERTEX_POINT ( 'NONE', #3062 ) ;
#1769 = CIRCLE ( 'NONE', #756, 0.5000000000000004441 ) ;
#1770 = VECTOR ( 'NONE', #1314, 1000.000000000000000 ) ;
#1771 = VERTEX_POINT ( 'NONE', #374 ) ;
#1772 = LINE ( 'NONE', #280, #3290 ) ;
#1773 = DIRECTION ( 'NONE',  ( 1.000000000000000000, 0.000000000000000000, 0.000000000000000000 ) ) ;
#1774 = VECTOR ( 'NONE', #216, 1000.000000000000000 ) ;
#1775 = VERTEX_POINT ( 'NONE', #2422 ) ;
#1776 = EDGE_LOOP ( 'NONE', ( #1618, #442, #2743, #3586 ) ) ;
#1777 = CIRCLE ( 'NONE', #2274, 5.000000000000000888 ) ;
#1778 = DIRECTION ( 'NONE',  ( 0.000000000000000000, 0.000000000000000000, -1.000000000000000000 ) ) ;
#1779 = PLANE ( 'NONE',  #765 ) ;
#1780 = AXIS2_PLACEMENT_3D ( 'NONE', #2481, #3690, #396 ) ;
#1781 = CARTESIAN_POINT ( 'NONE',  ( 8.184232728006463731, 1.299999999999992051, -15.00000000000000000 ) ) ;
#1782 = LINE ( 'NONE', #3644, #1321 ) ;
#1783 = CIRCLE ( 'NONE', #3870, 0.9999999999999940048 ) ;
#1784 = ORIENTED_EDGE ( 'NONE', *, *, #1055, .T. ) ;
#1785 =( NAMED_UNIT ( * ) SI_UNIT ( $, .STERADIAN. ) SOLID_ANGLE_UNIT ( ) );
#1786 = CARTESIAN_POINT ( 'NONE',  ( 18.25000000000000355, 2.143131898507868297E-16, -3.000000000000000000 ) ) ;
#1787 = ORIENTED_EDGE ( 'NONE', *, *, #370, .F. ) ;
#1788 = EDGE_CURVE ( 'NONE', #1656, #266, #356, .T. ) ;
#1789 = ADVANCED_FACE ( 'NONE', ( #3038 ), #1542, .T. ) ;
#1790 = ORIENTED_EDGE ( 'NONE', *, *, #568, .F. ) ;
#1791 = LINE ( 'NONE', #555, #1774 ) ;
#1792 = FACE_BOUND ( 'NONE', #1409, .T. ) ;
#1793 = CIRCLE ( 'NONE', #1854, 1.750000000000001554 ) ;
#1794 = EDGE_LOOP ( 'NONE', ( #3725, #306, #2959, #332 ) ) ;
#1795 = EDGE_CURVE ( 'NONE', #1976, #925, #3377, .T. ) ;
#1796 = ORIENTED_EDGE ( 'NONE', *, *, #1668, .T. ) ;
#1797 = CARTESIAN_POINT ( 'NONE',  ( -25.00000000000000355, -2.399999999999998135, -22.35999999999999943 ) ) ;
#1798 = DIRECTION ( 'NONE',  ( -0.000000000000000000, 0.000000000000000000, 1.000000000000000000 ) ) ;
#1799 = DIRECTION ( 'NONE',  ( -0.7071067811865485719, -0.7071067811865465735, 0.000000000000000000 ) ) ;
#1800 = UNCERTAINTY_MEASURE_WITH_UNIT (LENGTH_MEASURE( 1.000000000000000082E-05 ), #2064, 'distance_accuracy_value', 'NONE');
#1801 = LINE ( 'NONE', #2413, #1066 ) ;
#1802 = LINE ( 'NONE', #1205, #3293 ) ;
#1803 = DIRECTION ( 'NONE',  ( 0.000000000000000000, 0.000000000000000000, 1.000000000000000000 ) ) ;
#1804 = LINE ( 'NONE', #53, #2551 ) ;
#1805 = ORIENTED_EDGE ( 'NONE', *, *, #2173, .T. ) ;
#1806 = ADVANCED_FACE ( 'NONE', ( #79 ), #611, .T. ) ;
#1807 = ORIENTED_EDGE ( 'NONE', *, *, #3390, .F. ) ;
#1808 = CARTESIAN_POINT ( 'NONE',  ( 1.350000000000004086, 5.100000000000004086, -19.00000000000000000 ) ) ;
#1809 = CARTESIAN_POINT ( 'NONE',  ( -25.00000000000000355, -2.399999999999998135, -21.35999999999999588 ) ) ;
#1810 = ORIENTED_EDGE ( 'NONE', *, *, #1742, .T. ) ;
#1811 = EDGE_CURVE ( 'NONE', #788, #319, #2480, .T. ) ;
#1812 = EDGE_CURVE ( 'NONE', #1919, #2621, #2177, .T. ) ;
#1813 = DIRECTION ( 'NONE',  ( -1.000000000000000000, 1.652117596168387756E-16, 0.000000000000000000 ) ) ;
#1814 =( NAMED_UNIT ( * ) SI_UNIT ( $, .STERADIAN. ) SOLID_ANGLE_UNIT ( ) );
#1815 = DIRECTION ( 'NONE',  ( 0.000000000000000000, -1.000000000000000000, -0.000000000000000000 ) ) ;
#1816 = VERTEX_POINT ( 'NONE', #1884 ) ;
#1817 = DIRECTION ( 'NONE',  ( -0.7071067811865465735, -0.7071067811865483499, 0.000000000000000000 ) ) ;
#1818 = CARTESIAN_POINT ( 'NONE',  ( 9.184232728006454849, -5.100000000000000533, -19.00000000000000000 ) ) ;
#1819 = ORIENTED_EDGE ( 'NONE', *, *, #2952, .F. ) ;
#1820 = DIRECTION ( 'NONE',  ( -0.000000000000000000, 1.000000000000000000, -0.000000000000000000 ) ) ;
#1821 = ORIENTED_EDGE ( 'NONE', *, *, #3677, .F. ) ;
#1822 = CARTESIAN_POINT ( 'NONE',  ( 0.000000000000000000, -11.00000000000000000, 1.500000000000000000 ) ) ;
#1823 = ORIENTED_EDGE ( 'NONE', *, *, #3208, .T. ) ;
#1824 = AXIS2_PLACEMENT_3D ( 'NONE', #3405, #111, #2510 ) ;
#1825 = CARTESIAN_POINT ( 'NONE',  ( 8.171572875253820811, 9.500000000000000000, -15.00000000000000000 ) ) ;
#1826 = DIRECTION ( 'NONE',  ( 1.000000000000000000, -0.000000000000000000, -0.000000000000000000 ) ) ;
#1827 = DIRECTION ( 'NONE',  ( 1.000000000000000000, 0.000000000000000000, 0.000000000000000000 ) ) ;
#1828 = ORIENTED_EDGE ( 'NONE', *, *, #686, .F. ) ;
#1829 = VECTOR ( 'NONE', #905, 1000.000000000000000 ) ;
#1830 = VECTOR ( 'NONE', #1311, 1000.000000000000000 ) ;
#1831 = CARTESIAN_POINT ( 'NONE',  ( 22.34735781392944887, -4.414737964294641159, -3.000000000000000000 ) ) ;
#1832 = DIRECTION ( 'NONE',  ( -1.000000000000000000, 0.000000000000000000, 0.000000000000000000 ) ) ;
#1833 = ORIENTED_EDGE ( 'NONE', *, *, #2728, .F. ) ;
#1834 = LINE ( 'NONE', #937, #1960 ) ;
#1835 = EDGE_CURVE ( 'NONE', #2434, #352, #997, .T. ) ;
#1836 = EDGE_CURVE ( 'NONE', #2345, #3032, #826, .T. ) ;
#1837 = DIRECTION ( 'NONE',  ( 0.000000000000000000, 0.000000000000000000, 1.000000000000000000 ) ) ;
#1838 = FACE_BOUND ( 'NONE', #1458, .T. ) ;
#1839 = ORIENTED_EDGE ( 'NONE', *, *, #3602, .F. ) ;
#1840 =( LENGTH_UNIT ( ) NAMED_UNIT ( * ) SI_UNIT ( .MILLI., .METRE. ) );
#1841 = VECTOR ( 'NONE', #3856, 1000.000000000000000 ) ;
#1842 = CIRCLE ( 'NONE', #649, 0.9999999999999922284 ) ;
#1843 = CARTESIAN_POINT ( 'NONE',  ( -7.784232728006462487, -0.3999999999999958589, -24.39999999999999858 ) ) ;
#1844 = DIRECTION ( 'NONE',  ( 1.000000000000000000, 0.000000000000000000, 0.000000000000000000 ) ) ;
#1845 = VECTOR ( 'NONE', #1277, 1000.000000000000000 ) ;
#1846 = CIRCLE ( 'NONE', #3368, 1.000000000000000888 ) ;
#1847 = CARTESIAN_POINT ( 'NONE',  ( -10.50000000000000355, -6.000000000000000000, 1.500000000000000000 ) ) ;
#1848 = ORIENTED_EDGE ( 'NONE', *, *, #3582, .T. ) ;
#1849 = ORIENTED_EDGE ( 'NONE', *, *, #1743, .T. ) ;
#1850 = CARTESIAN_POINT ( 'NONE',  ( -25.00000000000000355, -2.399999999999998135, -22.35999999999999943 ) ) ;
#1851 = LINE ( 'NONE', #2803, #2089 ) ;
#1852 = ORIENTED_EDGE ( 'NONE', *, *, #395, .T. ) ;
#1853 = CARTESIAN_POINT ( 'NONE',  ( -15.75000000000000711, -7.922615338006460561, 1.500000000000000000 ) ) ;
#1854 = AXIS2_PLACEMENT_3D ( 'NONE', #2153, #625, #3373 ) ;
#1855 = LINE ( 'NONE', #3366, #2805 ) ;
#1856 = ORIENTED_EDGE ( 'NONE', *, *, #2290, .T. ) ;
#1857 = CARTESIAN_POINT ( 'NONE',  ( -10.50000000000000355, -6.000000000000000000, -3.000000000000000000 ) ) ;
#1858 = ORIENTED_EDGE ( 'NONE', *, *, #2561, .F. ) ;
#1859 = EDGE_CURVE ( 'NONE', #802, #2641, #2540, .T. ) ;
#1860 = CARTESIAN_POINT ( 'NONE',  ( 9.962281222137846726, -11.00000000000000178, -3.000000000000000000 ) ) ;
#1861 = EDGE_CURVE ( 'NONE', #2420, #615, #3136, .T. ) ;
#1862 = ADVANCED_FACE ( 'NONE', ( #2518 ), #3119, .T. ) ;
#1863 = LINE ( 'NONE', #1289, #1159 ) ;
#1864 = VERTEX_POINT ( 'NONE', #550 ) ;
#1865 = DIRECTION ( 'NONE',  ( 1.000000000000000000, 0.000000000000000000, 0.000000000000000000 ) ) ;
#1866 = VERTEX_POINT ( 'NONE', #2628 ) ;
#1867 = DIRECTION ( 'NONE',  ( 1.000000000000000000, -0.000000000000000000, -0.000000000000000000 ) ) ;
#1868 = CARTESIAN_POINT ( 'NONE',  ( 0.9499999999999959588, 4.400000000000008349, -19.00000000000000000 ) ) ;
#1869 = DIRECTION ( 'NONE',  ( 0.000000000000000000, 0.000000000000000000, -1.000000000000000000 ) ) ;
#1870 = DIRECTION ( 'NONE',  ( 0.000000000000000000, -1.000000000000000000, 0.000000000000000000 ) ) ;
#1871 = VERTEX_POINT ( 'NONE', #1395 ) ;
#1872 = CYLINDRICAL_SURFACE ( 'NONE', #1271, 0.5000000000000004441 ) ;
#1873 = ORIENTED_EDGE ( 'NONE', *, *, #1859, .T. ) ;
#1874 = PLANE ( 'NONE',  #668 ) ;
#1875 = LINE ( 'NONE', #2506, #3416 ) ;
#1876 = VERTEX_POINT ( 'NONE', #3449 ) ;
#1877 = DIRECTION ( 'NONE',  ( 0.000000000000000000, 0.000000000000000000, -1.000000000000000000 ) ) ;
#1878 = CARTESIAN_POINT ( 'NONE',  ( 0.9499999999999959588, 4.400000000000008349, -19.00000000000000000 ) ) ;
#1879 = EDGE_LOOP ( 'NONE', ( #3569, #407, #1360, #1030 ) ) ;
#1880 = EDGE_CURVE ( 'NONE', #2667, #2898, #884, .T. ) ;
#1881 = ORIENTED_EDGE ( 'NONE', *, *, #3799, .T. ) ;
#1882 = EDGE_CURVE ( 'NONE', #237, #1871, #1413, .T. ) ;
#1883 = CARTESIAN_POINT ( 'NONE',  ( -1.350000000000004086, 5.100000000000004086, -15.00000000000000000 ) ) ;
#1884 = CARTESIAN_POINT ( 'NONE',  ( -9.962281222137846726, -11.00000000000000178, 1.500000000000000000 ) ) ;
#1885 = PLANE ( 'NONE',  #87 ) ;
#1886 = CIRCLE ( 'NONE', #506, 5.000000000000000888 ) ;
#1887 = CARTESIAN_POINT ( 'NONE',  ( 8.184232728006463731, 1.299999999999995604, -19.00000000000000000 ) ) ;
#1888 = AXIS2_PLACEMENT_3D ( 'NONE', #2374, #584, #2090 ) ;
#1889 = ORIENTED_EDGE ( 'NONE', *, *, #33, .T. ) ;
#1890 = ORIENTED_EDGE ( 'NONE', *, *, #708, .T. ) ;
#1891 = AXIS2_PLACEMENT_3D ( 'NONE', #3201, #203, #3761 ) ;
#1892 = CIRCLE ( 'NONE', #1953, 2.000000000000001776 ) ;
#1893 = FILL_AREA_STYLE ('',( #3401 ) ) ;
#1894 = VERTEX_POINT ( 'NONE', #1326 ) ;
#1895 = CARTESIAN_POINT ( 'NONE',  ( -8.184232728006463731, 1.299999999999997380, -19.00000000000000000 ) ) ;
#1896 = VECTOR ( 'NONE', #616, 1000.000000000000000 ) ;
#1897 = DIRECTION ( 'NONE',  ( 0.000000000000000000, 0.000000000000000000, 1.000000000000000000 ) ) ;
#1898 = FILL_AREA_STYLE_COLOUR ( '', #2228 ) ;
#1899 = ORIENTED_EDGE ( 'NONE', *, *, #686, .T. ) ;
#1900 = CIRCLE ( 'NONE', #2211, 0.5000000000000004441 ) ;
#1901 = CARTESIAN_POINT ( 'NONE',  ( -7.550252531694177094, 8.000000000000000000, -12.49999999999999645 ) ) ;
#1902 = ORIENTED_EDGE ( 'NONE', *, *, #638, .F. ) ;
#1903 = EDGE_CURVE ( 'NONE', #2918, #3682, #3432, .T. ) ;
#1904 = CARTESIAN_POINT ( 'NONE',  ( 1.350000000000004086, -0.2999999999999981570, -19.00000000000000000 ) ) ;
#1905 = FACE_OUTER_BOUND ( 'NONE', #3813, .T. ) ;
#1906 = FILL_AREA_STYLE ('',( #1280 ) ) ;
#1907 = EDGE_CURVE ( 'NONE', #90, #2621, #3155, .T. ) ;
#1908 = FACE_OUTER_BOUND ( 'NONE', #2567, .T. ) ;
#1909 = EDGE_CURVE ( 'NONE', #2073, #110, #3798, .T. ) ;
#1910 = PRESENTATION_STYLE_ASSIGNMENT (( #2862 ) ) ;
#1911 = EDGE_LOOP ( 'NONE', ( #3549, #2738, #2884, #553 ) ) ;
#1912 = DIRECTION ( 'NONE',  ( -0.000000000000000000, 0.000000000000000000, 1.000000000000000000 ) ) ;
#1913 = CYLINDRICAL_SURFACE ( 'NONE', #3611, 5.000000000000000888 ) ;
#1914 = CIRCLE ( 'NONE', #902, 0.9999999999999940048 ) ;
#1915 = UNCERTAINTY_MEASURE_WITH_UNIT (LENGTH_MEASURE( 1.000000000000000082E-05 ), #3491, 'distance_accuracy_value', 'NONE');
#1916 = LINE ( 'NONE', #128, #5 ) ;
#1917 = LINE ( 'NONE', #2603, #606 ) ;
#1918 = CARTESIAN_POINT ( 'NONE',  ( -5.484232728006455559, 0.2999999999999999334, -19.00000000000000000 ) ) ;
#1919 = VERTEX_POINT ( 'NONE', #1741 ) ;
#1920 = CARTESIAN_POINT ( 'NONE',  ( -7.784232728006462487, 0.000000000000000000, -0.6999999999999992895 ) ) ;
#1921 = CARTESIAN_POINT ( 'NONE',  ( 1.350000000000004086, -0.2999999999999981570, -15.00000000000000000 ) ) ;
#1922 = LINE ( 'NONE', #1347, #3429 ) ;
#1923 = EDGE_CURVE ( 'NONE', #3246, #1061, #2820, .T. ) ;
#1924 = CARTESIAN_POINT ( 'NONE',  ( 7.784232728006455382, -2.899999999999994138, -0.6999999999999992895 ) ) ;
#1925 = LINE ( 'NONE', #3234, #1214 ) ;
#1926 = ORIENTED_EDGE ( 'NONE', *, *, #2732, .F. ) ;
#1927 = EDGE_CURVE ( 'NONE', #110, #95, #1721, .T. ) ;
#1928 = ADVANCED_FACE ( 'NONE', ( #3414 ), #248, .T. ) ;
#1929 = EDGE_LOOP ( 'NONE', ( #3011, #557, #3172, #2660 ) ) ;
#1930 =( NAMED_UNIT ( * ) SI_UNIT ( $, .STERADIAN. ) SOLID_ANGLE_UNIT ( ) );
#1931 = AXIS2_PLACEMENT_3D ( 'NONE', #1038, #1351, #1093 ) ;
#1932 = CARTESIAN_POINT ( 'NONE',  ( -5.884232728006463908, 0.000000000000000000, -0.6999999999999992895 ) ) ;
#1933 = DIRECTION ( 'NONE',  ( 1.000000000000000000, 0.000000000000000000, 0.000000000000000000 ) ) ;
#1934 = ORIENTED_EDGE ( 'NONE', *, *, #2493, .T. ) ;
#1935 = CYLINDRICAL_SURFACE ( 'NONE', #700, 3.499999999999999556 ) ;
#1936 = EDGE_LOOP ( 'NONE', ( #2449, #1116, #145, #3472 ) ) ;
#1937 = DIRECTION ( 'NONE',  ( 0.000000000000000000, 0.000000000000000000, -1.000000000000000000 ) ) ;
#1938 = DIRECTION ( 'NONE',  ( -1.000000000000000000, 0.000000000000000000, 0.000000000000000000 ) ) ;
#1939 = ORIENTED_EDGE ( 'NONE', *, *, #2290, .F. ) ;
#1940 = LINE ( 'NONE', #1037, #3665 ) ;
#1941 = FACE_OUTER_BOUND ( 'NONE', #1057, .T. ) ;
#1942 = VERTEX_POINT ( 'NONE', #1105 ) ;
#1943 = AXIS2_PLACEMENT_3D ( 'NONE', #1883, #1272, #433 ) ;
#1944 = EDGE_LOOP ( 'NONE', ( #1024, #1991, #3635, #2496 ) ) ;
#1945 = DIRECTION ( 'NONE',  ( 1.000000000000000000, 0.000000000000000000, 0.000000000000000000 ) ) ;
#1946 = ORIENTED_EDGE ( 'NONE', *, *, #9, .T. ) ;
#1947 = AXIS2_PLACEMENT_3D ( 'NONE', #2711, #948, #3091 ) ;
#1948 = CARTESIAN_POINT ( 'NONE',  ( -7.784232728006462487, -0.3999999999999958589, -19.00000000000000000 ) ) ;
#1949 = LINE ( 'NONE', #1676, #462 ) ;
#1950 = ADVANCED_FACE ( 'NONE', ( #712 ), #2910, .F. ) ;
#1951 = ADVANCED_FACE ( 'NONE', ( #2009 ), #3224, .F. ) ;
#1952 = PRESENTATION_LAYER_ASSIGNMENT (  '', '', ( #325 ) ) ;
#1953 = AXIS2_PLACEMENT_3D ( 'NONE', #1847, #1754, #2622 ) ;
#1954 = DIRECTION ( 'NONE',  ( 0.000000000000000000, -1.000000000000000000, 0.000000000000000000 ) ) ;
#1955 = VECTOR ( 'NONE', #2240, 1000.000000000000000 ) ;
#1956 = EDGE_CURVE ( 'NONE', #2898, #871, #345, .T. ) ;
#1957 = DIRECTION ( 'NONE',  ( 0.000000000000000000, 0.000000000000000000, 1.000000000000000000 ) ) ;
#1958 = ORIENTED_EDGE ( 'NONE', *, *, #2901, .F. ) ;
#1959 = DIRECTION ( 'NONE',  ( -0.000000000000000000, -0.000000000000000000, 1.000000000000000000 ) ) ;
#1960 = VECTOR ( 'NONE', #3069, 1000.000000000000000 ) ;
#1961 = ORIENTED_EDGE ( 'NONE', *, *, #177, .F. ) ;
#1962 = VECTOR ( 'NONE', #3576, 1000.000000000000000 ) ;
#1963 = FACE_OUTER_BOUND ( 'NONE', #2022, .T. ) ;
#1964 =( NAMED_UNIT ( * ) SI_UNIT ( $, .STERADIAN. ) SOLID_ANGLE_UNIT ( ) );
#1965 = ORIENTED_EDGE ( 'NONE', *, *, #2186, .T. ) ;
#1966 = ORIENTED_EDGE ( 'NONE', *, *, #708, .F. ) ;
#1967 = AXIS2_PLACEMENT_3D ( 'NONE', #2857, #1624, #2834 ) ;
#1968 = DIRECTION ( 'NONE',  ( 0.4694715627858885298, 0.8829475928589280986, 0.000000000000000000 ) ) ;
#1969 = DIRECTION ( 'NONE',  ( 0.000000000000000000, 0.000000000000000000, 1.000000000000000000 ) ) ;
#1970 = VECTOR ( 'NONE', #853, 1000.000000000000000 ) ;
#1971 = ADVANCED_FACE ( 'NONE', ( #2433 ), #1474, .T. ) ;
#1972 = AXIS2_PLACEMENT_3D ( 'NONE', #1918, #1305, #3150 ) ;
#1973 = EDGE_CURVE ( 'NONE', #925, #3374, #565, .T. ) ;
#1974 = EDGE_CURVE ( 'NONE', #1469, #2799, #1266, .T. ) ;
#1975 = CARTESIAN_POINT ( 'NONE',  ( 8.184232728006463731, 1.299999999999995604, -19.00000000000000000 ) ) ;
#1976 = VERTEX_POINT ( 'NONE', #1169 ) ;
#1977 = LINE ( 'NONE', #174, #769 ) ;
#1978 = DIRECTION ( 'NONE',  ( 0.000000000000000000, -1.000000000000000000, -0.000000000000000000 ) ) ;
#1979 = CARTESIAN_POINT ( 'NONE',  ( -0.9500000000000029532, 0.000000000000000000, -0.6999999999999992895 ) ) ;
#1980 = CARTESIAN_POINT ( 'NONE',  ( 1.569511716359968615E-15, -9.500000000000001776, -3.000000000000000000 ) ) ;
#1981 = ORIENTED_EDGE ( 'NONE', *, *, #1812, .F. ) ;
#1982 = ORIENTED_EDGE ( 'NONE', *, *, #1082, .F. ) ;
#1983 = ORIENTED_EDGE ( 'NONE', *, *, #2998, .F. ) ;
#1984 = LINE ( 'NONE', #2285, #2652 ) ;
#1985 = FILL_AREA_STYLE ('',( #1045 ) ) ;
#1986 = DIRECTION ( 'NONE',  ( -3.833536069632910861E-16, -1.000000000000000000, 0.000000000000000000 ) ) ;
#1987 = LINE ( 'NONE', #466, #1648 ) ;
#1988 =( GEOMETRIC_REPRESENTATION_CONTEXT ( 3 ) GLOBAL_UNCERTAINTY_ASSIGNED_CONTEXT ( ( #304 ) ) GLOBAL_UNIT_ASSIGNED_CONTEXT ( ( #1627, #119, #2837 ) ) REPRESENTATION_CONTEXT ( 'NONE', 'WORKASPACE' ) );
#1989 = EDGE_LOOP ( 'NONE', ( #2316, #1711, #479, #3748 ) ) ;
#1990 = CARTESIAN_POINT ( 'NONE',  ( -10.50000000000000355, -6.000000000000000000, -2.999999999999999112 ) ) ;
#1991 = ORIENTED_EDGE ( 'NONE', *, *, #2578, .F. ) ;
#1992 = PRESENTATION_STYLE_ASSIGNMENT (( #790 ) ) ;
#1993 = ORIENTED_EDGE ( 'NONE', *, *, #3625, .T. ) ;
#1994 = LINE ( 'NONE', #3209, #468 ) ;
#1995 = EDGE_CURVE ( 'NONE', #417, #3246, #1777, .T. ) ;
#1996 = ADVANCED_FACE ( 'NONE', ( #2375 ), #3885, .T. ) ;
#1997 = PLANE ( 'NONE',  #3040 ) ;
#1998 = CARTESIAN_POINT ( 'NONE',  ( -0.9500000000000029532, 2.900000000000004352, -0.6999999999999988454 ) ) ;
#1999 = ORIENTED_EDGE ( 'NONE', *, *, #1859, .F. ) ;
#2000 = EDGE_LOOP ( 'NONE', ( #3612, #2451, #514, #1993 ) ) ;
#2001 = VERTEX_POINT ( 'NONE', #3286 ) ;
#2002 = CARTESIAN_POINT ( 'NONE',  ( 0.000000000000000000, -0.8999999999999975797, -24.39999999999999858 ) ) ;
#2003 = CARTESIAN_POINT ( 'NONE',  ( 7.784232728006455382, -3.899999999999997691, -24.39999999999999858 ) ) ;
#2004 = DIRECTION ( 'NONE',  ( -1.000000000000000000, 0.000000000000000000, 0.000000000000000000 ) ) ;
#2005 =( GEOMETRIC_REPRESENTATION_CONTEXT ( 3 ) GLOBAL_UNCERTAINTY_ASSIGNED_CONTEXT ( ( #2584 ) ) GLOBAL_UNIT_ASSIGNED_CONTEXT ( ( #3175, #2870, #3804 ) ) REPRESENTATION_CONTEXT ( 'NONE', 'WORKASPACE' ) );
#2006 =( GEOMETRIC_REPRESENTATION_CONTEXT ( 3 ) GLOBAL_UNCERTAINTY_ASSIGNED_CONTEXT ( ( #847 ) ) GLOBAL_UNIT_ASSIGNED_CONTEXT ( ( #3504, #1122, #1720 ) ) REPRESENTATION_CONTEXT ( 'NONE', 'WORKASPACE' ) );
#2007 = VERTEX_POINT ( 'NONE', #1186 ) ;
#2008 = LINE ( 'NONE', #2310, #3028 ) ;
#2009 = FACE_OUTER_BOUND ( 'NONE', #3127, .T. ) ;
#2010 = MECHANICAL_DESIGN_GEOMETRIC_PRESENTATION_REPRESENTATION (  '', ( #325 ), #261 ) ;
#2011 = DIRECTION ( 'NONE',  ( -0.7071067811865486830, 0.000000000000000000, 0.7071067811865464625 ) ) ;
#2012 = ORIENTED_EDGE ( 'NONE', *, *, #2415, .T. ) ;
#2013 = CARTESIAN_POINT ( 'NONE',  ( -18.25000000000000355, -2.143131898507868297E-16, -1.399999999999988809 ) ) ;
#2014 = ORIENTED_EDGE ( 'NONE', *, *, #716, .F. ) ;
#2015 = VECTOR ( 'NONE', #3081, 1000.000000000000000 ) ;
#2016 = ORIENTED_EDGE ( 'NONE', *, *, #2779, .F. ) ;
#2017 = EDGE_CURVE ( 'NONE', #3577, #2381, #585, .T. ) ;
#2018 = COLOUR_RGB ( '',0.09803921568627450844, 0.09803921568627450844, 0.09803921568627450844 ) ;
#2019 = DIRECTION ( 'NONE',  ( 0.000000000000000000, 0.000000000000000000, 1.000000000000000000 ) ) ;
#2020 = CARTESIAN_POINT ( 'NONE',  ( 0.000000000000000000, 0.4000000000000080158, -24.39999999999999858 ) ) ;
#2021 = CIRCLE ( 'NONE', #1207, 5.000000000000000888 ) ;
#2022 = EDGE_LOOP ( 'NONE', ( #1810, #213, #1983, #2960 ) ) ;
#2023 = DIRECTION ( 'NONE',  ( 0.000000000000000000, 0.000000000000000000, -1.000000000000000000 ) ) ;
#2024 = EDGE_CURVE ( 'NONE', #1403, #2650, #1782, .T. ) ;
#2025 = EDGE_CURVE ( 'NONE', #3503, #860, #850, .T. ) ;
#2026 = CARTESIAN_POINT ( 'NONE',  ( -6.755428779221936075, -12.70511368984503342, -3.000000000000000000 ) ) ;
#2027 = LINE ( 'NONE', #1675, #3758 ) ;
#2028 = DIRECTION ( 'NONE',  ( 0.7071067811865465735, -0.7071067811865483499, 0.000000000000000000 ) ) ;
#2029 = AXIS2_PLACEMENT_3D ( 'NONE', #2958, #3830, #1732 ) ;
#2030 = VECTOR ( 'NONE', #1475, 1000.000000000000000 ) ;
#2031 = DIRECTION ( 'NONE',  ( 0.000000000000000000, -0.000000000000000000, 1.000000000000000000 ) ) ;
#2032 = DIRECTION ( 'NONE',  ( -1.000000000000000000, 0.000000000000000000, 0.000000000000000000 ) ) ;
#2033 = VERTEX_POINT ( 'NONE', #2991 ) ;
#2034 = FILL_AREA_STYLE ('',( #1108 ) ) ;
#2035 = DIRECTION ( 'NONE',  ( 0.000000000000000000, 0.000000000000000000, 1.000000000000000000 ) ) ;
#2036 = ORIENTED_EDGE ( 'NONE', *, *, #2894, .F. ) ;
#2037 = AXIS2_PLACEMENT_3D ( 'NONE', #1341, #2532, #450 ) ;
#2038 = CARTESIAN_POINT ( 'NONE',  ( -25.00000000000000355, -2.399999999999998135, -23.35999999999999943 ) ) ;
#2039 = CARTESIAN_POINT ( 'NONE',  ( 8.184232728006460178, -6.100000000000001421, -15.00000000000000000 ) ) ;
#2040 = DIRECTION ( 'NONE',  ( 0.000000000000000000, 0.000000000000000000, -1.000000000000000000 ) ) ;
#2041 = ORIENTED_EDGE ( 'NONE', *, *, #869, .T. ) ;
#2042 = EDGE_CURVE ( 'NONE', #1137, #655, #308, .T. ) ;
#2043 = VERTEX_POINT ( 'NONE', #3601 ) ;
#2044 = DIRECTION ( 'NONE',  ( -0.000000000000000000, -0.000000000000000000, -1.000000000000000000 ) ) ;
#2045 = DIRECTION ( 'NONE',  ( 1.000000000000000000, 0.000000000000000000, -0.000000000000000000 ) ) ;
#2046 = CARTESIAN_POINT ( 'NONE',  ( -5.484232728006455559, 1.299999999999997380, -19.00000000000000000 ) ) ;
#2047 = DIRECTION ( 'NONE',  ( 0.000000000000000000, 0.000000000000000000, 1.000000000000000000 ) ) ;
#2048 = ADVANCED_FACE ( 'NONE', ( #2127, #2091 ), #3305, .F. ) ;
#2049 = EDGE_CURVE ( 'NONE', #1894, #3893, #1802, .T. ) ;
#2050 = ORIENTED_EDGE ( 'NONE', *, *, #105, .T. ) ;
#2051 = DIRECTION ( 'NONE',  ( 1.000000000000000000, -0.000000000000000000, -0.000000000000000000 ) ) ;
#2052 = DIRECTION ( 'NONE',  ( -1.000000000000000000, 0.000000000000000000, 0.000000000000000000 ) ) ;
#2053 = VERTEX_POINT ( 'NONE', #1818 ) ;
#2054 = SURFACE_STYLE_USAGE ( .BOTH. , #851 ) ;
#2055 = DIRECTION ( 'NONE',  ( 0.000000000000000000, 0.000000000000000000, -1.000000000000000000 ) ) ;
#2056 = EDGE_LOOP ( 'NONE', ( #1085, #52, #3825, #54, #3394, #3653, #23, #2996 ) ) ;
#2057 = ORIENTED_EDGE ( 'NONE', *, *, #771, .T. ) ;
#2058 = CARTESIAN_POINT ( 'NONE',  ( -7.784232728006462487, -4.399999999999995914, -3.298076211353310416 ) ) ;
#2059 = CARTESIAN_POINT ( 'NONE',  ( 6.755428779221936075, -12.70511368984503342, 1.500000000000000000 ) ) ;
#2060 = ORIENTED_EDGE ( 'NONE', *, *, #425, .F. ) ;
#2061 = VERTEX_POINT ( 'NONE', #2108 ) ;
#2062 = DIRECTION ( 'NONE',  ( 0.000000000000000000, 0.000000000000000000, -1.000000000000000000 ) ) ;
#2063 = PLANE ( 'NONE',  #3471 ) ;
#2064 =( LENGTH_UNIT ( ) NAMED_UNIT ( * ) SI_UNIT ( .MILLI., .METRE. ) );
#2065 = DIRECTION ( 'NONE',  ( -1.000000000000000000, 0.000000000000000000, -0.000000000000000000 ) ) ;
#2066 = UNCERTAINTY_MEASURE_WITH_UNIT (LENGTH_MEASURE( 1.000000000000000082E-05 ), #1459, 'distance_accuracy_value', 'NONE');
#2067 = ORIENTED_EDGE ( 'NONE', *, *, #3702, .F. ) ;
#2068 = MECHANICAL_DESIGN_GEOMETRIC_PRESENTATION_REPRESENTATION (  '', ( #1067 ), #2770 ) ;
#2069 = CARTESIAN_POINT ( 'NONE',  ( -7.784232728006462487, -1.899999999999998579, -0.6999999999999994005 ) ) ;
#2070 = ADVANCED_FACE ( 'NONE', ( #71 ), #1913, .T. ) ;
#2071 = DIRECTION ( 'NONE',  ( -1.000000000000000000, 0.000000000000000000, 0.000000000000000000 ) ) ;
#2072 = ADVANCED_FACE ( 'NONE', ( #1576 ), #409, .F. ) ;
#2073 = VERTEX_POINT ( 'NONE', #1027 ) ;
#2074 = ADVANCED_FACE ( 'NONE', ( #3424 ), #738, .T. ) ;
#2075 = VECTOR ( 'NONE', #2188, 1000.000000000000000 ) ;
#2076 = CARTESIAN_POINT ( 'NONE',  ( 7.784232728006455382, -0.3999999999999975797, -19.00000000000000000 ) ) ;
#2077 = VECTOR ( 'NONE', #70, 1000.000000000000000 ) ;
#2078 = STYLED_ITEM ( 'NONE', ( #1910 ), #83 ) ;
#2079 = DIRECTION ( 'NONE',  ( 0.000000000000000000, -0.5000000000000014433, -0.8660254037844378194 ) ) ;
#2080 = LINE ( 'NONE', #2020, #590 ) ;
#2081 = VECTOR ( 'NONE', #3918, 1000.000000000000000 ) ;
#2082 = EDGE_LOOP ( 'NONE', ( #2928, #1153, #908, #1178 ) ) ;
#2083 = ORIENTED_EDGE ( 'NONE', *, *, #2049, .T. ) ;
#2084 = MECHANICAL_DESIGN_GEOMETRIC_PRESENTATION_REPRESENTATION (  '', ( #1328 ), #3107 ) ;
#2085 = LINE ( 'NONE', #1163, #1009 ) ;
#2086 = FACE_OUTER_BOUND ( 'NONE', #2663, .T. ) ;
#2087 = CARTESIAN_POINT ( 'NONE',  ( 4.484232728006465329, 0.2999999999999981570, -15.00000000000000000 ) ) ;
#2088 = COLOUR_RGB ( '',0.09803921568627450844, 0.09803921568627450844, 0.09803921568627450844 ) ;
#2089 = VECTOR ( 'NONE', #983, 1000.000000000000000 ) ;
#2090 = DIRECTION ( 'NONE',  ( -3.833536069632910861E-16, -1.000000000000000000, 0.000000000000000000 ) ) ;
#2091 = FACE_BOUND ( 'NONE', #2606, .T. ) ;
#2092 = VECTOR ( 'NONE', #1418, 1000.000000000000000 ) ;
#2093 = EDGE_CURVE ( 'NONE', #34, #2908, #1616, .T. ) ;
#2094 = ORIENTED_EDGE ( 'NONE', *, *, #1412, .T. ) ;
#2095 = DIRECTION ( 'NONE',  ( 0.7071067811865485719, -0.7071067811865465735, 0.000000000000000000 ) ) ;
#2096 = CARTESIAN_POINT ( 'NONE',  ( 5.484232728006455559, 0.2999999999999981570, -19.00000000000000000 ) ) ;
#2097 = EDGE_CURVE ( 'NONE', #2842, #988, #3074, .T. ) ;
#2098 = ADVANCED_FACE ( 'NONE', ( #2769, #2170, #1264, #2747 ), #2508, .F. ) ;
#2099 = ORIENTED_EDGE ( 'NONE', *, *, #2366, .F. ) ;
#2100 = CARTESIAN_POINT ( 'NONE',  ( 14.00000000000000178, 3.671572875253805712, -15.00000000000000000 ) ) ;
#2101 = CARTESIAN_POINT ( 'NONE',  ( 8.184232728006463731, 1.299999999999995604, -19.00000000000000000 ) ) ;
#2102 = PRESENTATION_LAYER_ASSIGNMENT (  '', '', ( #3182 ) ) ;
#2103 = VERTEX_POINT ( 'NONE', #3714 ) ;
#2104 = ORIENTED_EDGE ( 'NONE', *, *, #395, .F. ) ;
#2105 = FACE_OUTER_BOUND ( 'NONE', #995, .T. ) ;
#2106 = LINE ( 'NONE', #864, #3359 ) ;
#2107 = CARTESIAN_POINT ( 'NONE',  ( -5.884232728006463908, -3.899999999999995914, -24.39999999999999858 ) ) ;
#2108 = CARTESIAN_POINT ( 'NONE',  ( -1.350000000000004086, 6.100000000000001421, -19.00000000000000000 ) ) ;
#2109 = ORIENTED_EDGE ( 'NONE', *, *, #3076, .T. ) ;
#2110 = AXIS2_PLACEMENT_3D ( 'NONE', #422, #2467, #142 ) ;
#2111 =( NAMED_UNIT ( * ) SI_UNIT ( $, .STERADIAN. ) SOLID_ANGLE_UNIT ( ) );
#2112 = CARTESIAN_POINT ( 'NONE',  ( 1.350000000000004086, 5.100000000000004086, -15.00000000000000000 ) ) ;
#2113 = ORIENTED_EDGE ( 'NONE', *, *, #2952, .T. ) ;
#2114 = EDGE_LOOP ( 'NONE', ( #3511, #1334, #969, #3558, #3805, #3460, #3705, #3466 ) ) ;
#2115 = EDGE_LOOP ( 'NONE', ( #952, #3227 ) ) ;
#2116 = CARTESIAN_POINT ( 'NONE',  ( -16.85000000000001208, -3.857637417314154307E-16, 0.000000000000000000 ) ) ;
#2117 = EDGE_CURVE ( 'NONE', #721, #976, #3403, .T. ) ;
#2118 = DIRECTION ( 'NONE',  ( -1.000000000000000000, 0.000000000000000000, 0.000000000000000000 ) ) ;
#2119 = EDGE_CURVE ( 'NONE', #417, #1171, #1004, .T. ) ;
#2120 = VERTEX_POINT ( 'NONE', #125 ) ;
#2121 = ORIENTED_EDGE ( 'NONE', *, *, #2655, .T. ) ;
#2122 = FACE_BOUND ( 'NONE', #3071, .T. ) ;
#2123 = CARTESIAN_POINT ( 'NONE',  ( -8.171572875253826140, 9.500000000000000000, -3.000000000000000000 ) ) ;
#2124 = LINE ( 'NONE', #3340, #1389 ) ;
#2125 = DIRECTION ( 'NONE',  ( -0.000000000000000000, 0.000000000000000000, 1.000000000000000000 ) ) ;
#2126 = CARTESIAN_POINT ( 'NONE',  ( 5.884232728006456803, 0.000000000000000000, -24.89999999999999858 ) ) ;
#2127 = FACE_OUTER_BOUND ( 'NONE', #121, .T. ) ;
#2128 = ORIENTED_EDGE ( 'NONE', *, *, #2317, .T. ) ;
#2129 = LINE ( 'NONE', #646, #3716 ) ;
#2130 = ORIENTED_EDGE ( 'NONE', *, *, #3146, .F. ) ;
#2131 = DIRECTION ( 'NONE',  ( 0.000000000000000000, -1.000000000000000000, -0.000000000000000000 ) ) ;
#2132 = VECTOR ( 'NONE', #1820, 1000.000000000000000 ) ;
#2133 = CARTESIAN_POINT ( 'NONE',  ( -8.184232728006463731, 0.2999999999999999334, -15.00000000000000000 ) ) ;
#2134 = EDGE_LOOP ( 'NONE', ( #3833, #2442, #1821, #2680 ) ) ;
#2135 = CARTESIAN_POINT ( 'NONE',  ( -8.835786437626923728, 8.835786437626900636, -3.000000000000000000 ) ) ;
#2136 = DIRECTION ( 'NONE',  ( 0.000000000000000000, 0.000000000000000000, 1.000000000000000000 ) ) ;
#2137 = ORIENTED_EDGE ( 'NONE', *, *, #2626, .F. ) ;
#2138 = VECTOR ( 'NONE', #2148, 1000.000000000000000 ) ;
#2139 = ADVANCED_FACE ( 'NONE', ( #725 ), #3129, .T. ) ;
#2140 = VECTOR ( 'NONE', #2740, 1000.000000000000000 ) ;
#2141 = DIRECTION ( 'NONE',  ( 0.000000000000000000, 0.000000000000000000, -1.000000000000000000 ) ) ;
#2142 = CARTESIAN_POINT ( 'NONE',  ( -15.75000000000000711, -7.922615338006460561, 0.000000000000000000 ) ) ;
#2143 = CARTESIAN_POINT ( 'NONE',  ( 10.50000000000000355, -6.000000000000000000, -3.000000000000000000 ) ) ;
#2144 = VECTOR ( 'NONE', #2235, 1000.000000000000000 ) ;
#2145 = EDGE_CURVE ( 'NONE', #1586, #1196, #428, .T. ) ;
#2146 = DIRECTION ( 'NONE',  ( -0.000000000000000000, -0.000000000000000000, 1.000000000000000000 ) ) ;
#2147 = ORIENTED_EDGE ( 'NONE', *, *, #1973, .T. ) ;
#2148 = DIRECTION ( 'NONE',  ( 0.000000000000000000, -1.000000000000000000, 0.000000000000000000 ) ) ;
#2149 = ORIENTED_EDGE ( 'NONE', *, *, #397, .F. ) ;
#2150 = CARTESIAN_POINT ( 'NONE',  ( 0.000000000000000000, 0.9000000000000080158, -24.89999999999999858 ) ) ;
#2151 = VECTOR ( 'NONE', #2028, 1000.000000000000114 ) ;
#2152 = LINE ( 'NONE', #1248, #3661 ) ;
#2153 = CARTESIAN_POINT ( 'NONE',  ( 20.00000000000000355, 0.000000000000000000, -3.000000000000000000 ) ) ;
#2154 = CIRCLE ( 'NONE', #2543, 0.9999999999999922284 ) ;
#2155 = EDGE_LOOP ( 'NONE', ( #890, #1889, #819, #1340, #1631, #461, #1790, #3439 ) ) ;
#2156 = EDGE_LOOP ( 'NONE', ( #3451, #2569, #3464, #758 ) ) ;
#2157 = CYLINDRICAL_SURFACE ( 'NONE', #3, 1.000000000000000888 ) ;
#2158 = ORIENTED_EDGE ( 'NONE', *, *, #1034, .F. ) ;
#2159 = DIRECTION ( 'NONE',  ( 1.000000000000000000, -0.000000000000000000, -0.000000000000000000 ) ) ;
#2160 = DIRECTION ( 'NONE',  ( 1.000000000000000000, 0.000000000000000000, 0.000000000000000000 ) ) ;
#2161 = PLANE ( 'NONE',  #2403 ) ;
#2162 = FACE_OUTER_BOUND ( 'NONE', #3237, .T. ) ;
#2163 = ORIENTED_EDGE ( 'NONE', *, *, #2811, .F. ) ;
#2164 = DIRECTION ( 'NONE',  ( 0.000000000000000000, 0.000000000000000000, -1.000000000000000000 ) ) ;
#2165 = VECTOR ( 'NONE', #2146, 1000.000000000000000 ) ;
#2166 = SURFACE_STYLE_FILL_AREA ( #413 ) ;
#2167 = ORIENTED_EDGE ( 'NONE', *, *, #1013, .T. ) ;
#2168 = CARTESIAN_POINT ( 'NONE',  ( 9.962281222137846726, -11.00000000000000178, 1.500000000000000000 ) ) ;
#2169 = EDGE_LOOP ( 'NONE', ( #1999, #440, #3207, #188, #1158, #1833 ) ) ;
#2170 = FACE_OUTER_BOUND ( 'NONE', #313, .T. ) ;
#2171 = AXIS2_PLACEMENT_3D ( 'NONE', #264, #1453, #2670 ) ;
#2172 = EDGE_CURVE ( 'NONE', #1461, #3270, #1100, .T. ) ;
#2173 = EDGE_CURVE ( 'NONE', #1671, #1739, #3797, .T. ) ;
#2174 = DIRECTION ( 'NONE',  ( 0.000000000000000000, 0.000000000000000000, -1.000000000000000000 ) ) ;
#2175 = DIRECTION ( 'NONE',  ( -0.000000000000000000, -0.000000000000000000, 1.000000000000000000 ) ) ;
#2176 = DIRECTION ( 'NONE',  ( 0.000000000000000000, -1.000000000000000000, -0.000000000000000000 ) ) ;
#2177 = LINE ( 'NONE', #692, #3545 ) ;
#2178 = DIRECTION ( 'NONE',  ( 0.000000000000000000, -1.000000000000000000, 0.000000000000000000 ) ) ;
#2179 = PLANE ( 'NONE',  #1136 ) ;
#2180 = DIRECTION ( 'NONE',  ( 1.000000000000000000, 0.000000000000000000, 0.000000000000000000 ) ) ;
#2181 = CARTESIAN_POINT ( 'NONE',  ( 0.000000000000000000, -3.899999999999995914, -24.39999999999999858 ) ) ;
#2182 = ORIENTED_EDGE ( 'NONE', *, *, #1154, .T. ) ;
#2183 = VERTEX_POINT ( 'NONE', #2882 ) ;
#2184 = DIRECTION ( 'NONE',  ( -1.000000000000000000, 0.000000000000000000, 0.000000000000000000 ) ) ;
#2185 = DIRECTION ( 'NONE',  ( -1.000000000000000000, 0.000000000000000000, -0.000000000000000000 ) ) ;
#2186 = EDGE_CURVE ( 'NONE', #3253, #2658, #3499, .T. ) ;
#2187 = EDGE_CURVE ( 'NONE', #2420, #3773, #1949, .T. ) ;
#2188 = DIRECTION ( 'NONE',  ( -1.000000000000000000, 0.000000000000000000, 0.000000000000000000 ) ) ;
#2189 = CARTESIAN_POINT ( 'NONE',  ( 0.9499999999999959588, 0.4000000000000079048, -3.298076211353310860 ) ) ;
#2190 = VERTEX_POINT ( 'NONE', #3166 ) ;
#2191 = EDGE_CURVE ( 'NONE', #1149, #3554, #1900, .T. ) ;
#2192 = EDGE_CURVE ( 'NONE', #2061, #981, #1987, .T. ) ;
#2193 = LINE ( 'NONE', #1920, #2576 ) ;
#2194 = ORIENTED_EDGE ( 'NONE', *, *, #2464, .F. ) ;
#2195 =( GEOMETRIC_REPRESENTATION_CONTEXT ( 3 ) GLOBAL_UNCERTAINTY_ASSIGNED_CONTEXT ( ( #739 ) ) GLOBAL_UNIT_ASSIGNED_CONTEXT ( ( #2563, #1056, #180 ) ) REPRESENTATION_CONTEXT ( 'NONE', 'WORKASPACE' ) );
#2196 = DIRECTION ( 'NONE',  ( 0.000000000000000000, -1.000000000000000000, 0.000000000000000000 ) ) ;
#2197 = CARTESIAN_POINT ( 'NONE',  ( -5.884232728006463908, -2.399999999999998135, -22.35999999999999943 ) ) ;
#2198 = COLOUR_RGB ( '',0.09803921568627450844, 0.09803921568627450844, 0.09803921568627450844 ) ;
#2199 = LINE ( 'NONE', #959, #2840 ) ;
#2200 = CARTESIAN_POINT ( 'NONE',  ( 0.9499999999999959588, 4.400000000000008349, -19.00000000000000000 ) ) ;
#2201 = ORIENTED_EDGE ( 'NONE', *, *, #3899, .T. ) ;
#2202 = COLOUR_RGB ( '',0.09803921568627450844, 0.09803921568627450844, 0.09803921568627450844 ) ;
#2203 = PRESENTATION_STYLE_ASSIGNMENT (( #1002 ) ) ;
#2204 = DIRECTION ( 'NONE',  ( 0.000000000000000000, -0.000000000000000000, 1.000000000000000000 ) ) ;
#2205 = CARTESIAN_POINT ( 'NONE',  ( -25.00000000000000355, 0.000000000000000000, -3.000000000000000000 ) ) ;
#2206 = VECTOR ( 'NONE', #176, 1000.000000000000000 ) ;
#2207 = DIRECTION ( 'NONE',  ( -0.000000000000000000, 1.000000000000000000, -0.000000000000000000 ) ) ;
#2208 = DIRECTION ( 'NONE',  ( 0.000000000000000000, 0.000000000000000000, -1.000000000000000000 ) ) ;
#2209 = VERTEX_POINT ( 'NONE', #147 ) ;
#2210 = EDGE_CURVE ( 'NONE', #269, #3016, #1635, .T. ) ;
#2211 = AXIS2_PLACEMENT_3D ( 'NONE', #3203, #3837, #1338 ) ;
#2212 = CARTESIAN_POINT ( 'NONE',  ( 6.755428779221936075, 12.70511368984503342, -3.000000000000000000 ) ) ;
#2213 = AXIS2_PLACEMENT_3D ( 'NONE', #2717, #1236, #336 ) ;
#2214 = DIRECTION ( 'NONE',  ( 1.000000000000000000, 0.000000000000000000, 0.000000000000000000 ) ) ;
#2215 = DIRECTION ( 'NONE',  ( 0.000000000000000000, -1.000000000000000000, 0.000000000000000000 ) ) ;
#2216 = ADVANCED_FACE ( 'NONE', ( #1354 ), #1657, .T. ) ;
#2217 = EDGE_CURVE ( 'NONE', #2641, #1310, #801, .T. ) ;
#2218 = AXIS2_PLACEMENT_3D ( 'NONE', #1588, #1292, #1219 ) ;
#2219 = LINE ( 'NONE', #3436, #2465 ) ;
#2220 = CARTESIAN_POINT ( 'NONE',  ( -5.484232728006455559, -5.100000000000002309, -19.00000000000000000 ) ) ;
#2221 = ORIENTED_EDGE ( 'NONE', *, *, #3433, .T. ) ;
#2222 = DIRECTION ( 'NONE',  ( -0.000000000000000000, -0.000000000000000000, -1.000000000000000000 ) ) ;
#2223 = ORIENTED_EDGE ( 'NONE', *, *, #2605, .F. ) ;
#2224 = ORIENTED_EDGE ( 'NONE', *, *, #666, .F. ) ;
#2225 =( LENGTH_UNIT ( ) NAMED_UNIT ( * ) SI_UNIT ( .MILLI., .METRE. ) );
#2226 = DIRECTION ( 'NONE',  ( 0.000000000000000000, 0.000000000000000000, -1.000000000000000000 ) ) ;
#2227 = DIRECTION ( 'NONE',  ( 0.000000000000000000, 1.000000000000000000, 0.000000000000000000 ) ) ;
#2228 = COLOUR_RGB ( '',0.09803921568627450844, 0.09803921568627450844, 0.09803921568627450844 ) ;
#2229 =( GEOMETRIC_REPRESENTATION_CONTEXT ( 3 ) GLOBAL_UNCERTAINTY_ASSIGNED_CONTEXT ( ( #1800 ) ) GLOBAL_UNIT_ASSIGNED_CONTEXT ( ( #2064, #3320, #1814 ) ) REPRESENTATION_CONTEXT ( 'NONE', 'WORKASPACE' ) );
#2230 = DIRECTION ( 'NONE',  ( 0.000000000000000000, -1.000000000000000000, 0.000000000000000000 ) ) ;
#2231 = LINE ( 'NONE', #2830, #971 ) ;
#2232 = CARTESIAN_POINT ( 'NONE',  ( 7.784232728006455382, -0.3999999999999975797, -19.00000000000000000 ) ) ;
#2233 = PRODUCT_RELATED_PRODUCT_CATEGORY ( 'part', '', ( #2267 ) ) ;
#2234 = VERTEX_POINT ( 'NONE', #3478 ) ;
#2235 = DIRECTION ( 'NONE',  ( 1.000000000000000000, 0.000000000000000000, 0.000000000000000000 ) ) ;
#2236 = CARTESIAN_POINT ( 'NONE',  ( 0.000000000000000000, 2.900000000000004796, -0.6999999999999992895 ) ) ;
#2237 = ORIENTED_EDGE ( 'NONE', *, *, #787, .F. ) ;
#2238 = EDGE_CURVE ( 'NONE', #1660, #2001, #1119, .T. ) ;
#2239 = EDGE_CURVE ( 'NONE', #1529, #417, #2021, .T. ) ;
#2240 = DIRECTION ( 'NONE',  ( 0.000000000000000000, 0.000000000000000000, 1.000000000000000000 ) ) ;
#2241 = FILL_AREA_STYLE_COLOUR ( '', #236 ) ;
#2242 = DIRECTION ( 'NONE',  ( -1.000000000000000000, 1.652117596168387756E-16, 0.000000000000000000 ) ) ;
#2243 = VERTEX_POINT ( 'NONE', #183 ) ;
#2244 = FILL_AREA_STYLE ('',( #2841 ) ) ;
#2245 = ORIENTED_EDGE ( 'NONE', *, *, #1323, .T. ) ;
#2246 = SURFACE_STYLE_USAGE ( .BOTH. , #465 ) ;
#2247 = PLANE ( 'NONE',  #1514 ) ;
#2248 = DIRECTION ( 'NONE',  ( -1.000000000000000000, 0.000000000000000000, 0.000000000000000000 ) ) ;
#2249 = ORIENTED_EDGE ( 'NONE', *, *, #3905, .F. ) ;
#2250 = CARTESIAN_POINT ( 'NONE',  ( 0.000000000000000000, -4.399999999999997691, -3.298076211353310416 ) ) ;
#2251 = ORIENTED_EDGE ( 'NONE', *, *, #177, .T. ) ;
#2252 = DIRECTION ( 'NONE',  ( 0.000000000000000000, 0.000000000000000000, -1.000000000000000000 ) ) ;
#2253 = ORIENTED_EDGE ( 'NONE', *, *, #3792, .T. ) ;
#2254 = CARTESIAN_POINT ( 'NONE',  ( -5.484232728006455559, 0.2999999999999999334, -19.00000000000000000 ) ) ;
#2255 = VERTEX_POINT ( 'NONE', #2566 ) ;
#2256 = DIRECTION ( 'NONE',  ( 0.8829475928589280986, -0.4694715627858885854, 0.000000000000000000 ) ) ;
#2257 = PRESENTATION_LAYER_ASSIGNMENT (  '', '', ( #1067 ) ) ;
#2258 = CARTESIAN_POINT ( 'NONE',  ( -5.884232728006463908, -2.899999999999992806, -0.6999999999999992895 ) ) ;
#2259 = SURFACE_STYLE_USAGE ( .BOTH. , #2615 ) ;
#2260 = LINE ( 'NONE', #795, #652 ) ;
#2261 = ORIENTED_EDGE ( 'NONE', *, *, #614, .F. ) ;
#2262 = VECTOR ( 'NONE', #953, 1000.000000000000000 ) ;
#2263 = ADVANCED_FACE ( 'NONE', ( #482 ), #2268, .F. ) ;
#2264 = CARTESIAN_POINT ( 'NONE',  ( -8.171572875253820811, 9.500000000000000000, -15.00000000000000000 ) ) ;
#2265 = CIRCLE ( 'NONE', #2647, 3.499999999999999556 ) ;
#2266 = DIRECTION ( 'NONE',  ( 0.000000000000000000, 0.000000000000000000, -1.000000000000000000 ) ) ;
#2267 = PRODUCT ( 'IEC-C4-3pins', 'IEC-C4-3pins', '', ( #3160 ) ) ;
#2268 = PLANE ( 'NONE',  #3169 ) ;
#2269 = ADVANCED_FACE ( 'NONE', ( #205 ), #2247, .T. ) ;
#2270 = VECTOR ( 'NONE', #560, 1000.000000000000000 ) ;
#2271 = AXIS2_PLACEMENT_3D ( 'NONE', #1098, #1945, #1630 ) ;
#2272 = FILL_AREA_STYLE ('',( #1063 ) ) ;
#2273 = VECTOR ( 'NONE', #141, 1000.000000000000000 ) ;
#2274 = AXIS2_PLACEMENT_3D ( 'NONE', #268, #643, #2071 ) ;
#2275 = CARTESIAN_POINT ( 'NONE',  ( -5.884232728006463908, -0.3999999999999958589, -19.00000000000000000 ) ) ;
#2276 = PRESENTATION_LAYER_ASSIGNMENT (  '', '', ( #82 ) ) ;
#2277 = VERTEX_POINT ( 'NONE', #2583 ) ;
#2278 = VECTOR ( 'NONE', #1282, 1000.000000000000000 ) ;
#2279 = PLANE ( 'NONE',  #1577 ) ;
#2280 = PRESENTATION_STYLE_ASSIGNMENT (( #2259 ) ) ;
#2281 = CARTESIAN_POINT ( 'NONE',  ( 7.784232728006455382, -2.174999999999991829, 0.5557368354874369087 ) ) ;
#2282 = ORIENTED_EDGE ( 'NONE', *, *, #3312, .F. ) ;
#2283 = CIRCLE ( 'NONE', #594, 3.149999999999993250 ) ;
#2284 = ORIENTED_EDGE ( 'NONE', *, *, #1034, .T. ) ;
#2285 = CARTESIAN_POINT ( 'NONE',  ( 0.9499999999999959588, 4.400000000000008349, -0.6999999999999992895 ) ) ;
#2286 = CARTESIAN_POINT ( 'NONE',  ( -7.775126265847098317, 7.775126265847078777, 1.500000000000000000 ) ) ;
#2287 = CARTESIAN_POINT ( 'NONE',  ( 9.184232728006454849, 0.2999999999999982681, -15.00000000000000000 ) ) ;
#2288 = DIRECTION ( 'NONE',  ( 0.000000000000000000, 0.000000000000000000, -1.000000000000000000 ) ) ;
#2289 = DIRECTION ( 'NONE',  ( 1.000000000000000000, 0.000000000000000000, 0.000000000000000000 ) ) ;
#2290 = EDGE_CURVE ( 'NONE', #950, #230, #1709, .T. ) ;
#2291 = CIRCLE ( 'NONE', #602, 5.000000000000000888 ) ;
#2292 = EDGE_CURVE ( 'NONE', #3374, #2619, #1842, .T. ) ;
#2293 = VERTEX_POINT ( 'NONE', #1717 ) ;
#2294 = SURFACE_SIDE_STYLE ('',( #1345 ) ) ;
#2295 = ORIENTED_EDGE ( 'NONE', *, *, #425, .T. ) ;
#2296 = DIRECTION ( 'NONE',  ( 0.000000000000000000, 0.000000000000000000, 1.000000000000000000 ) ) ;
#2297 = ORIENTED_EDGE ( 'NONE', *, *, #130, .T. ) ;
#2298 = DIRECTION ( 'NONE',  ( -0.000000000000000000, -0.000000000000000000, 1.000000000000000000 ) ) ;
#2299 =( NAMED_UNIT ( * ) PLANE_ANGLE_UNIT ( ) SI_UNIT ( $, .RADIAN. ) );
#2300 = CARTESIAN_POINT ( 'NONE',  ( -9.184232728006454849, -5.099999999999998757, -15.00000000000000000 ) ) ;
#2301 = ORIENTED_EDGE ( 'NONE', *, *, #4, .T. ) ;
#2302 = ORIENTED_EDGE ( 'NONE', *, *, #917, .F. ) ;
#2303 = PLANE ( 'NONE',  #3103 ) ;
#2304 = CARTESIAN_POINT ( 'NONE',  ( -6.755428779221936075, -12.70511368984503342, -3.000000000000000000 ) ) ;
#2305 = CARTESIAN_POINT ( 'NONE',  ( 1.350000000000004086, 5.100000000000004086, -19.00000000000000000 ) ) ;
#2306 = DIRECTION ( 'NONE',  ( -1.000000000000000000, -3.833536069632910861E-16, 0.000000000000000000 ) ) ;
#2307 = VECTOR ( 'NONE', #1331, 1000.000000000000000 ) ;
#2308 = UNCERTAINTY_MEASURE_WITH_UNIT (LENGTH_MEASURE( 1.000000000000000082E-05 ), #3684, 'distance_accuracy_value', 'NONE');
#2309 = VERTEX_POINT ( 'NONE', #224 ) ;
#2310 = CARTESIAN_POINT ( 'NONE',  ( 0.9499999999999959588, -6.000000000000000000, -12.49999999999999822 ) ) ;
#2311 = CARTESIAN_POINT ( 'NONE',  ( -9.184232728006454849, 0.2999999999999999334, -19.00000000000000000 ) ) ;
#2312 = ADVANCED_FACE ( 'NONE', ( #2925 ), #1408, .T. ) ;
#2313 = SURFACE_STYLE_FILL_AREA ( #2034 ) ;
#2314 = ORIENTED_EDGE ( 'NONE', *, *, #842, .T. ) ;
#2315 = CARTESIAN_POINT ( 'NONE',  ( 20.00000000000000355, 0.000000000000000000, -1.399999999999988809 ) ) ;
#2316 = ORIENTED_EDGE ( 'NONE', *, *, #2416, .T. ) ;
#2317 = EDGE_CURVE ( 'NONE', #3354, #2575, #321, .T. ) ;
#2318 = EDGE_LOOP ( 'NONE', ( #1064, #2362, #1694, #681 ) ) ;
#2319 = FACE_OUTER_BOUND ( 'NONE', #2887, .T. ) ;
#2320 = CARTESIAN_POINT ( 'NONE',  ( 0.9499999999999959588, 2.400000000000007017, -22.35999999999999943 ) ) ;
#2321 = ORIENTED_EDGE ( 'NONE', *, *, #1664, .F. ) ;
#2322 = ORIENTED_EDGE ( 'NONE', *, *, #1318, .T. ) ;
#2323 = DIRECTION ( 'NONE',  ( 1.000000000000000000, 0.000000000000000000, 0.000000000000000000 ) ) ;
#2324 = CARTESIAN_POINT ( 'NONE',  ( 6.755428779221936075, -12.70511368984503342, -3.000000000000000000 ) ) ;
#2325 =( NAMED_UNIT ( * ) SI_UNIT ( $, .STERADIAN. ) SOLID_ANGLE_UNIT ( ) );
#2326 = DIRECTION ( 'NONE',  ( 0.000000000000000000, -0.000000000000000000, -1.000000000000000000 ) ) ;
#2327 = VECTOR ( 'NONE', #1957, 1000.000000000000000 ) ;
#2328 =( GEOMETRIC_REPRESENTATION_CONTEXT ( 3 ) GLOBAL_UNCERTAINTY_ASSIGNED_CONTEXT ( ( #2066 ) ) GLOBAL_UNIT_ASSIGNED_CONTEXT ( ( #1459, #3888, #1785 ) ) REPRESENTATION_CONTEXT ( 'NONE', 'WORKASPACE' ) );
#2329 = DIRECTION ( 'NONE',  ( -1.000000000000000000, 0.000000000000000000, 0.000000000000000000 ) ) ;
#2330 = CARTESIAN_POINT ( 'NONE',  ( 0.9499999999999959588, 0.4000000000000080158, -19.00000000000000000 ) ) ;
#2331 = VECTOR ( 'NONE', #2581, 1000.000000000000000 ) ;
#2332 = AXIS2_PLACEMENT_3D ( 'NONE', #1363, #794, #1651 ) ;
#2333 = CARTESIAN_POINT ( 'NONE',  ( 5.884232728006456803, -4.399999999999997691, -0.6999999999999992895 ) ) ;
#2334 = ORIENTED_EDGE ( 'NONE', *, *, #1882, .F. ) ;
#2335 = EDGE_CURVE ( 'NONE', #1422, #230, #2645, .T. ) ;
#2336 = DIRECTION ( 'NONE',  ( 1.000000000000000000, 0.000000000000000000, 0.000000000000000000 ) ) ;
#2337 = VECTOR ( 'NONE', #7, 1000.000000000000000 ) ;
#2338 = ORIENTED_EDGE ( 'NONE', *, *, #2626, .T. ) ;
#2339 = VERTEX_POINT ( 'NONE', #1484 ) ;
#2340 = AXIS2_PLACEMENT_3D ( 'NONE', #962, #2447, #3383 ) ;
#2341 = CARTESIAN_POINT ( 'NONE',  ( 0.9499999999999959588, 1.425000000000005596, -1.522724133595222629 ) ) ;
#2342 = ADVANCED_FACE ( 'NONE', ( #1472 ), #582, .F. ) ;
#2343 = CARTESIAN_POINT ( 'NONE',  ( 2.349999999999994316, 5.100000000000004086, -15.00000000000000000 ) ) ;
#2344 = EDGE_CURVE ( 'NONE', #493, #3326, #2965, .T. ) ;
#2345 = VERTEX_POINT ( 'NONE', #2087 ) ;
#2346 = VECTOR ( 'NONE', #1652, 1000.000000000000000 ) ;
#2347 = EDGE_LOOP ( 'NONE', ( #1823, #178, #2036, #3629 ) ) ;
#2348 = LINE ( 'NONE', #1427, #2781 ) ;
#2349 = DIRECTION ( 'NONE',  ( 0.000000000000000000, 0.000000000000000000, 1.000000000000000000 ) ) ;
#2350 = LINE ( 'NONE', #3564, #2739 ) ;
#2351 = CARTESIAN_POINT ( 'NONE',  ( -5.884232728006463908, -2.399999999999998135, -22.35999999999999943 ) ) ;
#2352 = AXIS2_PLACEMENT_3D ( 'NONE', #3045, #1595, #1259 ) ;
#2353 = ORIENTED_EDGE ( 'NONE', *, *, #2416, .F. ) ;
#2354 = AXIS2_PLACEMENT_3D ( 'NONE', #2275, #455, #3750 ) ;
#2355 = FACE_OUTER_BOUND ( 'NONE', #1944, .T. ) ;
#2356 = DIRECTION ( 'NONE',  ( 0.000000000000000000, 0.000000000000000000, 1.000000000000000000 ) ) ;
#2357 = ORIENTED_EDGE ( 'NONE', *, *, #2777, .F. ) ;
#2358 = CARTESIAN_POINT ( 'NONE',  ( -0.9500000000000029532, 2.400000000000007017, -21.35999999999999588 ) ) ;
#2359 = CARTESIAN_POINT ( 'NONE',  ( 5.884232728006456803, 0.000000000000000000, -0.6999999999999992895 ) ) ;
#2360 = ORIENTED_EDGE ( 'NONE', *, *, #3745, .T. ) ;
#2361 = VECTOR ( 'NONE', #3070, 1000.000000000000000 ) ;
#2362 = ORIENTED_EDGE ( 'NONE', *, *, #3650, .F. ) ;
#2363 = LINE ( 'NONE', #3575, #1070 ) ;
#2364 = DIRECTION ( 'NONE',  ( 0.000000000000000000, -0.000000000000000000, -1.000000000000000000 ) ) ;
#2365 = ORIENTED_EDGE ( 'NONE', *, *, #250, .T. ) ;
#2366 = EDGE_CURVE ( 'NONE', #175, #2209, #2106, .T. ) ;
#2367 = ADVANCED_FACE ( 'NONE', ( #3902 ), #3244, .T. ) ;
#2368 = MECHANICAL_DESIGN_GEOMETRIC_PRESENTATION_REPRESENTATION (  '', ( #3446 ), #1744 ) ;
#2369 = DIRECTION ( 'NONE',  ( 1.000000000000000000, -0.000000000000000000, -0.000000000000000000 ) ) ;
#2370 = DIRECTION ( 'NONE',  ( -1.000000000000000000, 0.000000000000000000, 0.000000000000000000 ) ) ;
#2371 = SURFACE_SIDE_STYLE ('',( #863 ) ) ;
#2372 = CARTESIAN_POINT ( 'NONE',  ( 7.784232728006452717, -2.399999999999998135, -22.35999999999999943 ) ) ;
#2373 = EDGE_CURVE ( 'NONE', #1042, #2676, #1757, .T. ) ;
#2374 = CARTESIAN_POINT ( 'NONE',  ( -12.50000000000000355, 4.791920087041139685E-15, -3.000000000000000000 ) ) ;
#2375 = FACE_OUTER_BOUND ( 'NONE', #2318, .T. ) ;
#2376 = ORIENTED_EDGE ( 'NONE', *, *, #2145, .F. ) ;
#2377 = DIRECTION ( 'NONE',  ( 1.000000000000000000, 0.000000000000000000, 0.000000000000000000 ) ) ;
#2378 = ORIENTED_EDGE ( 'NONE', *, *, #420, .F. ) ;
#2379 = DIRECTION ( 'NONE',  ( 0.000000000000000000, 0.5000000000000014433, 0.8660254037844378194 ) ) ;
#2380 = CARTESIAN_POINT ( 'NONE',  ( -7.784232728006462487, -2.399999999999998135, -23.35999999999999943 ) ) ;
#2381 = VERTEX_POINT ( 'NONE', #3581 ) ;
#2382 = ORIENTED_EDGE ( 'NONE', *, *, #3212, .F. ) ;
#2383 = VERTEX_POINT ( 'NONE', #3264 ) ;
#2384 = CYLINDRICAL_SURFACE ( 'NONE', #2461, 0.5000000000000004441 ) ;
#2385 = FACE_OUTER_BOUND ( 'NONE', #3685, .T. ) ;
#2386 = CARTESIAN_POINT ( 'NONE',  ( 5.884232728006456803, -4.399999999999997691, -3.298076211353310416 ) ) ;
#2387 = ADVANCED_FACE ( 'NONE', ( #245 ), #2429, .F. ) ;
#2388 = UNCERTAINTY_MEASURE_WITH_UNIT (LENGTH_MEASURE( 1.000000000000000082E-05 ), #1840, 'distance_accuracy_value', 'NONE');
#2389 = CIRCLE ( 'NONE', #3162, 3.149999999999993250 ) ;
#2390 = CARTESIAN_POINT ( 'NONE',  ( 9.962281222137846726, 11.00000000000000178, -3.000000000000000000 ) ) ;
#2391 = CARTESIAN_POINT ( 'NONE',  ( -0.9500000000000029532, 0.4000000000000080158, -3.298076211353310416 ) ) ;
#2392 = EDGE_CURVE ( 'NONE', #30, #1286, #302, .T. ) ;
#2393 = ADVANCED_FACE ( 'NONE', ( #3302 ), #1779, .F. ) ;
#2394 = STYLED_ITEM ( 'NONE', ( #3548 ), #404 ) ;
#2395 = AXIS2_PLACEMENT_3D ( 'NONE', #2673, #247, #2031 ) ;
#2396 = DIRECTION ( 'NONE',  ( 0.000000000000000000, 0.000000000000000000, -1.000000000000000000 ) ) ;
#2397 = VECTOR ( 'NONE', #3736, 1000.000000000000000 ) ;
#2398 = VECTOR ( 'NONE', #1451, 1000.000000000000000 ) ;
#2399 = ORIENTED_EDGE ( 'NONE', *, *, #3821, .F. ) ;
#2400 = ORIENTED_EDGE ( 'NONE', *, *, #1556, .F. ) ;
#2401 = DIRECTION ( 'NONE',  ( 0.000000000000000000, 0.000000000000000000, -1.000000000000000000 ) ) ;
#2402 = CARTESIAN_POINT ( 'NONE',  ( 9.184232728006454849, 0.2999999999999981570, -19.00000000000000000 ) ) ;
#2403 = AXIS2_PLACEMENT_3D ( 'NONE', #1255, #3105, #3399 ) ;
#2404 = ORIENTED_EDGE ( 'NONE', *, *, #1228, .F. ) ;
#2405 = AXIS2_PLACEMENT_3D ( 'NONE', #2311, #3519, #804 ) ;
#2406 = ORIENTED_EDGE ( 'NONE', *, *, #510, .T. ) ;
#2407 = CARTESIAN_POINT ( 'NONE',  ( -0.000000000000000000, 9.500000000000000000, -3.000000000000000000 ) ) ;
#2408 = DIRECTION ( 'NONE',  ( 0.000000000000000000, 0.000000000000000000, -1.000000000000000000 ) ) ;
#2409 = CARTESIAN_POINT ( 'NONE',  ( 5.484232728006452007, -5.100000000000004086, -19.00000000000000000 ) ) ;
#2410 = AXIS2_PLACEMENT_3D ( 'NONE', #3660, #945, #1551 ) ;
#2411 = ORIENTED_EDGE ( 'NONE', *, *, #869, .F. ) ;
#2412 = AXIS2_PLACEMENT_3D ( 'NONE', #1040, #2222, #1628 ) ;
#2413 = CARTESIAN_POINT ( 'NONE',  ( -25.00000000000000355, -2.399999999999998135, -23.35999999999999943 ) ) ;
#2414 = DIRECTION ( 'NONE',  ( 0.000000000000000000, 0.5000000000000014433, 0.8660254037844378194 ) ) ;
#2415 = EDGE_CURVE ( 'NONE', #871, #3215, #3295, .T. ) ;
#2416 = EDGE_CURVE ( 'NONE', #3408, #1493, #2, .T. ) ;
#2417 = CARTESIAN_POINT ( 'NONE',  ( -7.784232728006462487, -0.3999999999999958589, -19.00000000000000000 ) ) ;
#2418 = DIRECTION ( 'NONE',  ( 0.000000000000000000, -1.000000000000000000, 0.000000000000000000 ) ) ;
#2419 = ORIENTED_EDGE ( 'NONE', *, *, #2894, .T. ) ;
#2420 = VERTEX_POINT ( 'NONE', #286 ) ;
#2421 = ORIENTED_EDGE ( 'NONE', *, *, #841, .F. ) ;
#2422 = CARTESIAN_POINT ( 'NONE',  ( -4.484232728006461777, 0.3000000000000000444, -19.00000000000000000 ) ) ;
#2423 = DIRECTION ( 'NONE',  ( 1.000000000000000000, 0.000000000000000000, 0.000000000000000000 ) ) ;
#2424 = ORIENTED_EDGE ( 'NONE', *, *, #2827, .T. ) ;
#2425 = LINE ( 'NONE', #2038, #73 ) ;
#2426 = MECHANICAL_DESIGN_GEOMETRIC_PRESENTATION_REPRESENTATION (  '', ( #3126 ), #2229 ) ;
#2427 = ORIENTED_EDGE ( 'NONE', *, *, #814, .F. ) ;
#2428 = FACE_OUTER_BOUND ( 'NONE', #2975, .T. ) ;
#2429 = PLANE ( 'NONE',  #717 ) ;
#2430 = ORIENTED_EDGE ( 'NONE', *, *, #716, .T. ) ;
#2431 = SURFACE_SIDE_STYLE ('',( #2166 ) ) ;
#2432 = DIRECTION ( 'NONE',  ( 1.000000000000000000, 0.000000000000000000, 0.000000000000000000 ) ) ;
#2433 = FACE_OUTER_BOUND ( 'NONE', #2768, .T. ) ;
#2434 = VERTEX_POINT ( 'NONE', #2692 ) ;
#2435 = AXIS2_PLACEMENT_3D ( 'NONE', #960, #3693, #3674 ) ;
#2436 =( LENGTH_UNIT ( ) NAMED_UNIT ( * ) SI_UNIT ( .MILLI., .METRE. ) );
#2437 = DIRECTION ( 'NONE',  ( 0.000000000000000000, 0.000000000000000000, -1.000000000000000000 ) ) ;
#2438 = EDGE_CURVE ( 'NONE', #3577, #1894, #1182, .T. ) ;
#2439 = CARTESIAN_POINT ( 'NONE',  ( 15.75000000000000711, 7.922615338006460561, 0.000000000000000000 ) ) ;
#2440 = CYLINDRICAL_SURFACE ( 'NONE', #11, 1.000000000000000888 ) ;
#2441 = LINE ( 'NONE', #3651, #1845 ) ;
#2442 = ORIENTED_EDGE ( 'NONE', *, *, #1054, .F. ) ;
#2443 = EDGE_CURVE ( 'NONE', #2339, #1149, #1201, .T. ) ;
#2444 = EDGE_CURVE ( 'NONE', #1444, #3253, #3863, .T. ) ;
#2445 = DIRECTION ( 'NONE',  ( 0.000000000000000000, -1.000000000000000000, 0.000000000000000000 ) ) ;
#2446 = FACE_OUTER_BOUND ( 'NONE', #1011, .T. ) ;
#2447 = DIRECTION ( 'NONE',  ( 0.000000000000000000, -1.000000000000000000, -0.000000000000000000 ) ) ;
#2448 = CARTESIAN_POINT ( 'NONE',  ( 7.784232728006455382, -4.399999999999998579, -3.298076211353313081 ) ) ;
#2449 = ORIENTED_EDGE ( 'NONE', *, *, #886, .F. ) ;
#2450 = FACE_OUTER_BOUND ( 'NONE', #1776, .T. ) ;
#2451 = ORIENTED_EDGE ( 'NONE', *, *, #517, .F. ) ;
#2452 =( LENGTH_UNIT ( ) NAMED_UNIT ( * ) SI_UNIT ( .MILLI., .METRE. ) );
#2453 = FILL_AREA_STYLE ('',( #1007 ) ) ;
#2454 = DIRECTION ( 'NONE',  ( -1.000000000000000000, -0.000000000000000000, -0.000000000000000000 ) ) ;
#2455 = AXIS2_PLACEMENT_3D ( 'NONE', #2479, #1622, #3688 ) ;
#2456 = AXIS2_PLACEMENT_3D ( 'NONE', #3077, #1579, #975 ) ;
#2457 = CARTESIAN_POINT ( 'NONE',  ( 0.000000000000000000, -1.899999999999999023, -0.6999999999999992895 ) ) ;
#2458 = ORIENTED_EDGE ( 'NONE', *, *, #3079, .F. ) ;
#2459 = FACE_OUTER_BOUND ( 'NONE', #3316, .T. ) ;
#2460 = CARTESIAN_POINT ( 'NONE',  ( 18.25000000000000355, 2.143131898507866325E-16, -3.000000000000000000 ) ) ;
#2461 = AXIS2_PLACEMENT_3D ( 'NONE', #3319, #2370, #899 ) ;
#2462 = CLOSED_SHELL ( 'NONE', ( #3823, #3525, #2070, #3671, #2972, #1361, #2098, #916, #2610, #2511, #2269, #2536, #2139, #1687, #1284, #2342, #277, #3562, #1231, #639, #1107, #3561, #3840, #283, #2263, #3409, #2387, #1414, #3288, #972, #789, #2681, #3608, #83, #404, #1106, #1951, #2513, #469, #537, #592, #661, #1210, #1481, #1536, #1806, #3194, #1131, #928, #2216, #2072, #752, #2367, #2926, #1384, #1590, #323, #1343, #1862, #887, #1971, #667, #2577, #2688, #2312, #324, #3583, #2074, #2048, #1996, #3506, #3452, #3171, #751, #1302, #445, #1950, #1322, #3075, #3775, #793 ) ) ;
#2463 = EDGE_CURVE ( 'NONE', #2749, #2243, #143, .T. ) ;
#2464 = EDGE_CURVE ( 'NONE', #2309, #2961, #921, .T. ) ;
#2465 = VECTOR ( 'NONE', #2298, 1000.000000000000000 ) ;
#2466 = CARTESIAN_POINT ( 'NONE',  ( -10.50000000000000355, -8.000000000000001776, 1.500000000000000000 ) ) ;
#2467 = DIRECTION ( 'NONE',  ( 0.000000000000000000, 0.000000000000000000, -1.000000000000000000 ) ) ;
#2468 = ORIENTED_EDGE ( 'NONE', *, *, #3717, .T. ) ;
#2469 = DIRECTION ( 'NONE',  ( -1.000000000000000000, 0.000000000000000000, 0.000000000000000000 ) ) ;
#2470 = FACE_OUTER_BOUND ( 'NONE', #1911, .T. ) ;
#2471 = CARTESIAN_POINT ( 'NONE',  ( -5.484232728006459112, -6.099999999999999645, -15.00000000000000000 ) ) ;
#2472 = EDGE_LOOP ( 'NONE', ( #93, #3275, #3035, #3430 ) ) ;
#2473 = CARTESIAN_POINT ( 'NONE',  ( -7.784232728006462487, -4.399999999999995914, -3.298076211353310416 ) ) ;
#2474 = VECTOR ( 'NONE', #3700, 1000.000000000000000 ) ;
#2475 = PLANE ( 'NONE',  #509 ) ;
#2476 = ORIENTED_EDGE ( 'NONE', *, *, #154, .F. ) ;
#2477 = CARTESIAN_POINT ( 'NONE',  ( 0.000000000000000000, 9.500000000000000000, -15.00000000000000000 ) ) ;
#2478 = EDGE_LOOP ( 'NONE', ( #256, #2657, #2758, #955 ) ) ;
#2479 = CARTESIAN_POINT ( 'NONE',  ( 5.484232728006455559, 0.2999999999999981570, -19.00000000000000000 ) ) ;
#2480 = LINE ( 'NONE', #629, #1206 ) ;
#2481 = CARTESIAN_POINT ( 'NONE',  ( 10.50000000000000355, -6.000000000000000000, 1.500000000000000000 ) ) ;
#2482 = VECTOR ( 'NONE', #3743, 1000.000000000000000 ) ;
#2483 = FACE_OUTER_BOUND ( 'NONE', #1283, .T. ) ;
#2484 = LINE ( 'NONE', #2784, #44 ) ;
#2485 = PLANE ( 'NONE',  #2851 ) ;
#2486 = VERTEX_POINT ( 'NONE', #3694 ) ;
#2487 = EDGE_CURVE ( 'NONE', #352, #950, #1834, .T. ) ;
#2488 = ADVANCED_FACE ( 'NONE', ( #423 ), #1872, .T. ) ;
#2489 = LINE ( 'NONE', #45, #96 ) ;
#2490 = CARTESIAN_POINT ( 'NONE',  ( 0.000000000000000000, 8.000000000000000000, 1.500000000000000000 ) ) ;
#2491 = CARTESIAN_POINT ( 'NONE',  ( 7.784232728006455382, -4.399999999999997691, -19.00000000000000000 ) ) ;
#2492 = ADVANCED_FACE ( 'NONE', ( #3125 ), #987, .F. ) ;
#2493 = EDGE_CURVE ( 'NONE', #3326, #3733, #2981, .T. ) ;
#2494 = SURFACE_STYLE_FILL_AREA ( #2453 ) ;
#2495 = CARTESIAN_POINT ( 'NONE',  ( -20.00000000000000355, 0.000000000000000000, -3.000000000000000000 ) ) ;
#2496 = ORIENTED_EDGE ( 'NONE', *, *, #1511, .T. ) ;
#2497 = LINE ( 'NONE', #691, #805 ) ;
#2498 = CARTESIAN_POINT ( 'NONE',  ( 1.350000000000000533, -1.299999999999995604, -19.00000000000000000 ) ) ;
#2499 = LINE ( 'NONE', #654, #830 ) ;
#2500 = ORIENTED_EDGE ( 'NONE', *, *, #1278, .F. ) ;
#2501 = CARTESIAN_POINT ( 'NONE',  ( 7.784232728006455382, 0.000000000000000000, -0.6999999999999992895 ) ) ;
#2502 = DIRECTION ( 'NONE',  ( -0.7071067811865484609, -0.7071067811865466846, 0.000000000000000000 ) ) ;
#2503 = ORIENTED_EDGE ( 'NONE', *, *, #2443, .F. ) ;
#2504 = SURFACE_SIDE_STYLE ('',( #3109 ) ) ;
#2505 = EDGE_LOOP ( 'NONE', ( #1653, #1298, #2992, #567 ) ) ;
#2506 = CARTESIAN_POINT ( 'NONE',  ( -5.884232728006463908, -0.3999999999999958589, -19.00000000000000000 ) ) ;
#2507 = EDGE_CURVE ( 'NONE', #2103, #1761, #2847, .T. ) ;
#2508 = PLANE ( 'NONE',  #827 ) ;
#2509 = ORIENTED_EDGE ( 'NONE', *, *, #2335, .F. ) ;
#2510 = DIRECTION ( 'NONE',  ( -1.000000000000000000, 0.000000000000000000, 0.000000000000000000 ) ) ;
#2511 = ADVANCED_FACE ( 'NONE', ( #3656 ), #1527, .F. ) ;
#2512 = CYLINDRICAL_SURFACE ( 'NONE', #1166, 1.000000000000000888 ) ;
#2513 = ADVANCED_FACE ( 'NONE', ( #2742 ), #1000, .T. ) ;
#2514 = DIRECTION ( 'NONE',  ( 0.000000000000000000, 0.000000000000000000, 1.000000000000000000 ) ) ;
#2515 = VERTEX_POINT ( 'NONE', #3675 ) ;
#2516 = CARTESIAN_POINT ( 'NONE',  ( -7.784232728006462487, 0.000000000000000000, -0.6999999999999992895 ) ) ;
#2517 = VECTOR ( 'NONE', #2631, 1000.000000000000000 ) ;
#2518 = FACE_OUTER_BOUND ( 'NONE', #1425, .T. ) ;
#2519 = FACE_OUTER_BOUND ( 'NONE', #1404, .T. ) ;
#2520 = PLANE ( 'NONE',  #3541 ) ;
#2521 = CARTESIAN_POINT ( 'NONE',  ( 2.349999999999994316, 5.100000000000004086, -19.00000000000000000 ) ) ;
#2522 = ORIENTED_EDGE ( 'NONE', *, *, #546, .F. ) ;
#2523 = CARTESIAN_POINT ( 'NONE',  ( 5.884232728006456803, -3.899999999999997691, -24.89999999999999858 ) ) ;
#2524 = ORIENTED_EDGE ( 'NONE', *, *, #2950, .F. ) ;
#2525 = CARTESIAN_POINT ( 'NONE',  ( 0.000000000000000000, -0.8999999999999958034, -24.39999999999999858 ) ) ;
#2526 = FILL_AREA_STYLE ('',( #2813 ) ) ;
#2527 = AXIS2_PLACEMENT_3D ( 'NONE', #935, #41, #1238 ) ;
#2528 = PRODUCT_DEFINITION ( 'UNKNOWN', '', #241, #3147 ) ;
#2529 = VERTEX_POINT ( 'NONE', #1568 ) ;
#2530 = VECTOR ( 'NONE', #1509, 1000.000000000000000 ) ;
#2531 = LINE ( 'NONE', #740, #194 ) ;
#2532 = DIRECTION ( 'NONE',  ( 0.000000000000000000, -1.000000000000000000, -0.000000000000000000 ) ) ;
#2533 = ORIENTED_EDGE ( 'NONE', *, *, #173, .T. ) ;
#2534 = VECTOR ( 'NONE', #2047, 1000.000000000000000 ) ;
#2535 = EDGE_CURVE ( 'NONE', #2486, #51, #104, .T. ) ;
#2536 = ADVANCED_FACE ( 'NONE', ( #1908 ), #2485, .T. ) ;
#2537 = CARTESIAN_POINT ( 'NONE',  ( -12.50000000000000178, 3.050252531694162439, 1.500000000000000000 ) ) ;
#2538 = CIRCLE ( 'NONE', #1780, 2.000000000000001776 ) ;
#2539 = ORIENTED_EDGE ( 'NONE', *, *, #1301, .F. ) ;
#2540 = LINE ( 'NONE', #1623, #3357 ) ;
#2541 = DIRECTION ( 'NONE',  ( -1.000000000000000000, 0.000000000000000000, 0.000000000000000000 ) ) ;
#2542 = VERTEX_POINT ( 'NONE', #3420 ) ;
#2543 = AXIS2_PLACEMENT_3D ( 'NONE', #775, #759, #3192 ) ;
#2544 = FACE_OUTER_BOUND ( 'NONE', #651, .T. ) ;
#2545 = APPLICATION_PROTOCOL_DEFINITION ( 'draft international standard', 'automotive_design', 1998, #718 ) ;
#2546 = SURFACE_SIDE_STYLE ('',( #2838 ) ) ;
#2547 = ORIENTED_EDGE ( 'NONE', *, *, #2173, .F. ) ;
#2548 = ORIENTED_EDGE ( 'NONE', *, *, #1974, .F. ) ;
#2549 = CYLINDRICAL_SURFACE ( 'NONE', #1891, 1.000000000000000888 ) ;
#2550 = CARTESIAN_POINT ( 'NONE',  ( -20.00000000000000355, 0.000000000000000000, -3.000000000000000000 ) ) ;
#2551 = VECTOR ( 'NONE', #977, 1000.000000000000000 ) ;
#2552 = VECTOR ( 'NONE', #2741, 1000.000000000000000 ) ;
#2553 = CARTESIAN_POINT ( 'NONE',  ( 10.50000000000000355, -6.000000000000000000, -12.49999999999999645 ) ) ;
#2554 = DIRECTION ( 'NONE',  ( 1.000000000000000000, 0.000000000000000000, 0.000000000000000000 ) ) ;
#2555 = ORIENTED_EDGE ( 'NONE', *, *, #1367, .F. ) ;
#2556 = EDGE_CURVE ( 'NONE', #1422, #15, #2124, .T. ) ;
#2557 = DIRECTION ( 'NONE',  ( -1.000000000000000000, 0.000000000000000000, 0.000000000000000000 ) ) ;
#2558 = CARTESIAN_POINT ( 'NONE',  ( 7.784232728006452717, -2.399999999999998135, -22.35999999999999943 ) ) ;
#2559 = EDGE_CURVE ( 'NONE', #721, #2234, #460, .T. ) ;
#2560 =( NAMED_UNIT ( * ) PLANE_ANGLE_UNIT ( ) SI_UNIT ( $, .RADIAN. ) );
#2561 = EDGE_CURVE ( 'NONE', #1417, #3577, #3772, .T. ) ;
#2562 = ORIENTED_EDGE ( 'NONE', *, *, #3052, .T. ) ;
#2563 =( LENGTH_UNIT ( ) NAMED_UNIT ( * ) SI_UNIT ( .MILLI., .METRE. ) );
#2564 = EDGE_LOOP ( 'NONE', ( #1548, #610, #627, #3559 ) ) ;
#2565 = CARTESIAN_POINT ( 'NONE',  ( -22.34735781392944887, -4.414737964294641159, 0.000000000000000000 ) ) ;
#2566 = CARTESIAN_POINT ( 'NONE',  ( -5.484232728006455559, 1.299999999999993827, -15.00000000000000000 ) ) ;
#2567 = EDGE_LOOP ( 'NONE', ( #3391, #3232, #2984, #2701 ) ) ;
#2568 = DIRECTION ( 'NONE',  ( 0.000000000000000000, 0.000000000000000000, 1.000000000000000000 ) ) ;
#2569 = ORIENTED_EDGE ( 'NONE', *, *, #3148, .T. ) ;
#2570 = CARTESIAN_POINT ( 'NONE',  ( 0.9499999999999959588, 2.400000000000007017, -23.35999999999999943 ) ) ;
#2571 = ORIENTED_EDGE ( 'NONE', *, *, #666, .T. ) ;
#2572 = PRESENTATION_LAYER_ASSIGNMENT (  '', '', ( #2078 ) ) ;
#2573 = CARTESIAN_POINT ( 'NONE',  ( 5.484232728006452007, -6.100000000000001421, -19.00000000000000000 ) ) ;
#2574 = CARTESIAN_POINT ( 'NONE',  ( 15.75000000000000711, -7.922615338006460561, 0.000000000000000000 ) ) ;
#2575 = VERTEX_POINT ( 'NONE', #1707 ) ;
#2576 = VECTOR ( 'NONE', #1324, 1000.000000000000000 ) ;
#2577 = ADVANCED_FACE ( 'NONE', ( #1941 ), #3197, .T. ) ;
#2578 = EDGE_CURVE ( 'NONE', #3846, #2937, #2260, .T. ) ;
#2579 = LINE ( 'NONE', #1614, #263 ) ;
#2580 = STYLED_ITEM ( 'NONE', ( #3779 ), #661 ) ;
#2581 = DIRECTION ( 'NONE',  ( -0.000000000000000000, 1.000000000000000000, -0.000000000000000000 ) ) ;
#2582 =( NAMED_UNIT ( * ) PLANE_ANGLE_UNIT ( ) SI_UNIT ( $, .RADIAN. ) );
#2583 = CARTESIAN_POINT ( 'NONE',  ( -0.9500000000000029532, 0.4000000000000080158, -24.39999999999999858 ) ) ;
#2584 = UNCERTAINTY_MEASURE_WITH_UNIT (LENGTH_MEASURE( 1.000000000000000082E-05 ), #3175, 'distance_accuracy_value', 'NONE');
#2585 = CIRCLE ( 'NONE', #3090, 1.000000000000000888 ) ;
#2586 = ORIENTED_EDGE ( 'NONE', *, *, #2493, .F. ) ;
#2587 = DIRECTION ( 'NONE',  ( 0.000000000000000000, -1.000000000000000000, 0.000000000000000000 ) ) ;
#2588 = VECTOR ( 'NONE', #1155, 1000.000000000000000 ) ;
#2589 = CARTESIAN_POINT ( 'NONE',  ( -20.00000000000000355, 0.000000000000000000, -3.000000000000000000 ) ) ;
#2590 = ORIENTED_EDGE ( 'NONE', *, *, #2689, .F. ) ;
#2591 = PLANE ( 'NONE',  #2354 ) ;
#2592 = MECHANICAL_DESIGN_GEOMETRIC_PRESENTATION_REPRESENTATION (  '', ( #82 ), #2794 ) ;
#2593 = EDGE_LOOP ( 'NONE', ( #3534, #2856, #3008, #46 ) ) ;
#2594 = VECTOR ( 'NONE', #1074, 1000.000000000000000 ) ;
#2595 = CARTESIAN_POINT ( 'NONE',  ( 21.75000000000000711, 0.000000000000000000, -1.399999999999988809 ) ) ;
#2596 = PLANE ( 'NONE',  #3174 ) ;
#2597 = EDGE_LOOP ( 'NONE', ( #17, #2182, #3396, #2067 ) ) ;
#2598 = EDGE_LOOP ( 'NONE', ( #2400, #2678, #2430, #2251 ) ) ;
#2599 = CIRCLE ( 'NONE', #3116, 1.000000000000000888 ) ;
#2600 = VERTEX_POINT ( 'NONE', #1998 ) ;
#2601 = DIRECTION ( 'NONE',  ( -0.000000000000000000, -0.5000000000000014433, 0.8660254037844378194 ) ) ;
#2602 =( LENGTH_UNIT ( ) NAMED_UNIT ( * ) SI_UNIT ( .MILLI., .METRE. ) );
#2603 = CARTESIAN_POINT ( 'NONE',  ( -1.321694076934710205E-15, -8.000000000000000000, 1.500000000000000000 ) ) ;
#2604 = CARTESIAN_POINT ( 'NONE',  ( 10.50000000000000355, 4.400000000000008349, -12.49999999999999822 ) ) ;
#2605 = EDGE_CURVE ( 'NONE', #3176, #2061, #210, .T. ) ;
#2606 = EDGE_LOOP ( 'NONE', ( #1486, #1552, #2895, #2850 ) ) ;
#2607 = LINE ( 'NONE', #1932, #3850 ) ;
#2608 = CARTESIAN_POINT ( 'NONE',  ( 6.755428779221936075, 12.70511368984503342, -3.000000000000000000 ) ) ;
#2609 = AXIS2_PLACEMENT_3D ( 'NONE', #3048, #3341, #2725 ) ;
#2610 = ADVANCED_FACE ( 'NONE', ( #3470 ), #2596, .T. ) ;
#2611 = LINE ( 'NONE', #2333, #3658 ) ;
#2612 = CARTESIAN_POINT ( 'NONE',  ( 12.50000000000000178, 3.050252531694162439, 1.500000000000000000 ) ) ;
#2613 = PLANE ( 'NONE',  #1692 ) ;
#2614 = FACE_OUTER_BOUND ( 'NONE', #3528, .T. ) ;
#2615 = SURFACE_SIDE_STYLE ('',( #1670 ) ) ;
#2616 = CARTESIAN_POINT ( 'NONE',  ( 4.484232728006465329, -5.100000000000000533, -15.00000000000000000 ) ) ;
#2617 = MANIFOLD_SOLID_BREP ( 'Cut-Extrude1', #2462 ) ;
#2618 = EDGE_LOOP ( 'NONE', ( #942, #3897, #2223, #72 ) ) ;
#2619 = VERTEX_POINT ( 'NONE', #2300 ) ;
#2620 = COLOUR_RGB ( '',0.5686274509803921351, 0.5490196078431373028, 0.5098039215686274161 ) ;
#2621 = VERTEX_POINT ( 'NONE', #2574 ) ;
#2622 = DIRECTION ( 'NONE',  ( -1.000000000000000000, 0.000000000000000000, 0.000000000000000000 ) ) ;
#2623 = CARTESIAN_POINT ( 'NONE',  ( -0.9500000000000029532, 0.4000000000000080158, -0.6999999999999992895 ) ) ;
#2624 = DIRECTION ( 'NONE',  ( -0.000000000000000000, -0.000000000000000000, 1.000000000000000000 ) ) ;
#2625 = DIRECTION ( 'NONE',  ( 1.000000000000000000, 0.000000000000000000, 0.000000000000000000 ) ) ;
#2626 = EDGE_CURVE ( 'NONE', #2775, #2255, #3789, .T. ) ;
#2627 = CARTESIAN_POINT ( 'NONE',  ( -14.00000000000000178, 3.671572875253805712, -15.00000000000000000 ) ) ;
#2628 = CARTESIAN_POINT ( 'NONE',  ( 8.184232728006460178, -6.099999999999997868, -19.00000000000000000 ) ) ;
#2629 = EDGE_CURVE ( 'NONE', #230, #598, #3492, .T. ) ;
#2630 = EDGE_CURVE ( 'NONE', #856, #2234, #1456, .T. ) ;
#2631 = DIRECTION ( 'NONE',  ( 1.000000000000000000, -0.000000000000000000, -0.000000000000000000 ) ) ;
#2632 = CARTESIAN_POINT ( 'NONE',  ( -0.9500000000000029532, 4.400000000000008349, -19.00000000000000000 ) ) ;
#2633 = VERTEX_POINT ( 'NONE', #2897 ) ;
#2634 = CARTESIAN_POINT ( 'NONE',  ( 6.755428779221936075, 12.70511368984503342, 0.000000000000000000 ) ) ;
#2635 = ORIENTED_EDGE ( 'NONE', *, *, #2117, .F. ) ;
#2636 = ORIENTED_EDGE ( 'NONE', *, *, #1081, .T. ) ;
#2637 = CARTESIAN_POINT ( 'NONE',  ( -25.00000000000000355, 2.400000000000007017, -23.35999999999999943 ) ) ;
#2638 = DIRECTION ( 'NONE',  ( -0.8829475928589280986, -0.4694715627858885854, 0.000000000000000000 ) ) ;
#2639 = ORIENTED_EDGE ( 'NONE', *, *, #3387, .T. ) ;
#2640 = EDGE_LOOP ( 'NONE', ( #2094, #642, #429, #1550 ) ) ;
#2641 = VERTEX_POINT ( 'NONE', #196 ) ;
#2642 = DIRECTION ( 'NONE',  ( 1.000000000000000000, 0.000000000000000000, 0.000000000000000000 ) ) ;
#2643 = CARTESIAN_POINT ( 'NONE',  ( 0.000000000000000000, 0.000000000000000000, -24.89999999999999858 ) ) ;
#2644 = CARTESIAN_POINT ( 'NONE',  ( 20.00000000000000355, 0.000000000000000000, -1.399999999999988809 ) ) ;
#2645 = LINE ( 'NONE', #3281, #1455 ) ;
#2646 = PRESENTATION_LAYER_ASSIGNMENT (  '', '', ( #2966 ) ) ;
#2647 = AXIS2_PLACEMENT_3D ( 'NONE', #1990, #1659, #3187 ) ;
#2648 = DIRECTION ( 'NONE',  ( 0.8829475928589280986, -0.4694715627858885854, 0.000000000000000000 ) ) ;
#2649 =( NAMED_UNIT ( * ) PLANE_ANGLE_UNIT ( ) SI_UNIT ( $, .RADIAN. ) );
#2650 = VERTEX_POINT ( 'NONE', #3809 ) ;
#2651 = AXIS2_PLACEMENT_3D ( 'NONE', #3477, #766, #518 ) ;
#2652 = VECTOR ( 'NONE', #3496, 1000.000000000000000 ) ;
#2653 = CARTESIAN_POINT ( 'NONE',  ( 0.9499999999999959588, 4.400000000000008349, -24.39999999999999858 ) ) ;
#2654 = CARTESIAN_POINT ( 'NONE',  ( -10.50000000000000355, -9.500000000000000000, -15.00000000000000000 ) ) ;
#2655 = EDGE_CURVE ( 'NONE', #266, #3735, #3510, .T. ) ;
#2656 = EDGE_CURVE ( 'NONE', #3735, #1643, #2917, .T. ) ;
#2657 = ORIENTED_EDGE ( 'NONE', *, *, #564, .F. ) ;
#2658 = VERTEX_POINT ( 'NONE', #2616 ) ;
#2659 = VECTOR ( 'NONE', #702, 999.9999999999998863 ) ;
#2660 = ORIENTED_EDGE ( 'NONE', *, *, #2025, .F. ) ;
#2661 = CARTESIAN_POINT ( 'NONE',  ( 5.884232728006456803, -4.399999999999997691, -19.00000000000000000 ) ) ;
#2662 = CARTESIAN_POINT ( 'NONE',  ( 21.75000000000000711, 0.000000000000000000, -1.399999999999988809 ) ) ;
#2663 = EDGE_LOOP ( 'NONE', ( #1733, #2941, #3141, #562 ) ) ;
#2664 = EDGE_CURVE ( 'NONE', #363, #3327, #1925, .T. ) ;
#2665 = CIRCLE ( 'NONE', #3484, 0.9999999999999940048 ) ;
#2666 = EDGE_LOOP ( 'NONE', ( #218, #3421, #1032, #1625 ) ) ;
#2667 = VERTEX_POINT ( 'NONE', #1478 ) ;
#2668 = CARTESIAN_POINT ( 'NONE',  ( 1.350000000000004086, 6.100000000000001421, -15.00000000000000000 ) ) ;
#2669 = DIRECTION ( 'NONE',  ( 0.8829475928589280986, -0.4694715627858885854, 0.000000000000000000 ) ) ;
#2670 = DIRECTION ( 'NONE',  ( 1.000000000000000000, 0.000000000000000000, 0.000000000000000000 ) ) ;
#2671 = DIRECTION ( 'NONE',  ( 0.000000000000000000, -1.000000000000000000, 0.000000000000000000 ) ) ;
#2672 = CIRCLE ( 'NONE', #1589, 0.5000000000000004441 ) ;
#2673 = CARTESIAN_POINT ( 'NONE',  ( -5.884232728006463908, -4.399999999999995914, -19.00000000000000000 ) ) ;
#2674 = ORIENTED_EDGE ( 'NONE', *, *, #2093, .T. ) ;
#2675 = CIRCLE ( 'NONE', #1728, 0.5000000000000004441 ) ;
#2676 = VERTEX_POINT ( 'NONE', #2343 ) ;
#2677 = DIRECTION ( 'NONE',  ( -1.000000000000000000, 0.000000000000000000, 0.000000000000000000 ) ) ;
#2678 = ORIENTED_EDGE ( 'NONE', *, *, #2846, .T. ) ;
#2679 = VECTOR ( 'NONE', #1736, 1000.000000000000000 ) ;
#2680 = ORIENTED_EDGE ( 'NONE', *, *, #3602, .T. ) ;
#2681 = ADVANCED_FACE ( 'NONE', ( #3875 ), #597, .T. ) ;
#2682 = ORIENTED_EDGE ( 'NONE', *, *, #249, .T. ) ;
#2683 = CONICAL_SURFACE ( 'NONE', #3186, 1.750000000000001554, 0.7853981633974498333 ) ;
#2684 = CARTESIAN_POINT ( 'NONE',  ( 1.350000000000004086, 6.100000000000001421, -19.00000000000000000 ) ) ;
#2685 = LINE ( 'NONE', #296, #3617 ) ;
#2686 = EDGE_LOOP ( 'NONE', ( #3085, #3168, #2301, #494 ) ) ;
#2687 = EDGE_LOOP ( 'NONE', ( #2555, #21, #2399, #1636 ) ) ;
#2688 = ADVANCED_FACE ( 'NONE', ( #3557 ), #534, .F. ) ;
#2689 = EDGE_CURVE ( 'NONE', #1469, #1112, #3531, .T. ) ;
#2690 = DIRECTION ( 'NONE',  ( -0.8829475928589280986, -0.4694715627858885298, 0.000000000000000000 ) ) ;
#2691 = DIRECTION ( 'NONE',  ( 1.000000000000000000, -0.000000000000000000, -0.000000000000000000 ) ) ;
#2692 = CARTESIAN_POINT ( 'NONE',  ( 8.171572875253826140, 9.500000000000000000, -3.000000000000000000 ) ) ;
#2693 = CARTESIAN_POINT ( 'NONE',  ( 4.484232728006465329, 0.2999999999999981570, -19.00000000000000000 ) ) ;
#2694 = DIRECTION ( 'NONE',  ( -0.000000000000000000, -0.000000000000000000, 1.000000000000000000 ) ) ;
#2695 = CARTESIAN_POINT ( 'NONE',  ( -10.50000000000000355, -6.000000000000000000, -15.00000000000000000 ) ) ;
#2696 = LINE ( 'NONE', #2654, #3054 ) ;
#2697 = VERTEX_POINT ( 'NONE', #1497 ) ;
#2698 = LINE ( 'NONE', #2058, #1202 ) ;
#2699 = PLANE ( 'NONE',  #1718 ) ;
#2700 = ORIENTED_EDGE ( 'NONE', *, *, #4, .F. ) ;
#2701 = ORIENTED_EDGE ( 'NONE', *, *, #2172, .F. ) ;
#2702 = CARTESIAN_POINT ( 'NONE',  ( 1.350000000000004086, -0.2999999999999981570, -19.00000000000000000 ) ) ;
#2703 = CARTESIAN_POINT ( 'NONE',  ( 5.884232728006456803, -1.900000000000000577, -0.6999999999999992895 ) ) ;
#2704 = DIRECTION ( 'NONE',  ( 0.000000000000000000, 0.000000000000000000, -1.000000000000000000 ) ) ;
#2705 = EDGE_CURVE ( 'NONE', #3828, #2749, #255, .T. ) ;
#2706 = EDGE_CURVE ( 'NONE', #3058, #1771, #768, .T. ) ;
#2707 = ORIENTED_EDGE ( 'NONE', *, *, #201, .F. ) ;
#2708 = CARTESIAN_POINT ( 'NONE',  ( -6.755428779221936075, -12.70511368984503342, 1.500000000000000000 ) ) ;
#2709 = CARTESIAN_POINT ( 'NONE',  ( -8.184232728006463731, 0.2999999999999999334, -19.00000000000000000 ) ) ;
#2710 = ORIENTED_EDGE ( 'NONE', *, *, #612, .T. ) ;
#2711 = CARTESIAN_POINT ( 'NONE',  ( 0.000000000000000000, 0.4000000000000080158, -3.298076211353310416 ) ) ;
#2712 = MECHANICAL_DESIGN_GEOMETRIC_PRESENTATION_REPRESENTATION (  '', ( #3721 ), #1260 ) ;
#2713 = CARTESIAN_POINT ( 'NONE',  ( 7.550252531694177094, 8.000000000000000000, -12.49999999999999645 ) ) ;
#2714 = AXIS2_PLACEMENT_3D ( 'NONE', #427, #3385, #682 ) ;
#2715 = ORIENTED_EDGE ( 'NONE', *, *, #1130, .T. ) ;
#2716 = LINE ( 'NONE', #315, #709 ) ;
#2717 = CARTESIAN_POINT ( 'NONE',  ( 0.000000000000000000, -4.399999999999995914, -3.298076211353310416 ) ) ;
#2718 = AXIS2_PLACEMENT_3D ( 'NONE', #1234, #1560, #335 ) ;
#2719 = EDGE_LOOP ( 'NONE', ( #3832, #1358, #3763, #3715 ) ) ;
#2720 = AXIS2_PLACEMENT_3D ( 'NONE', #2491, #2227, #108 ) ;
#2721 = EDGE_LOOP ( 'NONE', ( #2801, #575, #2980, #3117 ) ) ;
#2722 = LINE ( 'NONE', #1831, #2140 ) ;
#2723 = CARTESIAN_POINT ( 'NONE',  ( -5.484232728006455559, 1.299999999999997380, -19.00000000000000000 ) ) ;
#2724 = DIRECTION ( 'NONE',  ( 1.000000000000000000, 0.000000000000000000, 0.000000000000000000 ) ) ;
#2725 = DIRECTION ( 'NONE',  ( 1.000000000000000000, 0.000000000000000000, 0.000000000000000000 ) ) ;
#2726 = CIRCLE ( 'NONE', #2218, 0.5000000000000004441 ) ;
#2727 = DIRECTION ( 'NONE',  ( 1.000000000000000000, -0.000000000000000000, -0.000000000000000000 ) ) ;
#2728 = EDGE_CURVE ( 'NONE', #2641, #30, #2685, .T. ) ;
#2729 = VECTOR ( 'NONE', #1827, 1000.000000000000000 ) ;
#2730 = FILL_AREA_STYLE ('',( #1209 ) ) ;
#2731 = EDGE_CURVE ( 'NONE', #2183, #796, #815, .T. ) ;
#2732 = EDGE_CURVE ( 'NONE', #2277, #3445, #2080, .T. ) ;
#2733 = DIRECTION ( 'NONE',  ( 0.000000000000000000, 0.000000000000000000, -1.000000000000000000 ) ) ;
#2734 = DIRECTION ( 'NONE',  ( 1.000000000000000000, 0.000000000000000000, 0.000000000000000000 ) ) ;
#2735 = FACE_BOUND ( 'NONE', #1397, .T. ) ;
#2736 = CARTESIAN_POINT ( 'NONE',  ( -0.9500000000000029532, 0.9000000000000080158, -24.39999999999999858 ) ) ;
#2737 = AXIS2_PLACEMENT_3D ( 'NONE', #3444, #741, #1048 ) ;
#2738 = ORIENTED_EDGE ( 'NONE', *, *, #3121, .F. ) ;
#2739 = VECTOR ( 'NONE', #3816, 1000.000000000000000 ) ;
#2740 = DIRECTION ( 'NONE',  ( 0.000000000000000000, 0.000000000000000000, 1.000000000000000000 ) ) ;
#2741 = DIRECTION ( 'NONE',  ( -0.000000000000000000, -0.000000000000000000, 1.000000000000000000 ) ) ;
#2742 = FACE_OUTER_BOUND ( 'NONE', #2478, .T. ) ;
#2743 = ORIENTED_EDGE ( 'NONE', *, *, #1713, .F. ) ;
#2744 = CARTESIAN_POINT ( 'NONE',  ( 7.784232728006455382, -0.3999999999999975797, -24.39999999999999858 ) ) ;
#2745 = FACE_BOUND ( 'NONE', #1263, .T. ) ;
#2746 = VERTEX_POINT ( 'NONE', #1114 ) ;
#2747 = FACE_BOUND ( 'NONE', #1433, .T. ) ;
#2748 = EDGE_CURVE ( 'NONE', #2309, #2190, #2939, .T. ) ;
#2749 = VERTEX_POINT ( 'NONE', #3914 ) ;
#2750 =( GEOMETRIC_REPRESENTATION_CONTEXT ( 3 ) GLOBAL_UNCERTAINTY_ASSIGNED_CONTEXT ( ( #3540 ) ) GLOBAL_UNIT_ASSIGNED_CONTEXT ( ( #1593, #1294, #3710 ) ) REPRESENTATION_CONTEXT ( 'NONE', 'WORKASPACE' ) );
#2751 = FACE_OUTER_BOUND ( 'NONE', #1495, .T. ) ;
#2752 = EDGE_LOOP ( 'NONE', ( #1540, #1342, #631, #1852, #711, #1415, #2932, #1241 ) ) ;
#2753 = FACE_OUTER_BOUND ( 'NONE', #172, .T. ) ;
#2754 = ORIENTED_EDGE ( 'NONE', *, *, #3650, .T. ) ;
#2755 = EDGE_CURVE ( 'NONE', #402, #454, #1650, .T. ) ;
#2756 = ADVANCED_FACE ( 'NONE', ( #1792, #613 ), #3015, .T. ) ;
#2757 = CARTESIAN_POINT ( 'NONE',  ( 7.784232728006455382, -2.899999999999994582, -0.6999999999999992895 ) ) ;
#2758 = ORIENTED_EDGE ( 'NONE', *, *, #2392, .F. ) ;
#2759 = ORIENTED_EDGE ( 'NONE', *, *, #1664, .T. ) ;
#2760 = DIRECTION ( 'NONE',  ( 0.000000000000000000, 0.000000000000000000, -1.000000000000000000 ) ) ;
#2761 = CARTESIAN_POINT ( 'NONE',  ( 9.962281222137846726, -11.00000000000000178, -3.000000000000000000 ) ) ;
#2762 = DIRECTION ( 'NONE',  ( -0.000000000000000000, 0.000000000000000000, 1.000000000000000000 ) ) ;
#2763 = CARTESIAN_POINT ( 'NONE',  ( -5.884232728006463908, -4.399999999999995914, -12.49999999999999822 ) ) ;
#2764 = ORIENTED_EDGE ( 'NONE', *, *, #1252, .T. ) ;
#2765 = CARTESIAN_POINT ( 'NONE',  ( -20.00000000000000355, 0.000000000000000000, -1.399999999999988809 ) ) ;
#2766 = ORIENTED_EDGE ( 'NONE', *, *, #2998, .T. ) ;
#2767 = DIRECTION ( 'NONE',  ( 0.000000000000000000, 0.000000000000000000, 1.000000000000000000 ) ) ;
#2768 = EDGE_LOOP ( 'NONE', ( #3272, #1839, #779, #391 ) ) ;
#2769 = FACE_BOUND ( 'NONE', #3130, .T. ) ;
#2770 =( GEOMETRIC_REPRESENTATION_CONTEXT ( 3 ) GLOBAL_UNCERTAINTY_ASSIGNED_CONTEXT ( ( #149 ) ) GLOBAL_UNIT_ASSIGNED_CONTEXT ( ( #2225, #3200, #495 ) ) REPRESENTATION_CONTEXT ( 'NONE', 'WORKASPACE' ) );
#2771 = LINE ( 'NONE', #1878, #898 ) ;
#2772 = CIRCLE ( 'NONE', #69, 2.000000000000001776 ) ;
#2773 = VECTOR ( 'NONE', #1104, 1000.000000000000000 ) ;
#2774 = DIRECTION ( 'NONE',  ( 0.000000000000000000, -0.000000000000000000, -1.000000000000000000 ) ) ;
#2775 = VERTEX_POINT ( 'NONE', #3615 ) ;
#2776 = LINE ( 'NONE', #653, #3605 ) ;
#2777 = EDGE_CURVE ( 'NONE', #1919, #988, #858, .T. ) ;
#2778 = FACE_OUTER_BOUND ( 'NONE', #673, .T. ) ;
#2779 = EDGE_CURVE ( 'NONE', #1864, #2053, #3274, .T. ) ;
#2780 = AXIS2_PLACEMENT_3D ( 'NONE', #262, #3279, #1778 ) ;
#2781 = VECTOR ( 'NONE', #843, 999.9999999999998863 ) ;
#2782 = VECTOR ( 'NONE', #1684, 1000.000000000000000 ) ;
#2783 = DIRECTION ( 'NONE',  ( 1.000000000000000000, 0.000000000000000000, 0.000000000000000000 ) ) ;
#2784 = CARTESIAN_POINT ( 'NONE',  ( 0.9499999999999959588, 0.4000000000000080158, -19.00000000000000000 ) ) ;
#2785 = ADVANCED_FACE ( 'NONE', ( #281 ), #2699, .F. ) ;
#2786 = VERTEX_POINT ( 'NONE', #2380 ) ;
#2787 = FILL_AREA_STYLE_COLOUR ( '', #2088 ) ;
#2788 = VERTEX_POINT ( 'NONE', #3591 ) ;
#2789 = VECTOR ( 'NONE', #289, 1000.000000000000000 ) ;
#2790 = DIRECTION ( 'NONE',  ( 0.000000000000000000, 0.000000000000000000, 1.000000000000000000 ) ) ;
#2791 = LINE ( 'NONE', #2126, #2077 ) ;
#2792 = ORIENTED_EDGE ( 'NONE', *, *, #2335, .T. ) ;
#2793 = AXIS2_PLACEMENT_3D ( 'NONE', #825, #2844, #2704 ) ;
#2794 =( GEOMETRIC_REPRESENTATION_CONTEXT ( 3 ) GLOBAL_UNCERTAINTY_ASSIGNED_CONTEXT ( ( #227 ) ) GLOBAL_UNIT_ASSIGNED_CONTEXT ( ( #65, #3732, #403 ) ) REPRESENTATION_CONTEXT ( 'NONE', 'WORKASPACE' ) );
#2795 = CARTESIAN_POINT ( 'NONE',  ( -10.50000000000000355, -9.500000000000000000, -2.999999999999999112 ) ) ;
#2796 = DIRECTION ( 'NONE',  ( 0.000000000000000000, 0.000000000000000000, 1.000000000000000000 ) ) ;
#2797 = AXIS2_PLACEMENT_3D ( 'NONE', #2236, #3727, #2541 ) ;
#2798 = ORIENTED_EDGE ( 'NONE', *, *, #2828, .F. ) ;
#2799 = VERTEX_POINT ( 'NONE', #3297 ) ;
#2800 = CARTESIAN_POINT ( 'NONE',  ( 10.50000000000000355, -6.000000000000000000, -15.00000000000000000 ) ) ;
#2801 = ORIENTED_EDGE ( 'NONE', *, *, #1362, .F. ) ;
#2802 = FACE_OUTER_BOUND ( 'NONE', #3687, .T. ) ;
#2803 = CARTESIAN_POINT ( 'NONE',  ( -0.9500000000000029532, 0.000000000000000000, -24.89999999999999858 ) ) ;
#2804 = EDGE_CURVE ( 'NONE', #98, #1816, #874, .T. ) ;
#2805 = VECTOR ( 'NONE', #2790, 1000.000000000000000 ) ;
#2806 = PLANE ( 'NONE',  #1378 ) ;
#2807 = DIRECTION ( 'NONE',  ( 0.000000000000000000, -0.000000000000000000, -1.000000000000000000 ) ) ;
#2808 = ORIENTED_EDGE ( 'NONE', *, *, #1634, .F. ) ;
#2809 = VECTOR ( 'NONE', #42, 999.9999999999998863 ) ;
#2810 = ORIENTED_EDGE ( 'NONE', *, *, #2556, .F. ) ;
#2811 = EDGE_CURVE ( 'NONE', #1212, #2650, #2538, .T. ) ;
#2812 = CARTESIAN_POINT ( 'NONE',  ( 14.00000000000000355, -6.000000000000000000, -2.999999999999999112 ) ) ;
#2813 = FILL_AREA_STYLE_COLOUR ( '', #3042 ) ;
#2814 = ORIENTED_EDGE ( 'NONE', *, *, #2629, .T. ) ;
#2815 = CARTESIAN_POINT ( 'NONE',  ( 0.9499999999999959588, 4.400000000000009237, -3.298076211353313081 ) ) ;
#2816 = DIRECTION ( 'NONE',  ( -1.000000000000000000, 0.000000000000000000, 0.000000000000000000 ) ) ;
#2817 = FACE_OUTER_BOUND ( 'NONE', #1575, .T. ) ;
#2818 = ORIENTED_EDGE ( 'NONE', *, *, #3053, .T. ) ;
#2819 = DIRECTION ( 'NONE',  ( -0.000000000000000000, -0.000000000000000000, 1.000000000000000000 ) ) ;
#2820 = LINE ( 'NONE', #418, #947 ) ;
#2821 = CARTESIAN_POINT ( 'NONE',  ( -20.00000000000000355, 0.000000000000000000, 0.000000000000000000 ) ) ;
#2822 = DIRECTION ( 'NONE',  ( 1.000000000000000000, -0.000000000000000000, -0.000000000000000000 ) ) ;
#2823 = PRESENTATION_STYLE_ASSIGNMENT (( #720 ) ) ;
#2824 = VERTEX_POINT ( 'NONE', #1253 ) ;
#2825 = DIRECTION ( 'NONE',  ( -1.000000000000000000, 0.000000000000000000, 0.000000000000000000 ) ) ;
#2826 = DIRECTION ( 'NONE',  ( 1.000000000000000000, 0.000000000000000000, 0.000000000000000000 ) ) ;
#2827 = EDGE_CURVE ( 'NONE', #624, #1196, #1851, .T. ) ;
#2828 = EDGE_CURVE ( 'NONE', #2001, #538, #2499, .T. ) ;
#2829 = SURFACE_STYLE_USAGE ( .BOTH. , #3372 ) ;
#2830 = CARTESIAN_POINT ( 'NONE',  ( -7.784232728006462487, -4.399999999999995914, -19.00000000000000000 ) ) ;
#2831 = CARTESIAN_POINT ( 'NONE',  ( 7.784232728006455382, -4.399999999999997691, -19.00000000000000000 ) ) ;
#2832 = AXIS2_PLACEMENT_3D ( 'NONE', #2212, #1584, #3724 ) ;
#2833 = DIRECTION ( 'NONE',  ( -1.000000000000000000, 0.000000000000000000, 0.000000000000000000 ) ) ;
#2834 = DIRECTION ( 'NONE',  ( 0.000000000000000000, 0.000000000000000000, -1.000000000000000000 ) ) ;
#2835 = VECTOR ( 'NONE', #992, 1000.000000000000114 ) ;
#2836 = DIRECTION ( 'NONE',  ( 0.000000000000000000, 0.000000000000000000, -1.000000000000000000 ) ) ;
#2837 =( NAMED_UNIT ( * ) SI_UNIT ( $, .STERADIAN. ) SOLID_ANGLE_UNIT ( ) );
#2838 = SURFACE_STYLE_FILL_AREA ( #163 ) ;
#2839 = ORIENTED_EDGE ( 'NONE', *, *, #1788, .T. ) ;
#2840 = VECTOR ( 'NONE', #676, 999.9999999999998863 ) ;
#2841 = FILL_AREA_STYLE_COLOUR ( '', #1060 ) ;
#2842 = VERTEX_POINT ( 'NONE', #2761 ) ;
#2843 = CARTESIAN_POINT ( 'NONE',  ( 4.484232728006465329, 0.2999999999999981570, -19.00000000000000000 ) ) ;
#2844 = DIRECTION ( 'NONE',  ( 1.000000000000000000, 0.000000000000000000, 0.000000000000000000 ) ) ;
#2845 = AXIS2_PLACEMENT_3D ( 'NONE', #1521, #2760, #1496 ) ;
#2846 = EDGE_CURVE ( 'NONE', #2824, #1646, #39, .T. ) ;
#2847 = CIRCLE ( 'NONE', #1142, 3.149999999999993250 ) ;
#2848 = LINE ( 'NONE', #152, #3786 ) ;
#2849 = FACE_OUTER_BOUND ( 'NONE', #2082, .T. ) ;
#2850 = ORIENTED_EDGE ( 'NONE', *, *, #1811, .F. ) ;
#2851 = AXIS2_PLACEMENT_3D ( 'NONE', #696, #2502, #3711 ) ;
#2852 = ADVANCED_FACE ( 'NONE', ( #2778 ), #357, .T. ) ;
#2853 = EDGE_CURVE ( 'NONE', #3588, #2120, #2665, .T. ) ;
#2854 = DIRECTION ( 'NONE',  ( 0.000000000000000000, 0.000000000000000000, -1.000000000000000000 ) ) ;
#2855 = AXIS2_PLACEMENT_3D ( 'NONE', #1309, #3784, #3137 ) ;
#2856 = ORIENTED_EDGE ( 'NONE', *, *, #1391, .F. ) ;
#2857 = CARTESIAN_POINT ( 'NONE',  ( 0.9499999999999959588, 0.9000000000000080158, -24.39999999999999858 ) ) ;
#2858 = CARTESIAN_POINT ( 'NONE',  ( 8.171572875253820811, 9.500000000000000000, -15.00000000000000000 ) ) ;
#2859 = VERTEX_POINT ( 'NONE', #2460 ) ;
#2860 = DIRECTION ( 'NONE',  ( -0.000000000000000000, -0.000000000000000000, 1.000000000000000000 ) ) ;
#2861 = ORIENTED_EDGE ( 'NONE', *, *, #2705, .T. ) ;
#2862 = SURFACE_STYLE_USAGE ( .BOTH. , #1655 ) ;
#2863 = ORIENTED_EDGE ( 'NONE', *, *, #2042, .T. ) ;
#2864 = CARTESIAN_POINT ( 'NONE',  ( -9.184232728006454849, 0.2999999999999999334, -19.00000000000000000 ) ) ;
#2865 = CARTESIAN_POINT ( 'NONE',  ( -1.350000000000007416, -0.2999999999999981570, -19.00000000000000000 ) ) ;
#2866 = ORIENTED_EDGE ( 'NONE', *, *, #3095, .T. ) ;
#2867 = CARTESIAN_POINT ( 'NONE',  ( 20.00000000000000355, 0.000000000000000000, -3.000000000000000000 ) ) ;
#2868 = VERTEX_POINT ( 'NONE', #3708 ) ;
#2869 = VERTEX_POINT ( 'NONE', #3669 ) ;
#2870 =( NAMED_UNIT ( * ) PLANE_ANGLE_UNIT ( ) SI_UNIT ( $, .RADIAN. ) );
#2871 = ORIENTED_EDGE ( 'NONE', *, *, #2187, .T. ) ;
#2872 = DIRECTION ( 'NONE',  ( 1.000000000000000000, 0.000000000000000000, 0.000000000000000000 ) ) ;
#2873 = EDGE_CURVE ( 'NONE', #3554, #2515, #3063, .T. ) ;
#2874 = EDGE_CURVE ( 'NONE', #3413, #51, #630, .T. ) ;
#2875 = VECTOR ( 'NONE', #3361, 1000.000000000000000 ) ;
#2876 = CARTESIAN_POINT ( 'NONE',  ( 5.884232728006456803, -0.3999999999999975797, -19.00000000000000000 ) ) ;
#2877 = FILL_AREA_STYLE_COLOUR ( '', #3113 ) ;
#2878 = ORIENTED_EDGE ( 'NONE', *, *, #3904, .T. ) ;
#2879 = LINE ( 'NONE', #2264, #1770 ) ;
#2880 = FACE_OUTER_BOUND ( 'NONE', #1681, .T. ) ;
#2881 = DIRECTION ( 'NONE',  ( 0.000000000000000000, 0.000000000000000000, 1.000000000000000000 ) ) ;
#2882 = CARTESIAN_POINT ( 'NONE',  ( 8.184232728006463731, 1.299999999999995604, -19.00000000000000000 ) ) ;
#2883 = EDGE_LOOP ( 'NONE', ( #3344, #235, #2639, #840 ) ) ;
#2884 = ORIENTED_EDGE ( 'NONE', *, *, #735, .T. ) ;
#2885 = CARTESIAN_POINT ( 'NONE',  ( 5.884232728006456803, 0.000000000000000000, -0.6999999999999992895 ) ) ;
#2886 = ORIENTED_EDGE ( 'NONE', *, *, #1861, .T. ) ;
#2887 = EDGE_LOOP ( 'NONE', ( #2050, #3887, #3333, #3493 ) ) ;
#2888 = CARTESIAN_POINT ( 'NONE',  ( 7.784232728006455382, -0.3999999999999975797, -19.00000000000000000 ) ) ;
#2889 = ORIENTED_EDGE ( 'NONE', *, *, #1278, .T. ) ;
#2890 = CARTESIAN_POINT ( 'NONE',  ( -15.75000000000000711, 7.922615338006460561, 1.500000000000000000 ) ) ;
#2891 = ORIENTED_EDGE ( 'NONE', *, *, #2444, .T. ) ;
#2892 = CARTESIAN_POINT ( 'NONE',  ( -10.50000000000000355, -9.500000000000000000, -15.00000000000000000 ) ) ;
#2893 = EDGE_CURVE ( 'NONE', #1196, #2277, #1333, .T. ) ;
#2894 = EDGE_CURVE ( 'NONE', #1426, #2209, #2441, .T. ) ;
#2895 = ORIENTED_EDGE ( 'NONE', *, *, #990, .F. ) ;
#2896 = LINE ( 'NONE', #3453, #2782 ) ;
#2897 = CARTESIAN_POINT ( 'NONE',  ( -5.884232728006463908, -0.8999999999999958034, -24.89999999999999858 ) ) ;
#2898 = VERTEX_POINT ( 'NONE', #3356 ) ;
#2899 = VECTOR ( 'NONE', #3431, 1000.000000000000000 ) ;
#2900 = ORIENTED_EDGE ( 'NONE', *, *, #715, .T. ) ;
#2901 = EDGE_CURVE ( 'NONE', #802, #2918, #957, .T. ) ;
#2902 = CIRCLE ( 'NONE', #1195, 0.5000000000000004441 ) ;
#2903 = CYLINDRICAL_SURFACE ( 'NONE', #3790, 0.5000000000000004441 ) ;
#2904 = DIRECTION ( 'NONE',  ( 1.000000000000000000, -0.000000000000000000, -0.000000000000000000 ) ) ;
#2905 = DIRECTION ( 'NONE',  ( -1.000000000000000000, -1.652117596168387756E-16, 0.000000000000000000 ) ) ;
#2906 = VECTOR ( 'NONE', #1185, 1000.000000000000000 ) ;
#2907 = ORIENTED_EDGE ( 'NONE', *, *, #3000, .T. ) ;
#2908 = VERTEX_POINT ( 'NONE', #100 ) ;
#2909 = LINE ( 'NONE', #1394, #2773 ) ;
#2910 = PLANE ( 'NONE',  #2405 ) ;
#2911 = VECTOR ( 'NONE', #19, 1000.000000000000000 ) ;
#2912 = LINE ( 'NONE', #1975, #2517 ) ;
#2913 = ORIENTED_EDGE ( 'NONE', *, *, #1995, .F. ) ;
#2914 = CARTESIAN_POINT ( 'NONE',  ( 8.184232728006463731, -5.100000000000004086, -19.00000000000000000 ) ) ;
#2915 = VECTOR ( 'NONE', #49, 1000.000000000000000 ) ;
#2916 = LINE ( 'NONE', #2637, #3036 ) ;
#2917 = LINE ( 'NONE', #217, #3676 ) ;
#2918 = VERTEX_POINT ( 'NONE', #3378 ) ;
#2919 = ORIENTED_EDGE ( 'NONE', *, *, #3502, .T. ) ;
#2920 = EDGE_CURVE ( 'NONE', #2746, #3846, #419, .T. ) ;
#2921 = ORIENTED_EDGE ( 'NONE', *, *, #2706, .F. ) ;
#2922 = ORIENTED_EDGE ( 'NONE', *, *, #60, .F. ) ;
#2923 = CARTESIAN_POINT ( 'NONE',  ( 5.484232728006452007, -6.100000000000001421, -19.00000000000000000 ) ) ;
#2924 = DIRECTION ( 'NONE',  ( -0.000000000000000000, -0.000000000000000000, -1.000000000000000000 ) ) ;
#2925 = FACE_OUTER_BOUND ( 'NONE', #529, .T. ) ;
#2926 = ADVANCED_FACE ( 'NONE', ( #675 ), #1885, .T. ) ;
#2927 = EDGE_CURVE ( 'NONE', #2633, #2961, #2726, .T. ) ;
#2928 = ORIENTED_EDGE ( 'NONE', *, *, #3336, .T. ) ;
#2929 = FACE_OUTER_BOUND ( 'NONE', #3178, .T. ) ;
#2930 = FILL_AREA_STYLE ('',( #525 ) ) ;
#2931 = VECTOR ( 'NONE', #182, 1000.000000000000000 ) ;
#2932 = ORIENTED_EDGE ( 'NONE', *, *, #2559, .F. ) ;
#2933 = SURFACE_STYLE_USAGE ( .BOTH. , #757 ) ;
#2934 = EDGE_LOOP ( 'NONE', ( #2014, #3616, #2955, #284, #1688, #2818, #3238, #2083 ) ) ;
#2935 = FACE_OUTER_BOUND ( 'NONE', #2934, .T. ) ;
#2936 = EDGE_LOOP ( 'NONE', ( #3695, #414 ) ) ;
#2937 = VERTEX_POINT ( 'NONE', #998 ) ;
#2938 = DIRECTION ( 'NONE',  ( 1.000000000000000000, -0.000000000000000000, -0.000000000000000000 ) ) ;
#2939 = LINE ( 'NONE', #3256, #3231 ) ;
#2940 = ORIENTED_EDGE ( 'NONE', *, *, #2804, .T. ) ;
#2941 = ORIENTED_EDGE ( 'NONE', *, *, #1323, .F. ) ;
#2942 = STYLED_ITEM ( 'NONE', ( #695 ), #3910 ) ;
#2943 = DIRECTION ( 'NONE',  ( 0.000000000000000000, 0.000000000000000000, -1.000000000000000000 ) ) ;
#2944 = DIRECTION ( 'NONE',  ( 0.000000000000000000, 0.000000000000000000, 1.000000000000000000 ) ) ;
#2945 = DIRECTION ( 'NONE',  ( -1.000000000000000000, 0.000000000000000000, 0.000000000000000000 ) ) ;
#2946 = DIRECTION ( 'NONE',  ( 0.000000000000000000, 0.000000000000000000, -1.000000000000000000 ) ) ;
#2947 = ORIENTED_EDGE ( 'NONE', *, *, #3212, .T. ) ;
#2948 = PRESENTATION_STYLE_ASSIGNMENT (( #904 ) ) ;
#2949 = LINE ( 'NONE', #3624, #1829 ) ;
#2950 = EDGE_CURVE ( 'NONE', #2243, #2749, #1216, .T. ) ;
#2951 = DIRECTION ( 'NONE',  ( 0.000000000000000000, 0.000000000000000000, 1.000000000000000000 ) ) ;
#2952 = EDGE_CURVE ( 'NONE', #976, #1513, #713, .T. ) ;
#2953 = CYLINDRICAL_SURFACE ( 'NONE', #1492, 3.499999999999999556 ) ;
#2954 = LINE ( 'NONE', #2995, #2030 ) ;
#2955 = ORIENTED_EDGE ( 'NONE', *, *, #1211, .T. ) ;
#2956 = ORIENTED_EDGE ( 'NONE', *, *, #2556, .T. ) ;
#2957 = CARTESIAN_POINT ( 'NONE',  ( 7.784232728006455382, -0.3999999999999975797, -19.00000000000000000 ) ) ;
#2958 = CARTESIAN_POINT ( 'NONE',  ( 0.9499999999999959588, 0.000000000000000000, -0.6999999999999992895 ) ) ;
#2959 = ORIENTED_EDGE ( 'NONE', *, *, #3904, .F. ) ;
#2960 = ORIENTED_EDGE ( 'NONE', *, *, #865, .F. ) ;
#2961 = VERTEX_POINT ( 'NONE', #3637 ) ;
#2962 = LINE ( 'NONE', #260, #2398 ) ;
#2963 = CARTESIAN_POINT ( 'NONE',  ( 23.14999999999999858, 0.000000000000000000, 0.000000000000000000 ) ) ;
#2964 = PLANE ( 'NONE',  #2171 ) ;
#2965 = LINE ( 'NONE', #880, #2534 ) ;
#2966 = STYLED_ITEM ( 'NONE', ( #3030 ), #537 ) ;
#2967 = CARTESIAN_POINT ( 'NONE',  ( 5.884232728006456803, -0.8999999999999975797, -24.39999999999999858 ) ) ;
#2968 = CARTESIAN_POINT ( 'NONE',  ( 8.184232728006463731, -5.100000000000004086, -19.00000000000000000 ) ) ;
#2969 = VERTEX_POINT ( 'NONE', #915 ) ;
#2970 = VECTOR ( 'NONE', #1817, 1000.000000000000114 ) ;
#2971 = PRODUCT_DEFINITION_SHAPE ( 'NONE', 'NONE',  #2528 ) ;
#2972 = ADVANCED_FACE ( 'NONE', ( #137 ), #488, .F. ) ;
#2973 = VECTOR ( 'NONE', #2982, 1000.000000000000000 ) ;
#2974 = CARTESIAN_POINT ( 'NONE',  ( -18.25000000000000355, -2.143131898507866325E-16, -3.000000000000000000 ) ) ;
#2975 = EDGE_LOOP ( 'NONE', ( #3031, #2221, #179, #293 ) ) ;
#2976 = DIRECTION ( 'NONE',  ( -0.000000000000000000, -0.000000000000000000, 1.000000000000000000 ) ) ;
#2977 = ORIENTED_EDGE ( 'NONE', *, *, #816, .T. ) ;
#2978 = VECTOR ( 'NONE', #1760, 1000.000000000000000 ) ;
#2979 = ADVANCED_FACE ( 'NONE', ( #1377 ), #3767, .F. ) ;
#2980 = ORIENTED_EDGE ( 'NONE', *, *, #3334, .F. ) ;
#2981 = CIRCLE ( 'NONE', #207, 1.750000000000001554 ) ;
#2982 = DIRECTION ( 'NONE',  ( -1.000000000000000000, 0.000000000000000000, 0.000000000000000000 ) ) ;
#2983 = CARTESIAN_POINT ( 'NONE',  ( 20.00000000000000355, 0.000000000000000000, 0.000000000000000000 ) ) ;
#2984 = ORIENTED_EDGE ( 'NONE', *, *, #3146, .T. ) ;
#2985 = VECTOR ( 'NONE', #2638, 1000.000000000000114 ) ;
#2986 = ORIENTED_EDGE ( 'NONE', *, *, #3600, .T. ) ;
#2987 = FACE_OUTER_BOUND ( 'NONE', #219, .T. ) ;
#2988 = LINE ( 'NONE', #2046, #2552 ) ;
#2989 = CARTESIAN_POINT ( 'NONE',  ( 0.000000000000000000, 0.000000000000000000, -0.6999999999999992895 ) ) ;
#2990 = CYLINDRICAL_SURFACE ( 'NONE', #938, 0.9999999999999940048 ) ;
#2991 = CARTESIAN_POINT ( 'NONE',  ( -9.184232728006454849, 0.2999999999999999334, -15.00000000000000000 ) ) ;
#2992 = ORIENTED_EDGE ( 'NONE', *, *, #2655, .F. ) ;
#2993 = VECTOR ( 'NONE', #68, 1000.000000000000000 ) ;
#2994 = LINE ( 'NONE', #251, #318 ) ;
#2995 = CARTESIAN_POINT ( 'NONE',  ( -2.349999999999994316, 5.100000000000004086, -19.00000000000000000 ) ) ;
#2996 = ORIENTED_EDGE ( 'NONE', *, *, #105, .F. ) ;
#2997 = CARTESIAN_POINT ( 'NONE',  ( -5.884232728006465685, -0.3999999999999958589, -12.49999999999999822 ) ) ;
#2998 = EDGE_CURVE ( 'NONE', #1353, #950, #1922, .T. ) ;
#2999 = DIRECTION ( 'NONE',  ( -0.7071067811865465735, -0.7071067811865483499, 0.000000000000000000 ) ) ;
#3000 = EDGE_CURVE ( 'NONE', #3623, #2619, #1666, .T. ) ;
#3001 = ORIENTED_EDGE ( 'NONE', *, *, #1054, .T. ) ;
#3002 = ORIENTED_EDGE ( 'NONE', *, *, #2292, .F. ) ;
#3003 = CARTESIAN_POINT ( 'NONE',  ( -1.350000000000004086, 5.100000000000004086, -19.00000000000000000 ) ) ;
#3004 = CARTESIAN_POINT ( 'NONE',  ( 5.884232728006456803, -4.399999999999997691, -19.00000000000000000 ) ) ;
#3005 = CARTESIAN_POINT ( 'NONE',  ( 2.349999999999997868, 5.100000000000004086, -19.00000000000000000 ) ) ;
#3006 = CARTESIAN_POINT ( 'NONE',  ( -0.9500000000000029532, 4.400000000000008349, -19.00000000000000000 ) ) ;
#3007 = CARTESIAN_POINT ( 'NONE',  ( -8.184232728006463731, 0.2999999999999999334, -19.00000000000000000 ) ) ;
#3008 = ORIENTED_EDGE ( 'NONE', *, *, #3173, .F. ) ;
#3009 = DIRECTION ( 'NONE',  ( -0.000000000000000000, -0.000000000000000000, 1.000000000000000000 ) ) ;
#3010 = CARTESIAN_POINT ( 'NONE',  ( -12.50000000000000355, 4.791920087041139685E-15, -12.49999999999999645 ) ) ;
#3011 = ORIENTED_EDGE ( 'NONE', *, *, #1537, .F. ) ;
#3012 = ORIENTED_EDGE ( 'NONE', *, *, #772, .T. ) ;
#3013 = SURFACE_STYLE_FILL_AREA ( #3646 ) ;
#3014 = PLANE ( 'NONE',  #2718 ) ;
#3015 = PLANE ( 'NONE',  #2029 ) ;
#3016 = VERTEX_POINT ( 'NONE', #117 ) ;
#3017 = EDGE_CURVE ( 'NONE', #3445, #1586, #3744, .T. ) ;
#3018 = ORIENTED_EDGE ( 'NONE', *, *, #3874, .F. ) ;
#3019 = DIRECTION ( 'NONE',  ( 0.000000000000000000, 0.000000000000000000, 1.000000000000000000 ) ) ;
#3020 = DIRECTION ( 'NONE',  ( -0.000000000000000000, 0.5000000000000014433, -0.8660254037844378194 ) ) ;
#3021 = DIRECTION ( 'NONE',  ( -0.000000000000000000, -0.000000000000000000, 1.000000000000000000 ) ) ;
#3022 = EDGE_CURVE ( 'NONE', #2898, #2667, #1846, .T. ) ;
#3023 = EDGE_CURVE ( 'NONE', #2007, #2869, #723, .T. ) ;
#3024 = PLANE ( 'NONE',  #1344 ) ;
#3025 = VECTOR ( 'NONE', #115, 1000.000000000000114 ) ;
#3026 = DIRECTION ( 'NONE',  ( -0.000000000000000000, 1.000000000000000000, -0.000000000000000000 ) ) ;
#3027 = DIRECTION ( 'NONE',  ( 1.000000000000000000, 0.000000000000000000, 0.000000000000000000 ) ) ;
#3028 = VECTOR ( 'NONE', #524, 1000.000000000000000 ) ;
#3029 = ORIENTED_EDGE ( 'NONE', *, *, #1762, .T. ) ;
#3030 = PRESENTATION_STYLE_ASSIGNMENT (( #2054 ) ) ;
#3031 = ORIENTED_EDGE ( 'NONE', *, *, #715, .F. ) ;
#3032 = VERTEX_POINT ( 'NONE', #1359 ) ;
#3033 = CIRCLE ( 'NONE', #2714, 3.499999999999999556 ) ;
#3034 = CARTESIAN_POINT ( 'NONE',  ( 0.000000000000000000, -4.399999999999997691, -0.6999999999999992895 ) ) ;
#3035 = ORIENTED_EDGE ( 'NONE', *, *, #3023, .F. ) ;
#3036 = VECTOR ( 'NONE', #2938, 1000.000000000000000 ) ;
#3037 = CARTESIAN_POINT ( 'NONE',  ( 10.50000000000000355, -9.500000000000000000, -2.999999999999999112 ) ) ;
#3038 = FACE_OUTER_BOUND ( 'NONE', #1594, .T. ) ;
#3039 = CARTESIAN_POINT ( 'NONE',  ( 0.000000000000000000, -1.900000000000000577, -0.6999999999999992895 ) ) ;
#3040 = AXIS2_PLACEMENT_3D ( 'NONE', #2684, #3530, #2401 ) ;
#3041 = ORIENTED_EDGE ( 'NONE', *, *, #3717, .F. ) ;
#3042 = COLOUR_RGB ( '',0.09803921568627450844, 0.09803921568627450844, 0.09803921568627450844 ) ;
#3043 = LINE ( 'NONE', #3337, #1641 ) ;
#3044 = CARTESIAN_POINT ( 'NONE',  ( 8.184232728006463731, 0.2999999999999981570, -15.00000000000000000 ) ) ;
#3045 = CARTESIAN_POINT ( 'NONE',  ( -15.75000000000000711, 0.000000000000000000, 1.500000000000000000 ) ) ;
#3046 = EDGE_CURVE ( 'NONE', #30, #34, #1069, .T. ) ;
#3047 = VECTOR ( 'NONE', #3021, 1000.000000000000000 ) ;
#3048 = CARTESIAN_POINT ( 'NONE',  ( 20.00000000000000355, 0.000000000000000000, -3.000000000000000000 ) ) ;
#3049 = VECTOR ( 'NONE', #1561, 1000.000000000000000 ) ;
#3050 = PLANE ( 'NONE',  #1197 ) ;
#3051 = ORIENTED_EDGE ( 'NONE', *, *, #3437, .T. ) ;
#3052 = EDGE_CURVE ( 'NONE', #269, #2309, #1977, .T. ) ;
#3053 = EDGE_CURVE ( 'NONE', #48, #2969, #2672, .T. ) ;
#3054 = VECTOR ( 'NONE', #2035, 1000.000000000000000 ) ;
#3055 = CARTESIAN_POINT ( 'NONE',  ( -5.484232728006459112, -6.099999999999999645, -19.00000000000000000 ) ) ;
#3056 = CARTESIAN_POINT ( 'NONE',  ( -12.50000000000000178, 3.050252531694162439, -12.49999999999999645 ) ) ;
#3057 = ORIENTED_EDGE ( 'NONE', *, *, #3079, .T. ) ;
#3058 = VERTEX_POINT ( 'NONE', #2570 ) ;
#3059 = VECTOR ( 'NONE', #834, 1000.000000000000114 ) ;
#3060 = FACE_BOUND ( 'NONE', #3258, .T. ) ;
#3061 = ORIENTED_EDGE ( 'NONE', *, *, #1252, .F. ) ;
#3062 = CARTESIAN_POINT ( 'NONE',  ( 12.50000000000000178, 3.050252531694162439, -12.49999999999999645 ) ) ;
#3063 = LINE ( 'NONE', #3398, #22 ) ;
#3064 = CIRCLE ( 'NONE', #2737, 0.9999999999999922284 ) ;
#3065 = ORIENTED_EDGE ( 'NONE', *, *, #231, .T. ) ;
#3066 = DIRECTION ( 'NONE',  ( -0.000000000000000000, 1.000000000000000000, -0.000000000000000000 ) ) ;
#3067 = LINE ( 'NONE', #3731, #2307 ) ;
#3068 = ORIENTED_EDGE ( 'NONE', *, *, #1682, .F. ) ;
#3069 = DIRECTION ( 'NONE',  ( 1.793631189416317430E-16, -1.000000000000000000, 0.000000000000000000 ) ) ;
#3070 = DIRECTION ( 'NONE',  ( -0.000000000000000000, -0.000000000000000000, 1.000000000000000000 ) ) ;
#3071 = EDGE_LOOP ( 'NONE', ( #2365, #3065 ) ) ;
#3072 = CARTESIAN_POINT ( 'NONE',  ( -5.884232728006463908, -4.399999999999995914, -24.39999999999999858 ) ) ;
#3073 = ORIENTED_EDGE ( 'NONE', *, *, #2629, .F. ) ;
#3074 = LINE ( 'NONE', #1860, #2474 ) ;
#3075 = ADVANCED_FACE ( 'NONE', ( #2519 ), #2591, .T. ) ;
#3076 = EDGE_CURVE ( 'NONE', #1739, #2937, #3488, .T. ) ;
#3077 = CARTESIAN_POINT ( 'NONE',  ( -14.00000000000000178, 2.511083665182844845E-15, -15.00000000000000000 ) ) ;
#3078 = CARTESIAN_POINT ( 'NONE',  ( -20.00000000000000355, 0.000000000000000000, 0.000000000000000000 ) ) ;
#3079 = EDGE_CURVE ( 'NONE', #3413, #2600, #3450, .T. ) ;
#3080 = DIRECTION ( 'NONE',  ( 0.000000000000000000, 0.000000000000000000, -1.000000000000000000 ) ) ;
#3081 = DIRECTION ( 'NONE',  ( -1.000000000000000000, 0.000000000000000000, 0.000000000000000000 ) ) ;
#3082 = CARTESIAN_POINT ( 'NONE',  ( -5.884232728006463908, -4.399999999999995914, -19.00000000000000000 ) ) ;
#3083 = DIRECTION ( 'NONE',  ( 1.000000000000000000, 0.000000000000000000, 0.000000000000000000 ) ) ;
#3084 = DIRECTION ( 'NONE',  ( 1.000000000000000000, -0.000000000000000000, -0.000000000000000000 ) ) ;
#3085 = ORIENTED_EDGE ( 'NONE', *, *, #1956, .F. ) ;
#3086 = DIRECTION ( 'NONE',  ( 0.000000000000000000, 0.000000000000000000, 1.000000000000000000 ) ) ;
#3087 = LINE ( 'NONE', #1242, #2165 ) ;
#3088 = CARTESIAN_POINT ( 'NONE',  ( -5.884232728006463908, 0.000000000000000000, -0.6999999999999992895 ) ) ;
#3089 = ORIENTED_EDGE ( 'NONE', *, *, #1762, .F. ) ;
#3090 = AXIS2_PLACEMENT_3D ( 'NONE', #3241, #541, #2943 ) ;
#3091 = DIRECTION ( 'NONE',  ( 1.000000000000000000, 0.000000000000000000, 0.000000000000000000 ) ) ;
#3092 = DIRECTION ( 'NONE',  ( -1.000000000000000000, 0.000000000000000000, 0.000000000000000000 ) ) ;
#3093 = VECTOR ( 'NONE', #671, 1000.000000000000000 ) ;
#3094 = ORIENTED_EDGE ( 'NONE', *, *, #3371, .F. ) ;
#3095 = EDGE_CURVE ( 'NONE', #2697, #15, #660, .T. ) ;
#3096 = CONICAL_SURFACE ( 'NONE', #1127, 1.750000000000001554, 0.7853981633974498333 ) ;
#3097 = DIRECTION ( 'NONE',  ( 1.000000000000000000, 0.000000000000000000, 0.000000000000000000 ) ) ;
#3098 = LINE ( 'NONE', #1291, #3418 ) ;
#3099 = DIRECTION ( 'NONE',  ( -0.000000000000000000, 0.000000000000000000, 1.000000000000000000 ) ) ;
#3100 = EDGE_CURVE ( 'NONE', #3801, #1775, #1783, .T. ) ;
#3101 = EDGE_CURVE ( 'NONE', #95, #2043, #2154, .T. ) ;
#3102 = AXIS2_PLACEMENT_3D ( 'NONE', #2324, #3537, #2690 ) ;
#3103 = AXIS2_PLACEMENT_3D ( 'NONE', #3217, #354, #3261 ) ;
#3104 = VECTOR ( 'NONE', #1867, 1000.000000000000000 ) ;
#3105 = DIRECTION ( 'NONE',  ( 0.000000000000000000, 1.000000000000000000, 0.000000000000000000 ) ) ;
#3106 = EDGE_LOOP ( 'NONE', ( #3181, #3915, #2360, #2201, #820, #1494, #1386, #1068 ) ) ;
#3107 =( GEOMETRIC_REPRESENTATION_CONTEXT ( 3 ) GLOBAL_UNCERTAINTY_ASSIGNED_CONTEXT ( ( #3903 ) ) GLOBAL_UNIT_ASSIGNED_CONTEXT ( ( #2452, #91, #3388 ) ) REPRESENTATION_CONTEXT ( 'NONE', 'WORKASPACE' ) );
#3108 = ORIENTED_EDGE ( 'NONE', *, *, #3769, .T. ) ;
#3109 = SURFACE_STYLE_FILL_AREA ( #1893 ) ;
#3110 = ORIENTED_EDGE ( 'NONE', *, *, #2392, .T. ) ;
#3111 = CARTESIAN_POINT ( 'NONE',  ( 0.000000000000000000, -1.900000000000000577, -0.6999999999999992895 ) ) ;
#3112 = DIRECTION ( 'NONE',  ( -1.000000000000000000, 0.000000000000000000, 0.000000000000000000 ) ) ;
#3113 = COLOUR_RGB ( '',0.2941176470588235392, 0.2941176470588235392, 0.2941176470588235392 ) ;
#3114 = PLANE ( 'NONE',  #2456 ) ;
#3115 = FACE_OUTER_BOUND ( 'NONE', #1109, .T. ) ;
#3116 = AXIS2_PLACEMENT_3D ( 'NONE', #569, #3523, #1151 ) ;
#3117 = ORIENTED_EDGE ( 'NONE', *, *, #690, .F. ) ;
#3118 = LINE ( 'NONE', #1606, #3025 ) ;
#3119 = CYLINDRICAL_SURFACE ( 'NONE', #3862, 0.9999999999999940048 ) ;
#3120 = CARTESIAN_POINT ( 'NONE',  ( -5.884232728006463908, -2.899999999999992806, -0.6999999999999992895 ) ) ;
#3121 = EDGE_CURVE ( 'NONE', #699, #90, #3806, .T. ) ;
#3122 = STYLED_ITEM ( 'NONE', ( #2203 ), #3608 ) ;
#3123 = EDGE_CURVE ( 'NONE', #1053, #48, #1994, .T. ) ;
#3124 = CARTESIAN_POINT ( 'NONE',  ( -1.350000000000004086, 5.100000000000004086, -19.00000000000000000 ) ) ;
#3125 = FACE_OUTER_BOUND ( 'NONE', #1229, .T. ) ;
#3126 = STYLED_ITEM ( 'NONE', ( #1239 ), #3823 ) ;
#3127 = EDGE_LOOP ( 'NONE', ( #835, #3313, #3783, #2586 ) ) ;
#3128 = FACE_OUTER_BOUND ( 'NONE', #3648, .T. ) ;
#3129 = PLANE ( 'NONE',  #2410 ) ;
#3130 = EDGE_LOOP ( 'NONE', ( #2798, #314, #672, #12 ) ) ;
#3131 = FACE_OUTER_BOUND ( 'NONE', #521, .T. ) ;
#3132 = CARTESIAN_POINT ( 'NONE',  ( -21.75000000000000711, 0.000000000000000000, -3.000000000000000000 ) ) ;
#3133 = CARTESIAN_POINT ( 'NONE',  ( 20.00000000000000355, 0.000000000000000000, -1.399999999999988809 ) ) ;
#3134 = ORIENTED_EDGE ( 'NONE', *, *, #31, .T. ) ;
#3135 = FACE_OUTER_BOUND ( 'NONE', #607, .T. ) ;
#3136 = LINE ( 'NONE', #1017, #2144 ) ;
#3137 = DIRECTION ( 'NONE',  ( 1.000000000000000000, 0.000000000000000000, 0.000000000000000000 ) ) ;
#3138 = CARTESIAN_POINT ( 'NONE',  ( 10.50000000000000355, -9.500000000000000000, -15.00000000000000000 ) ) ;
#3139 = CARTESIAN_POINT ( 'NONE',  ( 5.884232728006456803, -2.899999999999994582, -0.6999999999999992895 ) ) ;
#3140 = DIRECTION ( 'NONE',  ( 1.000000000000000000, 0.000000000000000000, 0.000000000000000000 ) ) ;
#3141 = ORIENTED_EDGE ( 'NONE', *, *, #3364, .F. ) ;
#3142 = EDGE_CURVE ( 'NONE', #1761, #2103, #2283, .T. ) ;
#3143 = ORIENTED_EDGE ( 'NONE', *, *, #446, .T. ) ;
#3144 = EDGE_LOOP ( 'NONE', ( #3698, #3524 ) ) ;
#3145 = DIRECTION ( 'NONE',  ( -0.000000000000000000, -0.000000000000000000, 1.000000000000000000 ) ) ;
#3146 = EDGE_CURVE ( 'NONE', #1768, #3270, #552, .T. ) ;
#3147 = PRODUCT_DEFINITION_CONTEXT ( 'detailed design', #718, 'design' ) ;
#3148 = EDGE_CURVE ( 'NONE', #2859, #2799, #3842, .T. ) ;
#3149 = LINE ( 'NONE', #1637, #576 ) ;
#3150 = DIRECTION ( 'NONE',  ( 1.000000000000000000, 0.000000000000000000, 0.000000000000000000 ) ) ;
#3151 = ORIENTED_EDGE ( 'NONE', *, *, #3239, .F. ) ;
#3152 = DIRECTION ( 'NONE',  ( 0.000000000000000000, 0.000000000000000000, 1.000000000000000000 ) ) ;
#3153 = ORIENTED_EDGE ( 'NONE', *, *, #1254, .T. ) ;
#3154 = AXIS2_PLACEMENT_3D ( 'NONE', #453, #2774, #373 ) ;
#3155 = LINE ( 'NONE', #3707, #398 ) ;
#3156 = CARTESIAN_POINT ( 'NONE',  ( -10.50000000000000355, -6.000000000000000000, -15.00000000000000000 ) ) ;
#3157 = ORIENTED_EDGE ( 'NONE', *, *, #1923, .F. ) ;
#3158 = CIRCLE ( 'NONE', #1632, 5.000000000000000888 ) ;
#3159 = DIRECTION ( 'NONE',  ( -0.000000000000000000, -0.000000000000000000, 1.000000000000000000 ) ) ;
#3160 = PRODUCT_CONTEXT ( 'NONE', #309, 'mechanical' ) ;
#3161 = AXIS2_PLACEMENT_3D ( 'NONE', #2304, #1968, #3514 ) ;
#3162 = AXIS2_PLACEMENT_3D ( 'NONE', #333, #1520, #2734 ) ;
#3163 = CIRCLE ( 'NONE', #1505, 0.5000000000000004441 ) ;
#3164 = SURFACE_STYLE_USAGE ( .BOTH. , #3441 ) ;
#3165 = ORIENTED_EDGE ( 'NONE', *, *, #2438, .F. ) ;
#3166 = CARTESIAN_POINT ( 'NONE',  ( -5.884232728006463908, -1.899999999999998579, -0.6999999999999992895 ) ) ;
#3167 = VECTOR ( 'NONE', #829, 1000.000000000000000 ) ;
#3168 = ORIENTED_EDGE ( 'NONE', *, *, #1880, .F. ) ;
#3169 = AXIS2_PLACEMENT_3D ( 'NONE', #519, #498, #2905 ) ;
#3170 = LINE ( 'NONE', #2885, #386 ) ;
#3171 = ADVANCED_FACE ( 'NONE', ( #3826 ), #3252, .F. ) ;
#3172 = ORIENTED_EDGE ( 'NONE', *, *, #1613, .F. ) ;
#3173 = EDGE_CURVE ( 'NONE', #2869, #3176, #2954, .T. ) ;
#3174 = AXIS2_PLACEMENT_3D ( 'NONE', #763, #1332, #2242 ) ;
#3175 =( LENGTH_UNIT ( ) NAMED_UNIT ( * ) SI_UNIT ( .MILLI., .METRE. ) );
#3176 = VERTEX_POINT ( 'NONE', #1726 ) ;
#3177 = CARTESIAN_POINT ( 'NONE',  ( -7.784232728006460711, -6.000000000000000000, -12.49999999999999822 ) ) ;
#3178 = EDGE_LOOP ( 'NONE', ( #3153, #258, #3307, #3889 ) ) ;
#3179 = DIRECTION ( 'NONE',  ( 1.000000000000000000, 0.000000000000000000, 0.000000000000000000 ) ) ;
#3180 = CARTESIAN_POINT ( 'NONE',  ( 5.484232728006452007, -5.100000000000004086, -19.00000000000000000 ) ) ;
#3181 = ORIENTED_EDGE ( 'NONE', *, *, #2605, .T. ) ;
#3182 = STYLED_ITEM ( 'NONE', ( #3679 ), #3525 ) ;
#3183 = CARTESIAN_POINT ( 'NONE',  ( -15.75000000000000711, 7.922615338006460561, 1.500000000000000000 ) ) ;
#3184 = FACE_OUTER_BOUND ( 'NONE', #591, .T. ) ;
#3185 = CARTESIAN_POINT ( 'NONE',  ( 12.50000000000000355, 4.791920087041139685E-15, -3.000000000000000000 ) ) ;
#3186 = AXIS2_PLACEMENT_3D ( 'NONE', #1502, #3338, #25 ) ;
#3187 = DIRECTION ( 'NONE',  ( -1.000000000000000000, 0.000000000000000000, 0.000000000000000000 ) ) ;
#3188 = EDGE_CURVE ( 'NONE', #2676, #2073, #1460, .T. ) ;
#3189 = ORIENTED_EDGE ( 'NONE', *, *, #2217, .F. ) ;
#3190 = EDGE_CURVE ( 'NONE', #15, #598, #2696, .T. ) ;
#3191 = CARTESIAN_POINT ( 'NONE',  ( 22.34735781392944887, 4.414737964294641159, 0.000000000000000000 ) ) ;
#3192 = DIRECTION ( 'NONE',  ( -1.000000000000000000, 0.000000000000000000, 0.000000000000000000 ) ) ;
#3193 = ADVANCED_FACE ( 'NONE', ( #1188, #2935 ), #3587, .F. ) ;
#3194 = ADVANCED_FACE ( 'NONE', ( #3609 ), #1747, .F. ) ;
#3195 = ORIENTED_EDGE ( 'NONE', *, *, #3905, .T. ) ;
#3196 = DIRECTION ( 'NONE',  ( 1.000000000000000000, 0.000000000000000000, 0.000000000000000000 ) ) ;
#3197 = CYLINDRICAL_SURFACE ( 'NONE', #3363, 0.9999999999999922284 ) ;
#3198 = EDGE_LOOP ( 'NONE', ( #831, #2282, #936, #3029 ) ) ;
#3199 = ORIENTED_EDGE ( 'NONE', *, *, #1232, .F. ) ;
#3200 =( NAMED_UNIT ( * ) PLANE_ANGLE_UNIT ( ) SI_UNIT ( $, .RADIAN. ) );
#3201 = CARTESIAN_POINT ( 'NONE',  ( -25.00000000000000355, 2.400000000000007017, -22.35999999999999943 ) ) ;
#3202 = DIRECTION ( 'NONE',  ( -1.793631189416317430E-16, -1.000000000000000000, 0.000000000000000000 ) ) ;
#3203 = CARTESIAN_POINT ( 'NONE',  ( 7.784232728006455382, -0.8999999999999975797, -24.39999999999999858 ) ) ;
#3204 = CARTESIAN_POINT ( 'NONE',  ( -20.00000000000000355, 0.000000000000000000, 0.000000000000000000 ) ) ;
#3205 = ORIENTED_EDGE ( 'NONE', *, *, #2874, .F. ) ;
#3206 = CARTESIAN_POINT ( 'NONE',  ( 4.484232728006465329, 0.2999999999999981570, -19.00000000000000000 ) ) ;
#3207 = ORIENTED_EDGE ( 'NONE', *, *, #1617, .T. ) ;
#3208 = EDGE_CURVE ( 'NONE', #1656, #175, #1128, .T. ) ;
#3209 = CARTESIAN_POINT ( 'NONE',  ( 0.000000000000000000, -3.899999999999997691, -24.89999999999999858 ) ) ;
#3210 = STYLED_ITEM ( 'NONE', ( #1992 ), #469 ) ;
#3211 = CARTESIAN_POINT ( 'NONE',  ( 16.85000000000001208, 3.857637417314154307E-16, 0.000000000000000000 ) ) ;
#3212 = EDGE_CURVE ( 'NONE', #3828, #2786, #2599, .T. ) ;
#3213 = CARTESIAN_POINT ( 'NONE',  ( 7.784232728006455382, -4.399999999999997691, -19.00000000000000000 ) ) ;
#3214 = EDGE_CURVE ( 'NONE', #2053, #1866, #1392, .T. ) ;
#3215 = VERTEX_POINT ( 'NONE', #1110 ) ;
#3216 = PRESENTATION_LAYER_ASSIGNMENT (  '', '', ( #2394 ) ) ;
#3217 = CARTESIAN_POINT ( 'NONE',  ( -6.755428779221936075, 12.70511368984503342, -3.000000000000000000 ) ) ;
#3218 = COLOUR_RGB ( '',0.09803921568627450844, 0.09803921568627450844, 0.09803921568627450844 ) ;
#3219 = DIRECTION ( 'NONE',  ( 1.000000000000000000, 0.000000000000000000, 0.000000000000000000 ) ) ;
#3220 = FACE_OUTER_BOUND ( 'NONE', #1352, .T. ) ;
#3221 = DIRECTION ( 'NONE',  ( 0.000000000000000000, 0.000000000000000000, -1.000000000000000000 ) ) ;
#3222 = ORIENTED_EDGE ( 'NONE', *, *, #3364, .T. ) ;
#3223 = SURFACE_STYLE_USAGE ( .BOTH. , #3838 ) ;
#3224 = CYLINDRICAL_SURFACE ( 'NONE', #81, 1.750000000000001554 ) ;
#3225 = VECTOR ( 'NONE', #1587, 1000.000000000000000 ) ;
#3226 = FACE_OUTER_BOUND ( 'NONE', #1794, .T. ) ;
#3227 = ORIENTED_EDGE ( 'NONE', *, *, #3022, .T. ) ;
#3228 = LINE ( 'NONE', #234, #3059 ) ;
#3229 = VECTOR ( 'NONE', #1388, 1000.000000000000000 ) ;
#3230 = ORIENTED_EDGE ( 'NONE', *, *, #200, .F. ) ;
#3231 = VECTOR ( 'NONE', #1751, 999.9999999999998863 ) ;
#3232 = ORIENTED_EDGE ( 'NONE', *, *, #3269, .T. ) ;
#3233 = DIRECTION ( 'NONE',  ( 0.000000000000000000, 0.000000000000000000, -1.000000000000000000 ) ) ;
#3234 = CARTESIAN_POINT ( 'NONE',  ( 0.000000000000000000, 8.000000000000000000, -12.49999999999999645 ) ) ;
#3235 = ORIENTED_EDGE ( 'NONE', *, *, #1563, .F. ) ;
#3236 = VECTOR ( 'NONE', #1439, 1000.000000000000000 ) ;
#3237 = EDGE_LOOP ( 'NONE', ( #500, #2886, #355, #1372 ) ) ;
#3238 = ORIENTED_EDGE ( 'NONE', *, *, #401, .F. ) ;
#3239 = EDGE_CURVE ( 'NONE', #3326, #1761, #892, .T. ) ;
#3240 = EDGE_CURVE ( 'NONE', #371, #2383, #535, .T. ) ;
#3241 = CARTESIAN_POINT ( 'NONE',  ( 0.9499999999999959588, 2.400000000000007017, -22.35999999999999943 ) ) ;
#3242 = CYLINDRICAL_SURFACE ( 'NONE', #3536, 0.9999999999999940048 ) ;
#3243 = CARTESIAN_POINT ( 'NONE',  ( -14.00000000000000178, 2.511083665182844845E-15, -15.00000000000000000 ) ) ;
#3244 = PLANE ( 'NONE',  #522 ) ;
#3245 = AXIS2_PLACEMENT_3D ( 'NONE', #2096, #1398, #2336 ) ;
#3246 = VERTEX_POINT ( 'NONE', #507 ) ;
#3247 = ORIENTED_EDGE ( 'NONE', *, *, #2145, .T. ) ;
#3248 = CARTESIAN_POINT ( 'NONE',  ( -7.784232728006462487, -3.899999999999995914, -24.89999999999999858 ) ) ;
#3249 = DIRECTION ( 'NONE',  ( 0.000000000000000000, -1.000000000000000000, -0.000000000000000000 ) ) ;
#3250 = AXIS2_PLACEMENT_3D ( 'NONE', #2477, #647, #3311 ) ;
#3251 = VECTOR ( 'NONE', #1181, 1000.000000000000000 ) ;
#3252 = PLANE ( 'NONE',  #1084 ) ;
#3253 = VERTEX_POINT ( 'NONE', #1767 ) ;
#3254 = FACE_OUTER_BOUND ( 'NONE', #3454, .T. ) ;
#3255 = CARTESIAN_POINT ( 'NONE',  ( 8.184232728006463731, 1.299999999999995604, -15.00000000000000000 ) ) ;
#3256 = CARTESIAN_POINT ( 'NONE',  ( -5.884232728006463908, -1.424999999999996270, -1.522724133595217078 ) ) ;
#3257 = ORIENTED_EDGE ( 'NONE', *, *, #1861, .F. ) ;
#3258 = EDGE_LOOP ( 'NONE', ( #186, #2947 ) ) ;
#3259 = PRESENTATION_LAYER_ASSIGNMENT (  '', '', ( #3446 ) ) ;
#3260 = EDGE_LOOP ( 'NONE', ( #2792, #2814, #1555, #2810 ) ) ;
#3261 = DIRECTION ( 'NONE',  ( -0.8829475928589280986, -0.4694715627858885298, 0.000000000000000000 ) ) ;
#3262 = CARTESIAN_POINT ( 'NONE',  ( 5.884232728006456803, -0.3999999999999975797, -0.6999999999999992895 ) ) ;
#3263 = CARTESIAN_POINT ( 'NONE',  ( -5.884232728006463908, -2.174999999999990941, 0.5557368354874364647 ) ) ;
#3264 = CARTESIAN_POINT ( 'NONE',  ( 5.484232728006455559, 1.299999999999995604, -19.00000000000000000 ) ) ;
#3265 = EDGE_CURVE ( 'NONE', #114, #2001, #1703, .T. ) ;
#3266 = EDGE_LOOP ( 'NONE', ( #2382, #2861, #347, #2421 ) ) ;
#3267 = FACE_OUTER_BOUND ( 'NONE', #888, .T. ) ;
#3268 = EDGE_CURVE ( 'NONE', #34, #3878, #214, .T. ) ;
#3269 = EDGE_CURVE ( 'NONE', #3327, #1768, #3228, .T. ) ;
#3270 = VERTEX_POINT ( 'NONE', #2612 ) ;
#3271 = DIRECTION ( 'NONE',  ( 0.000000000000000000, 0.000000000000000000, 1.000000000000000000 ) ) ;
#3272 = ORIENTED_EDGE ( 'NONE', *, *, #633, .T. ) ;
#3273 = DIRECTION ( 'NONE',  ( 1.000000000000000000, 0.000000000000000000, -0.000000000000000000 ) ) ;
#3274 = LINE ( 'NONE', #2402, #337 ) ;
#3275 = ORIENTED_EDGE ( 'NONE', *, *, #473, .F. ) ;
#3276 = ORIENTED_EDGE ( 'NONE', *, *, #109, .T. ) ;
#3277 = PRESENTATION_LAYER_ASSIGNMENT (  '', '', ( #503 ) ) ;
#3278 = ORIENTED_EDGE ( 'NONE', *, *, #276, .T. ) ;
#3279 = DIRECTION ( 'NONE',  ( 1.000000000000000000, 0.000000000000000000, 0.000000000000000000 ) ) ;
#3280 = DIRECTION ( 'NONE',  ( -1.000000000000000000, 0.000000000000000000, -0.000000000000000000 ) ) ;
#3281 = CARTESIAN_POINT ( 'NONE',  ( 10.50000000000000355, -9.500000000000000000, -15.00000000000000000 ) ) ;
#3282 = MECHANICAL_DESIGN_GEOMETRIC_PRESENTATION_REPRESENTATION (  '', ( #2394 ), #2005 ) ;
#3283 = ORIENTED_EDGE ( 'NONE', *, *, #3483, .T. ) ;
#3284 = CIRCLE ( 'NONE', #1824, 0.9999999999999940048 ) ;
#3285 = DIRECTION ( 'NONE',  ( 0.000000000000000000, 0.000000000000000000, -1.000000000000000000 ) ) ;
#3286 = CARTESIAN_POINT ( 'NONE',  ( -0.9500000000000029532, 4.400000000000008349, -12.49999999999999822 ) ) ;
#3287 = VECTOR ( 'NONE', #2256, 1000.000000000000114 ) ;
#3288 = ADVANCED_FACE ( 'NONE', ( #273 ), #346, .F. ) ;
#3289 = EDGE_CURVE ( 'NONE', #2868, #2676, #3306, .T. ) ;
#3290 = VECTOR ( 'NONE', #1176, 1000.000000000000000 ) ;
#3291 = DIRECTION ( 'NONE',  ( 0.7071067811865486830, -8.659560562354947649E-17, 0.7071067811865464625 ) ) ;
#3292 = ORIENTED_EDGE ( 'NONE', *, *, #109, .F. ) ;
#3293 = VECTOR ( 'NONE', #2414, 999.9999999999998863 ) ;
#3294 = VERTEX_POINT ( 'NONE', #3393 ) ;
#3295 = CIRCLE ( 'NONE', #1329, 1.000000000000000888 ) ;
#3296 = DIRECTION ( 'NONE',  ( 0.000000000000000000, 0.000000000000000000, 1.000000000000000000 ) ) ;
#3297 = CARTESIAN_POINT ( 'NONE',  ( 18.25000000000000355, 2.143131898507866325E-16, -1.399999999999988809 ) ) ;
#3298 = VERTEX_POINT ( 'NONE', #3056 ) ;
#3299 = AXIS2_PLACEMENT_3D ( 'NONE', #3438, #492, #1686 ) ;
#3300 = CARTESIAN_POINT ( 'NONE',  ( -0.9500000000000029532, 0.9000000000000080158, -24.89999999999999858 ) ) ;
#3301 = PLANE ( 'NONE',  #101 ) ;
#3302 = FACE_OUTER_BOUND ( 'NONE', #3376, .T. ) ;
#3303 = AXIS2_PLACEMENT_3D ( 'NONE', #530, #870, #3867 ) ;
#3304 = DIRECTION ( 'NONE',  ( 1.000000000000000000, 0.000000000000000000, 0.000000000000000000 ) ) ;
#3305 = PLANE ( 'NONE',  #1071 ) ;
#3306 = CIRCLE ( 'NONE', #159, 0.9999999999999940048 ) ;
#3307 = ORIENTED_EDGE ( 'NONE', *, *, #3876, .F. ) ;
#3308 = CIRCLE ( 'NONE', #540, 1.750000000000001554 ) ;
#3309 = DIRECTION ( 'NONE',  ( -0.7071067811865465735, -0.7071067811865485719, 0.000000000000000000 ) ) ;
#3310 = ORIENTED_EDGE ( 'NONE', *, *, #1738, .F. ) ;
#3311 = DIRECTION ( 'NONE',  ( 0.000000000000000000, -0.000000000000000000, -1.000000000000000000 ) ) ;
#3312 = EDGE_CURVE ( 'NONE', #1816, #988, #669, .T. ) ;
#3313 = ORIENTED_EDGE ( 'NONE', *, *, #160, .T. ) ;
#3314 = DIRECTION ( 'NONE',  ( 0.000000000000000000, -1.000000000000000000, 0.000000000000000000 ) ) ;
#3315 = DIRECTION ( 'NONE',  ( -0.8829475928589280986, -0.4694715627858885854, 0.000000000000000000 ) ) ;
#3316 = EDGE_LOOP ( 'NONE', ( #3089, #1476, #2913, #1215, #3578, #839, #848, #536, #2900, #1849 ) ) ;
#3317 = ADVANCED_FACE ( 'NONE', ( #14 ), #351, .T. ) ;
#3318 = ORIENTED_EDGE ( 'NONE', *, *, #1956, .T. ) ;
#3319 = CARTESIAN_POINT ( 'NONE',  ( 0.000000000000000000, 0.9000000000000080158, -24.39999999999999858 ) ) ;
#3320 =( NAMED_UNIT ( * ) PLANE_ANGLE_UNIT ( ) SI_UNIT ( $, .RADIAN. ) );
#3321 = DIRECTION ( 'NONE',  ( 0.000000000000000000, -1.000000000000000000, 0.000000000000000000 ) ) ;
#3322 = ORIENTED_EDGE ( 'NONE', *, *, #2444, .F. ) ;
#3323 = DIRECTION ( 'NONE',  ( -1.000000000000000000, -0.000000000000000000, -0.000000000000000000 ) ) ;
#3324 = DIRECTION ( 'NONE',  ( -1.000000000000000000, 0.000000000000000000, 0.000000000000000000 ) ) ;
#3325 = CARTESIAN_POINT ( 'NONE',  ( -8.184232728006467283, -6.099999999999994316, -15.00000000000000000 ) ) ;
#3326 = VERTEX_POINT ( 'NONE', #3704 ) ;
#3327 = VERTEX_POINT ( 'NONE', #2713 ) ;
#3328 = DIRECTION ( 'NONE',  ( -1.000000000000000000, 0.000000000000000000, 0.000000000000000000 ) ) ;
#3329 = ORIENTED_EDGE ( 'NONE', *, *, #568, .T. ) ;
#3330 = EDGE_CURVE ( 'NONE', #3849, #237, #2771, .T. ) ;
#3331 = DIRECTION ( 'NONE',  ( 1.000000000000000000, 0.000000000000000000, 0.000000000000000000 ) ) ;
#3332 = CARTESIAN_POINT ( 'NONE',  ( -0.000000000000000000, 11.00000000000000000, -3.000000000000000000 ) ) ;
#3333 = ORIENTED_EDGE ( 'NONE', *, *, #1435, .F. ) ;
#3334 = EDGE_CURVE ( 'NONE', #3773, #624, #2675, .T. ) ;
#3335 = ORIENTED_EDGE ( 'NONE', *, *, #2097, .F. ) ;
#3336 = EDGE_CURVE ( 'NONE', #3696, #493, #3308, .T. ) ;
#3337 = CARTESIAN_POINT ( 'NONE',  ( -5.884232728006462132, -6.000000000000000000, -12.49999999999999822 ) ) ;
#3338 = DIRECTION ( 'NONE',  ( 0.000000000000000000, 0.000000000000000000, 1.000000000000000000 ) ) ;
#3339 = EDGE_LOOP ( 'NONE', ( #3151, #1934, #2295, #64 ) ) ;
#3340 = CARTESIAN_POINT ( 'NONE',  ( 1.569511716359968615E-15, -9.500000000000001776, -15.00000000000000000 ) ) ;
#3341 = DIRECTION ( 'NONE',  ( 0.000000000000000000, 0.000000000000000000, 1.000000000000000000 ) ) ;
#3342 = COLOUR_RGB ( '',0.09803921568627450844, 0.09803921568627450844, 0.09803921568627450844 ) ;
#3343 = DIRECTION ( 'NONE',  ( -1.000000000000000000, 0.000000000000000000, 0.000000000000000000 ) ) ;
#3344 = ORIENTED_EDGE ( 'NONE', *, *, #1211, .F. ) ;
#3345 = CARTESIAN_POINT ( 'NONE',  ( -20.00000000000000355, 0.000000000000000000, -3.000000000000000000 ) ) ;
#3346 = ORIENTED_EDGE ( 'NONE', *, *, #2656, .T. ) ;
#3347 = ORIENTED_EDGE ( 'NONE', *, *, #129, .T. ) ;
#3348 = AXIS2_PLACEMENT_3D ( 'NONE', #2107, #3884, #1226 ) ;
#3349 = CARTESIAN_POINT ( 'NONE',  ( 0.000000000000000000, -1.899999999999999023, -0.6999999999999992895 ) ) ;
#3350 = EDGE_LOOP ( 'NONE', ( #3068, #2334, #875, #729 ) ) ;
#3351 = ORIENTED_EDGE ( 'NONE', *, *, #1512, .F. ) ;
#3352 = AXIS2_PLACEMENT_3D ( 'NONE', #2501, #3083, #376 ) ;
#3353 = CARTESIAN_POINT ( 'NONE',  ( -4.484232728006465329, 0.2999999999999999334, -19.00000000000000000 ) ) ;
#3354 = VERTEX_POINT ( 'NONE', #3630 ) ;
#3355 = CARTESIAN_POINT ( 'NONE',  ( -7.784232728006462487, -0.3999999999999958589, -12.49999999999999822 ) ) ;
#3356 = CARTESIAN_POINT ( 'NONE',  ( 5.884232728006456803, -2.399999999999998135, -21.35999999999999588 ) ) ;
#3357 = VECTOR ( 'NONE', #1033, 1000.000000000000000 ) ;
#3358 = ORIENTED_EDGE ( 'NONE', *, *, #2706, .T. ) ;
#3359 = VECTOR ( 'NONE', #1737, 1000.000000000000000 ) ;
#3360 = DIRECTION ( 'NONE',  ( 0.000000000000000000, 0.000000000000000000, -1.000000000000000000 ) ) ;
#3361 = DIRECTION ( 'NONE',  ( 0.000000000000000000, -1.000000000000000000, 0.000000000000000000 ) ) ;
#3362 = FILL_AREA_STYLE ('',( #2787 ) ) ;
#3363 = AXIS2_PLACEMENT_3D ( 'NONE', #3180, #2860, #3140 ) ;
#3364 = EDGE_CURVE ( 'NONE', #319, #1671, #3664, .T. ) ;
#3365 = EDGE_CURVE ( 'NONE', #2859, #539, #1793, .T. ) ;
#3366 = CARTESIAN_POINT ( 'NONE',  ( 12.50000000000000533, -6.000000000000000000, -3.000000000000000000 ) ) ;
#3367 = EDGE_LOOP ( 'NONE', ( #1958, #1873, #1639, #1157 ) ) ;
#3368 = AXIS2_PLACEMENT_3D ( 'NONE', #474, #2872, #1089 ) ;
#3369 = DIRECTION ( 'NONE',  ( 0.000000000000000000, 0.000000000000000000, -1.000000000000000000 ) ) ;
#3370 = ORIENTED_EDGE ( 'NONE', *, *, #250, .F. ) ;
#3371 = EDGE_CURVE ( 'NONE', #2908, #1171, #2291, .T. ) ;
#3372 = SURFACE_SIDE_STYLE ('',( #2494 ) ) ;
#3373 = DIRECTION ( 'NONE',  ( 1.000000000000000000, 0.000000000000000000, 0.000000000000000000 ) ) ;
#3374 = VERTEX_POINT ( 'NONE', #3325 ) ;
#3375 = FACE_OUTER_BOUND ( 'NONE', #3266, .T. ) ;
#3376 = EDGE_LOOP ( 'NONE', ( #3205, #3057, #1190, #1462 ) ) ;
#3377 = LINE ( 'NONE', #1251, #206 ) ;
#3378 = CARTESIAN_POINT ( 'NONE',  ( 9.962281222137846726, 11.00000000000000178, -3.000000000000000000 ) ) ;
#3379 = AXIS2_PLACEMENT_3D ( 'NONE', #2250, #706, #1933 ) ;
#3380 = VECTOR ( 'NONE', #920, 1000.000000000000000 ) ;
#3381 = DIRECTION ( 'NONE',  ( 0.000000000000000000, 0.000000000000000000, -1.000000000000000000 ) ) ;
#3382 = CARTESIAN_POINT ( 'NONE',  ( 0.000000000000000000, -4.399999999999997691, -24.39999999999999858 ) ) ;
#3383 = DIRECTION ( 'NONE',  ( 0.000000000000000000, 0.000000000000000000, -1.000000000000000000 ) ) ;
#3384 = DIRECTION ( 'NONE',  ( 1.000000000000000000, 0.000000000000000000, -0.000000000000000000 ) ) ;
#3385 = DIRECTION ( 'NONE',  ( 0.000000000000000000, -0.000000000000000000, -1.000000000000000000 ) ) ;
#3386 = EDGE_LOOP ( 'NONE', ( #2249, #2866, #1244, #2224 ) ) ;
#3387 = EDGE_CURVE ( 'NONE', #369, #3554, #1863, .T. ) ;
#3388 =( NAMED_UNIT ( * ) SI_UNIT ( $, .STERADIAN. ) SOLID_ANGLE_UNIT ( ) );
#3389 = DIRECTION ( 'NONE',  ( 0.000000000000000000, -0.000000000000000000, -1.000000000000000000 ) ) ;
#3390 = EDGE_CURVE ( 'NONE', #3298, #1942, #1539, .T. ) ;
#3391 = ORIENTED_EDGE ( 'NONE', *, *, #1161, .F. ) ;
#3392 = ADVANCED_FACE ( 'NONE', ( #1269 ), #1554, .F. ) ;
#3393 = CARTESIAN_POINT ( 'NONE',  ( -0.9500000000000029532, 2.400000000000007017, -23.35999999999999943 ) ) ;
#3394 = ORIENTED_EDGE ( 'NONE', *, *, #1909, .F. ) ;
#3395 = FACE_OUTER_BOUND ( 'NONE', #2347, .T. ) ;
#3396 = ORIENTED_EDGE ( 'NONE', *, *, #397, .T. ) ;
#3397 = DIRECTION ( 'NONE',  ( -0.000000000000000000, -0.000000000000000000, -1.000000000000000000 ) ) ;
#3398 = CARTESIAN_POINT ( 'NONE',  ( 5.884232728006456803, -0.3999999999999975797, -24.39999999999999858 ) ) ;
#3399 = DIRECTION ( 'NONE',  ( 0.000000000000000000, -0.000000000000000000, 1.000000000000000000 ) ) ;
#3400 = DIRECTION ( 'NONE',  ( -0.000000000000000000, -0.000000000000000000, 1.000000000000000000 ) ) ;
#3401 = FILL_AREA_STYLE_COLOUR ( '', #1090 ) ;
#3402 = FACE_OUTER_BOUND ( 'NONE', #2687, .T. ) ;
#3403 = LINE ( 'NONE', #2473, #2659 ) ;
#3404 = VECTOR ( 'NONE', #2601, 999.9999999999998863 ) ;
#3405 = CARTESIAN_POINT ( 'NONE',  ( 8.184232728006463731, -5.100000000000004086, -15.00000000000000000 ) ) ;
#3406 = CYLINDRICAL_SURFACE ( 'NONE', #415, 1.750000000000001554 ) ;
#3407 = PRESENTATION_LAYER_ASSIGNMENT (  '', '', ( #3210 ) ) ;
#3408 = VERTEX_POINT ( 'NONE', #1230 ) ;
#3409 = ADVANCED_FACE ( 'NONE', ( #2753 ), #926, .F. ) ;
#3410 = EDGE_CURVE ( 'NONE', #3696, #3733, #3686, .T. ) ;
#3411 = VECTOR ( 'NONE', #2648, 1000.000000000000114 ) ;
#3412 = CARTESIAN_POINT ( 'NONE',  ( -10.50000000000000355, -6.000000000000000000, -12.49999999999999645 ) ) ;
#3413 = VERTEX_POINT ( 'NONE', #609 ) ;
#3414 = FACE_OUTER_BOUND ( 'NONE', #193, .T. ) ;
#3415 = DIRECTION ( 'NONE',  ( 0.000000000000000000, 0.000000000000000000, -1.000000000000000000 ) ) ;
#3416 = VECTOR ( 'NONE', #383, 1000.000000000000000 ) ;
#3417 = COLOUR_RGB ( '',0.5686274509803921351, 0.5490196078431373028, 0.5098039215686274161 ) ;
#3418 = VECTOR ( 'NONE', #3668, 1000.000000000000000 ) ;
#3419 = CARTESIAN_POINT ( 'NONE',  ( -9.184232728006454849, 0.2999999999999999334, -19.00000000000000000 ) ) ;
#3420 = CARTESIAN_POINT ( 'NONE',  ( -8.184232728006467283, -6.099999999999999645, -19.00000000000000000 ) ) ;
#3421 = ORIENTED_EDGE ( 'NONE', *, *, #1102, .T. ) ;
#3422 = DIRECTION ( 'NONE',  ( 1.000000000000000000, 0.000000000000000000, 0.000000000000000000 ) ) ;
#3423 = FACE_OUTER_BOUND ( 'NONE', #449, .T. ) ;
#3424 = FACE_OUTER_BOUND ( 'NONE', #2505, .T. ) ;
#3425 = VECTOR ( 'NONE', #1424, 1000.000000000000000 ) ;
#3426 = FACE_OUTER_BOUND ( 'NONE', #3198, .T. ) ;
#3427 = CARTESIAN_POINT ( 'NONE',  ( 2.349999999999994316, -0.2999999999999947153, -19.00000000000000000 ) ) ;
#3428 = DIRECTION ( 'NONE',  ( -1.000000000000000000, 0.000000000000000000, 0.000000000000000000 ) ) ;
#3429 = VECTOR ( 'NONE', #1647, 1000.000000000000000 ) ;
#3430 = ORIENTED_EDGE ( 'NONE', *, *, #1640, .T. ) ;
#3431 = DIRECTION ( 'NONE',  ( 0.000000000000000000, -1.000000000000000000, 0.000000000000000000 ) ) ;
#3432 = LINE ( 'NONE', #2608, #3734 ) ;
#3433 = EDGE_CURVE ( 'NONE', #2529, #454, #1804, .T. ) ;
#3434 = DIRECTION ( 'NONE',  ( -1.000000000000000000, 0.000000000000000000, 0.000000000000000000 ) ) ;
#3435 = CIRCLE ( 'NONE', #1400, 0.9999999999999940048 ) ;
#3436 = CARTESIAN_POINT ( 'NONE',  ( -4.484232728006465329, -5.099999999999998757, -19.00000000000000000 ) ) ;
#3437 = EDGE_CURVE ( 'NONE', #2183, #1864, #1914, .T. ) ;
#3438 = CARTESIAN_POINT ( 'NONE',  ( -7.784232728006462487, -3.899999999999995914, -24.39999999999999858 ) ) ;
#3439 = ORIENTED_EDGE ( 'NONE', *, *, #1362, .T. ) ;
#3440 = EDGE_LOOP ( 'NONE', ( #558, #1926, #3520, #2376 ) ) ;
#3441 = SURFACE_SIDE_STYLE ('',( #426 ) ) ;
#3442 = ORIENTED_EDGE ( 'NONE', *, *, #1562, .T. ) ;
#3443 =( NAMED_UNIT ( * ) PLANE_ANGLE_UNIT ( ) SI_UNIT ( $, .RADIAN. ) );
#3444 = CARTESIAN_POINT ( 'NONE',  ( 5.484232728006452007, -5.100000000000004086, -15.00000000000000000 ) ) ;
#3445 = VERTEX_POINT ( 'NONE', #432 ) ;
#3446 = STYLED_ITEM ( 'NONE', ( #2280 ), #67 ) ;
#3447 = DIRECTION ( 'NONE',  ( 1.000000000000000000, 0.000000000000000000, 0.000000000000000000 ) ) ;
#3448 = ORIENTED_EDGE ( 'NONE', *, *, #2927, .T. ) ;
#3449 = CARTESIAN_POINT ( 'NONE',  ( -10.50000000000000355, -8.000000000000001776, -12.49999999999999645 ) ) ;
#3450 = LINE ( 'NONE', #745, #1654 ) ;
#3451 = ORIENTED_EDGE ( 'NONE', *, *, #3365, .F. ) ;
#3452 = ADVANCED_FACE ( 'NONE', ( #1029 ), #113, .T. ) ;
#3453 = CARTESIAN_POINT ( 'NONE',  ( 9.184232728006458402, 0.2999999999999982681, -19.00000000000000000 ) ) ;
#3454 = EDGE_LOOP ( 'NONE', ( #648, #743, #2715, #3819 ) ) ;
#3455 = CARTESIAN_POINT ( 'NONE',  ( -5.484232728006455559, 1.299999999999997380, -15.00000000000000000 ) ) ;
#3456 = ORIENTED_EDGE ( 'NONE', *, *, #2024, .T. ) ;
#3457 = ADVANCED_FACE ( 'NONE', ( #2817 ), #3720, .T. ) ;
#3458 = EDGE_CURVE ( 'NONE', #2053, #1689, #728, .T. ) ;
#3459 = CARTESIAN_POINT ( 'NONE',  ( 0.9499999999999959588, 2.174999999999999378, 0.5557368354874414607 ) ) ;
#3460 = ORIENTED_EDGE ( 'NONE', *, *, #2172, .T. ) ;
#3461 = LINE ( 'NONE', #2286, #10 ) ;
#3462 = DIRECTION ( 'NONE',  ( -1.000000000000000000, 0.000000000000000000, 0.000000000000000000 ) ) ;
#3463 = CARTESIAN_POINT ( 'NONE',  ( -4.484232728006465329, -5.099999999999998757, -19.00000000000000000 ) ) ;
#3464 = ORIENTED_EDGE ( 'NONE', *, *, #3479, .T. ) ;
#3465 = FILL_AREA_STYLE ('',( #1375 ) ) ;
#3466 = ORIENTED_EDGE ( 'NONE', *, *, #2811, .T. ) ;
#3467 = DIRECTION ( 'NONE',  ( -1.000000000000000000, 0.000000000000000000, 0.000000000000000000 ) ) ;
#3468 = AXIS2_PLACEMENT_3D ( 'NONE', #1028, #2230, #1410 ) ;
#3469 = CARTESIAN_POINT ( 'NONE',  ( -22.34735781392944887, 4.414737964294641159, -3.000000000000000000 ) ) ;
#3470 = FACE_OUTER_BOUND ( 'NONE', #2597, .T. ) ;
#3471 = AXIS2_PLACEMENT_3D ( 'NONE', #3003, #2349, #2045 ) ;
#3472 = ORIENTED_EDGE ( 'NONE', *, *, #933, .F. ) ;
#3473 = CLOSED_SHELL ( 'NONE', ( #246, #232, #1928, #964, #2492, #587, #1789, #1039, #2488, #1763, #3392, #2852 ) ) ;
#3474 = EDGE_LOOP ( 'NONE', ( #2147, #3351, #3573, #3570 ) ) ;
#3475 = AXIS2_PLACEMENT_3D ( 'NONE', #3913, #3233, #3829 ) ;
#3476 = FILL_AREA_STYLE_COLOUR ( '', #1701 ) ;
#3477 = CARTESIAN_POINT ( 'NONE',  ( -5.484232728006455559, 0.2999999999999999334, -15.00000000000000000 ) ) ;
#3478 = CARTESIAN_POINT ( 'NONE',  ( -7.784232728006462487, -4.399999999999995914, -24.39999999999999858 ) ) ;
#3479 = EDGE_CURVE ( 'NONE', #2799, #1469, #32, .T. ) ;
#3480 = EDGE_CURVE ( 'NONE', #166, #2937, #2231, .T. ) ;
#3481 = AXIS2_PLACEMENT_3D ( 'NONE', #116, #1607, #3749 ) ;
#3482 = CARTESIAN_POINT ( 'NONE',  ( 0.000000000000000000, 3.900000000000007905, -24.39999999999999858 ) ) ;
#3483 = EDGE_CURVE ( 'NONE', #3522, #2658, #3064, .T. ) ;
#3484 = AXIS2_PLACEMENT_3D ( 'NONE', #1904, #20, #80 ) ;
#3485 = CARTESIAN_POINT ( 'NONE',  ( -25.00000000000000355, 0.000000000000000000, -3.000000000000000000 ) ) ;
#3486 = VECTOR ( 'NONE', #2215, 1000.000000000000000 ) ;
#3487 = ORIENTED_EDGE ( 'NONE', *, *, #566, .T. ) ;
#3488 = LINE ( 'NONE', #3177, #3486 ) ;
#3489 = DIRECTION ( 'NONE',  ( 1.000000000000000000, -0.000000000000000000, -0.000000000000000000 ) ) ;
#3490 = LINE ( 'NONE', #1669, #2206 ) ;
#3491 =( LENGTH_UNIT ( ) NAMED_UNIT ( * ) SI_UNIT ( .MILLI., .METRE. ) );
#3492 = LINE ( 'NONE', #1980, #1145 ) ;
#3493 = ORIENTED_EDGE ( 'NONE', *, *, #2192, .T. ) ;
#3494 = VERTEX_POINT ( 'NONE', #3463 ) ;
#3495 =( GEOMETRIC_REPRESENTATION_CONTEXT ( 3 ) GLOBAL_UNCERTAINTY_ASSIGNED_CONTEXT ( ( #3739 ) ) GLOBAL_UNIT_ASSIGNED_CONTEXT ( ( #966, #1225, #698 ) ) REPRESENTATION_CONTEXT ( 'NONE', 'WORKASPACE' ) );
#3496 = DIRECTION ( 'NONE',  ( 0.000000000000000000, 0.000000000000000000, -1.000000000000000000 ) ) ;
#3497 = CYLINDRICAL_SURFACE ( 'NONE', #1132, 1.750000000000001554 ) ;
#3498 = DIRECTION ( 'NONE',  ( 0.000000000000000000, 0.000000000000000000, 1.000000000000000000 ) ) ;
#3499 = LINE ( 'NONE', #444, #3613 ) ;
#3500 = CONICAL_SURFACE ( 'NONE', #3632, 1.750000000000001554, 0.7853981633974498333 ) ;
#3501 = ORIENTED_EDGE ( 'NONE', *, *, #3214, .T. ) ;
#3502 = EDGE_CURVE ( 'NONE', #3641, #1403, #1528, .T. ) ;
#3503 = VERTEX_POINT ( 'NONE', #2189 ) ;
#3504 =( LENGTH_UNIT ( ) NAMED_UNIT ( * ) SI_UNIT ( .MILLI., .METRE. ) );
#3505 = EDGE_CURVE ( 'NONE', #1775, #3408, #131, .T. ) ;
#3506 = ADVANCED_FACE ( 'NONE', ( #3115 ), #153, .F. ) ;
#3507 = CARTESIAN_POINT ( 'NONE',  ( 15.75000000000000711, 7.922615338006460561, 1.500000000000000000 ) ) ;
#3508 = EDGE_LOOP ( 'NONE', ( #3592, #3667, #2104, #3610 ) ) ;
#3509 = CARTESIAN_POINT ( 'NONE',  ( -4.484232728006461777, -5.100000000000002309, -15.00000000000000000 ) ) ;
#3510 = LINE ( 'NONE', #3213, #1274 ) ;
#3511 = ORIENTED_EDGE ( 'NONE', *, *, #3702, .T. ) ;
#3512 = ORIENTED_EDGE ( 'NONE', *, *, #1974, .T. ) ;
#3513 = CYLINDRICAL_SURFACE ( 'NONE', #389, 0.5000000000000004441 ) ;
#3514 = DIRECTION ( 'NONE',  ( 0.8829475928589280986, -0.4694715627858885298, 0.000000000000000000 ) ) ;
#3515 = CYLINDRICAL_SURFACE ( 'NONE', #1730, 0.5000000000000004441 ) ;
#3516 = DIRECTION ( 'NONE',  ( 1.000000000000000000, 0.000000000000000000, 0.000000000000000000 ) ) ;
#3517 = ORIENTED_EDGE ( 'NONE', *, *, #3208, .F. ) ;
#3518 = DIRECTION ( 'NONE',  ( 0.000000000000000000, -1.000000000000000000, 0.000000000000000000 ) ) ;
#3519 = DIRECTION ( 'NONE',  ( 1.000000000000000000, 0.000000000000000000, 0.000000000000000000 ) ) ;
#3520 = ORIENTED_EDGE ( 'NONE', *, *, #2893, .F. ) ;
#3521 = LINE ( 'NONE', #1396, #2327 ) ;
#3522 = VERTEX_POINT ( 'NONE', #1642 ) ;
#3523 = DIRECTION ( 'NONE',  ( 1.000000000000000000, 0.000000000000000000, 0.000000000000000000 ) ) ;
#3524 = ORIENTED_EDGE ( 'NONE', *, *, #2415, .F. ) ;
#3525 = ADVANCED_FACE ( 'NONE', ( #2849 ), #3406, .F. ) ;
#3526 = EDGE_CURVE ( 'NONE', #1768, #3641, #922, .T. ) ;
#3527 = CIRCLE ( 'NONE', #3154, 3.149999999999993250 ) ;
#3528 = EDGE_LOOP ( 'NONE', ( #1596, #1602, #3051, #3759, #3501, #622, #2891, #2284 ) ) ;
#3529 = EDGE_LOOP ( 'NONE', ( #3292, #2548, #571, #508 ) ) ;
#3530 = DIRECTION ( 'NONE',  ( 0.000000000000000000, -1.000000000000000000, -0.000000000000000000 ) ) ;
#3531 = LINE ( 'NONE', #2662, #3741 ) ;
#3532 = EDGE_LOOP ( 'NONE', ( #485, #1376, #549, #3631 ) ) ;
#3533 = AXIS2_PLACEMENT_3D ( 'NONE', #3482, #2289, #786 ) ;
#3534 = ORIENTED_EDGE ( 'NONE', *, *, #1349, .T. ) ;
#3535 = DIRECTION ( 'NONE',  ( 1.000000000000000000, 0.000000000000000000, 0.000000000000000000 ) ) ;
#3536 = AXIS2_PLACEMENT_3D ( 'NONE', #2702, #1755, #1406 ) ;
#3537 = DIRECTION ( 'NONE',  ( -0.4694715627858885298, 0.8829475928589280986, 0.000000000000000000 ) ) ;
#3538 = CARTESIAN_POINT ( 'NONE',  ( 0.000000000000000000, 0.000000000000000000, 0.000000000000000000 ) ) ;
#3539 = CARTESIAN_POINT ( 'NONE',  ( -8.184232728006467283, -5.100000000000002309, -15.00000000000000000 ) ) ;
#3540 = UNCERTAINTY_MEASURE_WITH_UNIT (LENGTH_MEASURE( 1.000000000000000082E-05 ), #1593, 'distance_accuracy_value', 'NONE');
#3541 = AXIS2_PLACEMENT_3D ( 'NONE', #3730, #1021, #477 ) ;
#3542 = EDGE_LOOP ( 'NONE', ( #2302, #1025, #1704, #1729 ) ) ;
#3543 = CARTESIAN_POINT ( 'NONE',  ( -20.00000000000000355, 0.000000000000000000, -1.399999999999988809 ) ) ;
#3544 = DIRECTION ( 'NONE',  ( 0.000000000000000000, 0.000000000000000000, -1.000000000000000000 ) ) ;
#3545 = VECTOR ( 'NONE', #3397, 1000.000000000000000 ) ;
#3546 = EDGE_LOOP ( 'NONE', ( #737, #1848 ) ) ;
#3547 = AXIS2_PLACEMENT_3D ( 'NONE', #3007, #1227, #328 ) ;
#3548 = PRESENTATION_STYLE_ASSIGNMENT (( #2933 ) ) ;
#3549 = ORIENTED_EDGE ( 'NONE', *, *, #1907, .F. ) ;
#3550 = CARTESIAN_POINT ( 'NONE',  ( -15.75000000000000711, 0.000000000000000000, 0.000000000000000000 ) ) ;
#3551 = VECTOR ( 'NONE', #169, 1000.000000000000000 ) ;
#3552 = ORIENTED_EDGE ( 'NONE', *, *, #1835, .F. ) ;
#3553 = PRESENTATION_LAYER_ASSIGNMENT (  '', '', ( #1080 ) ) ;
#3554 = VERTEX_POINT ( 'NONE', #2744 ) ;
#3555 = EDGE_CURVE ( 'NONE', #2383, #3032, #406, .T. ) ;
#3556 = LINE ( 'NONE', #2039, #2973 ) ;
#3557 = FACE_OUTER_BOUND ( 'NONE', #1611, .T. ) ;
#3558 = ORIENTED_EDGE ( 'NONE', *, *, #1102, .F. ) ;
#3559 = ORIENTED_EDGE ( 'NONE', *, *, #3866, .T. ) ;
#3560 = PLANE ( 'NONE',  #580 ) ;
#3561 = ADVANCED_FACE ( 'NONE', ( #2470 ), #3024, .T. ) ;
#3562 = ADVANCED_FACE ( 'NONE', ( #662 ), #1507, .T. ) ;
#3563 = FACE_BOUND ( 'NONE', #3350, .T. ) ;
#3564 = CARTESIAN_POINT ( 'NONE',  ( -12.50000000000000533, -6.000000000000000000, -3.000000000000000000 ) ) ;
#3565 = CARTESIAN_POINT ( 'NONE',  ( -4.484232728006465329, 0.2999999999999999334, -15.00000000000000000 ) ) ;
#3566 = LINE ( 'NONE', #2693, #2906 ) ;
#3567 = DIRECTION ( 'NONE',  ( 1.000000000000000000, 0.000000000000000000, 0.000000000000000000 ) ) ;
#3568 = CIRCLE ( 'NONE', #161, 1.000000000000000888 ) ;
#3569 = ORIENTED_EDGE ( 'NONE', *, *, #3188, .T. ) ;
#3570 = ORIENTED_EDGE ( 'NONE', *, *, #1795, .T. ) ;
#3571 = CARTESIAN_POINT ( 'NONE',  ( 21.75000000000000711, 0.000000000000000000, -3.000000000000000000 ) ) ;
#3572 = DIRECTION ( 'NONE',  ( -1.000000000000000000, 0.000000000000000000, 0.000000000000000000 ) ) ;
#3573 = ORIENTED_EDGE ( 'NONE', *, *, #566, .F. ) ;
#3574 = ORIENTED_EDGE ( 'NONE', *, *, #1811, .T. ) ;
#3575 = CARTESIAN_POINT ( 'NONE',  ( 4.484232728006465329, 0.2999999999999981570, -15.00000000000000000 ) ) ;
#3576 = DIRECTION ( 'NONE',  ( 1.000000000000000000, -0.000000000000000000, -0.000000000000000000 ) ) ;
#3577 = VERTEX_POINT ( 'NONE', #2448 ) ;
#3578 = ORIENTED_EDGE ( 'NONE', *, *, #1467, .F. ) ;
#3579 = DIRECTION ( 'NONE',  ( 0.000000000000000000, -1.000000000000000000, 0.000000000000000000 ) ) ;
#3580 = PLANE ( 'NONE',  #1316 ) ;
#3581 = CARTESIAN_POINT ( 'NONE',  ( 7.784232728006455382, -4.399999999999997691, -24.39999999999999858 ) ) ;
#3582 = EDGE_CURVE ( 'NONE', #523, #3294, #3568, .T. ) ;
#3583 = ADVANCED_FACE ( 'NONE', ( #3657 ), #1874, .T. ) ;
#3584 = CARTESIAN_POINT ( 'NONE',  ( -7.784232728006462487, -0.3999999999999958589, -19.00000000000000000 ) ) ;
#3585 = DIRECTION ( 'NONE',  ( 0.000000000000000000, 0.000000000000000000, 1.000000000000000000 ) ) ;
#3586 = ORIENTED_EDGE ( 'NONE', *, *, #517, .T. ) ;
#3587 = PLANE ( 'NONE',  #1336 ) ;
#3588 = VERTEX_POINT ( 'NONE', #1530 ) ;
#3589 = ORIENTED_EDGE ( 'NONE', *, *, #2731, .T. ) ;
#3590 = LINE ( 'NONE', #596, #1014 ) ;
#3591 = CARTESIAN_POINT ( 'NONE',  ( 1.350000000000004086, 6.100000000000001421, -19.00000000000000000 ) ) ;
#3592 = ORIENTED_EDGE ( 'NONE', *, *, #2927, .F. ) ;
#3593 = AXIS2_PLACEMENT_3D ( 'NONE', #2133, #2044, #2642 ) ;
#3594 = CARTESIAN_POINT ( 'NONE',  ( 20.00000000000000355, 0.000000000000000000, -3.000000000000000000 ) ) ;
#3595 = CYLINDRICAL_SURFACE ( 'NONE', #226, 1.000000000000000888 ) ;
#3596 = CARTESIAN_POINT ( 'NONE',  ( 7.784232728006455382, -0.8999999999999975797, -24.89999999999999858 ) ) ;
#3597 = AXIS2_PLACEMENT_3D ( 'NONE', #211, #832, #2252 ) ;
#3598 = VECTOR ( 'NONE', #3026, 1000.000000000000000 ) ;
#3599 = DIRECTION ( 'NONE',  ( 1.000000000000000000, -0.000000000000000000, -0.000000000000000000 ) ) ;
#3600 = EDGE_CURVE ( 'NONE', #1137, #208, #2489, .T. ) ;
#3601 = CARTESIAN_POINT ( 'NONE',  ( -2.349999999999994316, -0.2999999999999946043, -15.00000000000000000 ) ) ;
#3602 = EDGE_CURVE ( 'NONE', #1866, #3831, #3087, .T. ) ;
#3603 = AXIS2_PLACEMENT_3D ( 'NONE', #408, #1299, #1243 ) ;
#3604 = VECTOR ( 'NONE', #2369, 1000.000000000000000 ) ;
#3605 = VECTOR ( 'NONE', #982, 1000.000000000000000 ) ;
#3606 = PLANE ( 'NONE',  #132 ) ;
#3607 = EDGE_CURVE ( 'NONE', #3641, #1212, #1855, .T. ) ;
#3608 = ADVANCED_FACE ( 'NONE', ( #1285, #3697 ), #1716, .T. ) ;
#3609 = FACE_OUTER_BOUND ( 'NONE', #1879, .T. ) ;
#3610 = ORIENTED_EDGE ( 'NONE', *, *, #489, .F. ) ;
#3611 = AXIS2_PLACEMENT_3D ( 'NONE', #1600, #970, #3112 ) ;
#3612 = ORIENTED_EDGE ( 'NONE', *, *, #1909, .T. ) ;
#3613 = VECTOR ( 'NONE', #767, 1000.000000000000000 ) ;
#3614 = DIRECTION ( 'NONE',  ( 0.000000000000000000, -1.000000000000000000, 0.000000000000000000 ) ) ;
#3615 = CARTESIAN_POINT ( 'NONE',  ( -8.184232728006463731, 1.299999999999997380, -15.00000000000000000 ) ) ;
#3616 = ORIENTED_EDGE ( 'NONE', *, *, #3821, .T. ) ;
#3617 = VECTOR ( 'NONE', #3315, 1000.000000000000114 ) ;
#3618 = ORIENTED_EDGE ( 'NONE', *, *, #2463, .F. ) ;
#3619 = CARTESIAN_POINT ( 'NONE',  ( 7.550252531694177094, 8.000000000000000000, -3.000000000000000000 ) ) ;
#3620 = SURFACE_STYLE_USAGE ( .BOTH. , #2371 ) ;
#3621 = DIRECTION ( 'NONE',  ( 1.000000000000000000, 0.000000000000000000, 0.000000000000000000 ) ) ;
#3622 = AXIS2_PLACEMENT_3D ( 'NONE', #2914, #2055, #3572 ) ;
#3623 = VERTEX_POINT ( 'NONE', #3836 ) ;
#3624 = CARTESIAN_POINT ( 'NONE',  ( 14.00000000000000178, 2.511083665182844845E-15, -15.00000000000000000 ) ) ;
#3625 = EDGE_CURVE ( 'NONE', #3588, #2073, #3719, .T. ) ;
#3626 = EDGE_LOOP ( 'NONE', ( #464, #3276, #3370, #2590 ) ) ;
#3627 = MECHANICAL_DESIGN_GEOMETRIC_PRESENTATION_REPRESENTATION (  '', ( #3122 ), #3886 ) ;
#3628 = CARTESIAN_POINT ( 'NONE',  ( 1.350000000000000533, -1.299999999999992051, -19.00000000000000000 ) ) ;
#3629 = ORIENTED_EDGE ( 'NONE', *, *, #424, .T. ) ;
#3630 = CARTESIAN_POINT ( 'NONE',  ( -14.00000000000000178, 3.671572875253805712, -3.000000000000000000 ) ) ;
#3631 = ORIENTED_EDGE ( 'NONE', *, *, #3330, .T. ) ;
#3632 = AXIS2_PLACEMENT_3D ( 'NONE', #2644, #2881, #1304 ) ;
#3633 = EDGE_CURVE ( 'NONE', #3849, #1660, #497, .T. ) ;
#3634 = EDGE_CURVE ( 'NONE', #986, #1006, #3435, .T. ) ;
#3635 = ORIENTED_EDGE ( 'NONE', *, *, #2920, .F. ) ;
#3636 = CARTESIAN_POINT ( 'NONE',  ( 7.784232728006455382, -0.3999999999999975797, -19.00000000000000000 ) ) ;
#3637 = CARTESIAN_POINT ( 'NONE',  ( -5.884232728006463908, -0.3999999999999958589, -24.39999999999999858 ) ) ;
#3638 = ORIENTED_EDGE ( 'NONE', *, *, #3502, .F. ) ;
#3639 = CARTESIAN_POINT ( 'NONE',  ( -5.484232728006455559, -5.100000000000002309, -15.00000000000000000 ) ) ;
#3640 = DIRECTION ( 'NONE',  ( -1.000000000000000000, 0.000000000000000000, 0.000000000000000000 ) ) ;
#3641 = VERTEX_POINT ( 'NONE', #1099 ) ;
#3642 = CARTESIAN_POINT ( 'NONE',  ( 15.75000000000000711, 0.000000000000000000, 1.500000000000000000 ) ) ;
#3643 = CARTESIAN_POINT ( 'NONE',  ( 0.9499999999999959588, 3.900000000000007905, -24.89999999999999858 ) ) ;
#3644 = CARTESIAN_POINT ( 'NONE',  ( 10.50000000000000355, -8.000000000000001776, -3.000000000000000000 ) ) ;
#3645 = DIRECTION ( 'NONE',  ( -0.000000000000000000, -0.8660254037844378194, -0.5000000000000014433 ) ) ;
#3646 = FILL_AREA_STYLE ('',( #1667 ) ) ;
#3647 = LINE ( 'NONE', #2668, #3604 ) ;
#3648 = EDGE_LOOP ( 'NONE', ( #1890, #1101, #2016, #912 ) ) ;
#3649 = FACE_BOUND ( 'NONE', #1748, .T. ) ;
#3650 = EDGE_CURVE ( 'NONE', #1006, #2775, #1690, .T. ) ;
#3651 = CARTESIAN_POINT ( 'NONE',  ( 5.884232728006456803, -0.3999999999999975797, -19.00000000000000000 ) ) ;
#3652 = EDGE_CURVE ( 'NONE', #312, #859, #800, .T. ) ;
#3653 = ORIENTED_EDGE ( 'NONE', *, *, #3188, .F. ) ;
#3654 = CARTESIAN_POINT ( 'NONE',  ( 14.00000000000000355, -6.000000000000000000, -15.00000000000000000 ) ) ;
#3655 = CARTESIAN_POINT ( 'NONE',  ( 20.00000000000000355, 0.000000000000000000, 0.000000000000000000 ) ) ;
#3656 = FACE_OUTER_BOUND ( 'NONE', #3912, .T. ) ;
#3657 = FACE_OUTER_BOUND ( 'NONE', #3751, .T. ) ;
#3658 = VECTOR ( 'NONE', #1049, 1000.000000000000000 ) ;
#3659 = DIRECTION ( 'NONE',  ( -1.000000000000000000, 0.000000000000000000, 0.000000000000000000 ) ) ;
#3660 = CARTESIAN_POINT ( 'NONE',  ( 0.000000000000000000, 8.000000000000000000, -3.000000000000000000 ) ) ;
#3661 = VECTOR ( 'NONE', #3389, 1000.000000000000000 ) ;
#3662 =( NAMED_UNIT ( * ) SI_UNIT ( $, .STERADIAN. ) SOLID_ANGLE_UNIT ( ) );
#3663 = CIRCLE ( 'NONE', #3348, 0.5000000000000004441 ) ;
#3664 = LINE ( 'NONE', #74, #3754 ) ;
#3665 = VECTOR ( 'NONE', #3159, 1000.000000000000000 ) ;
#3666 = CARTESIAN_POINT ( 'NONE',  ( -7.784232728006462487, -0.3999999999999958589, -3.298076211353310416 ) ) ;
#3667 = ORIENTED_EDGE ( 'NONE', *, *, #816, .F. ) ;
#3668 = DIRECTION ( 'NONE',  ( 0.000000000000000000, 0.000000000000000000, 1.000000000000000000 ) ) ;
#3669 = CARTESIAN_POINT ( 'NONE',  ( -2.349999999999999645, -0.2999999999999946043, -19.00000000000000000 ) ) ;
#3670 = STYLED_ITEM ( 'NONE', ( #1432 ), #1951 ) ;
#3671 = ADVANCED_FACE ( 'NONE', ( #1429 ), #3500, .F. ) ;
#3672 = AXIS2_PLACEMENT_3D ( 'NONE', #2409, #1141, #3640 ) ;
#3673 = CARTESIAN_POINT ( 'NONE',  ( 0.9499999999999959588, 0.4000000000000080158, -0.6999999999999992895 ) ) ;
#3674 = DIRECTION ( 'NONE',  ( 0.000000000000000000, 0.000000000000000000, -1.000000000000000000 ) ) ;
#3675 = CARTESIAN_POINT ( 'NONE',  ( 5.884232728006456803, -0.3999999999999975797, -24.39999999999999858 ) ) ;
#3676 = VECTOR ( 'NONE', #1402, 1000.000000000000000 ) ;
#3677 = EDGE_CURVE ( 'NONE', #1866, #1444, #2027, .T. ) ;
#3678 = EDGE_CURVE ( 'NONE', #655, #2697, #112, .T. ) ;
#3679 = PRESENTATION_STYLE_ASSIGNMENT (( #362 ) ) ;
#3680 = ORIENTED_EDGE ( 'NONE', *, *, #3770, .T. ) ;
#3681 = FACE_OUTER_BOUND ( 'NONE', #1727, .T. ) ;
#3682 = VERTEX_POINT ( 'NONE', #1008 ) ;
#3683 = DIRECTION ( 'NONE',  ( -1.000000000000000000, 0.000000000000000000, 0.000000000000000000 ) ) ;
#3684 =( LENGTH_UNIT ( ) NAMED_UNIT ( * ) SI_UNIT ( .MILLI., .METRE. ) );
#3685 = EDGE_LOOP ( 'NONE', ( #297, #3318, #2012, #2700 ) ) ;
#3686 = LINE ( 'NONE', #94, #1466 ) ;
#3687 = EDGE_LOOP ( 'NONE', ( #854, #2404, #1075, #764 ) ) ;
#3688 = DIRECTION ( 'NONE',  ( 1.000000000000000000, 0.000000000000000000, 0.000000000000000000 ) ) ;
#3689 = LINE ( 'NONE', #2498, #2015 ) ;
#3690 = DIRECTION ( 'NONE',  ( 0.000000000000000000, -0.000000000000000000, -1.000000000000000000 ) ) ;
#3691 = VECTOR ( 'NONE', #1986, 1000.000000000000000 ) ;
#3692 = DIRECTION ( 'NONE',  ( -1.000000000000000000, 0.000000000000000000, 0.000000000000000000 ) ) ;
#3693 = DIRECTION ( 'NONE',  ( 0.000000000000000000, -1.000000000000000000, -0.000000000000000000 ) ) ;
#3694 = CARTESIAN_POINT ( 'NONE',  ( -0.9500000000000029532, 1.900000000000011013, -0.6999999999999992895 ) ) ;
#3695 = ORIENTED_EDGE ( 'NONE', *, *, #3336, .F. ) ;
#3696 = VERTEX_POINT ( 'NONE', #3132 ) ;
#3697 = FACE_OUTER_BOUND ( 'NONE', #157, .T. ) ;
#3698 = ORIENTED_EDGE ( 'NONE', *, *, #1390, .F. ) ;
#3699 = DIRECTION ( 'NONE',  ( 1.000000000000000000, 0.000000000000000000, 0.000000000000000000 ) ) ;
#3700 = DIRECTION ( 'NONE',  ( 0.000000000000000000, 0.000000000000000000, 1.000000000000000000 ) ) ;
#3701 = ADVANCED_FACE ( 'NONE', ( #3220 ), #3515, .T. ) ;
#3702 = EDGE_CURVE ( 'NONE', #2650, #1346, #1917, .T. ) ;
#3703 = CARTESIAN_POINT ( 'NONE',  ( -6.755428779221936075, -12.70511368984503342, 0.000000000000000000 ) ) ;
#3704 = CARTESIAN_POINT ( 'NONE',  ( -18.25000000000000355, -2.143131898507866325E-16, -1.399999999999988809 ) ) ;
#3705 = ORIENTED_EDGE ( 'NONE', *, *, #200, .T. ) ;
#3706 = CYLINDRICAL_SURFACE ( 'NONE', #2455, 0.9999999999999940048 ) ;
#3707 = CARTESIAN_POINT ( 'NONE',  ( 15.75000000000000711, 0.000000000000000000, 0.000000000000000000 ) ) ;
#3708 = CARTESIAN_POINT ( 'NONE',  ( 1.350000000000004086, 6.099999999999997868, -15.00000000000000000 ) ) ;
#3709 = CYLINDRICAL_SURFACE ( 'NONE', #946, 5.000000000000000888 ) ;
#3710 =( NAMED_UNIT ( * ) SI_UNIT ( $, .STERADIAN. ) SOLID_ANGLE_UNIT ( ) );
#3711 = DIRECTION ( 'NONE',  ( 0.7071067811865465735, -0.7071067811865483499, 0.000000000000000000 ) ) ;
#3712 = CARTESIAN_POINT ( 'NONE',  ( 7.784232728006455382, -0.3999999999999975797, -19.00000000000000000 ) ) ;
#3713 = LINE ( 'NONE', #2490, #329 ) ;
#3714 = CARTESIAN_POINT ( 'NONE',  ( -23.14999999999999858, 0.000000000000000000, 0.000000000000000000 ) ) ;
#3715 = ORIENTED_EDGE ( 'NONE', *, *, #593, .T. ) ;
#3716 = VECTOR ( 'NONE', #3009, 1000.000000000000000 ) ;
#3717 = EDGE_CURVE ( 'NONE', #1942, #859, #2350, .T. ) ;
#3718 = CARTESIAN_POINT ( 'NONE',  ( 6.755428779221936075, -12.70511368984503342, 0.000000000000000000 ) ) ;
#3719 = LINE ( 'NONE', #3427, #2931 ) ;
#3720 = PLANE ( 'NONE',  #3379 ) ;
#3721 = STYLED_ITEM ( 'NONE', ( #1267 ), #592 ) ;
#3722 = ADVANCED_FACE ( 'NONE', ( #204 ), #2512, .F. ) ;
#3723 = MECHANICAL_DESIGN_GEOMETRIC_PRESENTATION_REPRESENTATION (  '', ( #2580 ), #2006 ) ;
#3724 = DIRECTION ( 'NONE',  ( 0.8829475928589280986, -0.4694715627858885298, 0.000000000000000000 ) ) ;
#3725 = ORIENTED_EDGE ( 'NONE', *, *, #2292, .T. ) ;
#3726 = CARTESIAN_POINT ( 'NONE',  ( 8.184232728006463731, 0.2999999999999981570, -19.00000000000000000 ) ) ;
#3727 = DIRECTION ( 'NONE',  ( -0.000000000000000000, -0.8660254037844378194, -0.5000000000000014433 ) ) ;
#3728 = AXIS2_PLACEMENT_3D ( 'NONE', #1797, #1470, #844 ) ;
#3729 = VECTOR ( 'NONE', #2079, 999.9999999999998863 ) ;
#3730 = CARTESIAN_POINT ( 'NONE',  ( 14.00000000000000178, 2.511083665182844845E-15, -15.00000000000000000 ) ) ;
#3731 = CARTESIAN_POINT ( 'NONE',  ( -14.00000000000000355, -6.000000000000000000, -15.00000000000000000 ) ) ;
#3732 =( NAMED_UNIT ( * ) PLANE_ANGLE_UNIT ( ) SI_UNIT ( $, .RADIAN. ) );
#3733 = VERTEX_POINT ( 'NONE', #1387 ) ;
#3734 = VECTOR ( 'NONE', #732, 1000.000000000000114 ) ;
#3735 = VERTEX_POINT ( 'NONE', #431 ) ;
#3736 = DIRECTION ( 'NONE',  ( -0.000000000000000000, 1.000000000000000000, -0.000000000000000000 ) ) ;
#3737 = PRESENTATION_STYLE_ASSIGNMENT (( #1245 ) ) ;
#3738 = AXIS2_PLACEMENT_3D ( 'NONE', #3817, #2326, #3516 ) ;
#3739 = UNCERTAINTY_MEASURE_WITH_UNIT (LENGTH_MEASURE( 1.000000000000000082E-05 ), #966, 'distance_accuracy_value', 'NONE');
#3740 = VERTEX_POINT ( 'NONE', #2287 ) ;
#3741 = VECTOR ( 'NONE', #838, 999.9999999999998863 ) ;
#3742 = PLANE ( 'NONE',  #3468 ) ;
#3743 = DIRECTION ( 'NONE',  ( -0.000000000000000000, -0.000000000000000000, 1.000000000000000000 ) ) ;
#3744 = CIRCLE ( 'NONE', #1967, 0.5000000000000004441 ) ;
#3745 = EDGE_CURVE ( 'NONE', #2788, #1042, #1603, .T. ) ;
#3746 = ORIENTED_EDGE ( 'NONE', *, *, #3652, .T. ) ;
#3747 = LINE ( 'NONE', #97, #3093 ) ;
#3748 = ORIENTED_EDGE ( 'NONE', *, *, #3505, .T. ) ;
#3749 = DIRECTION ( 'NONE',  ( 1.000000000000000000, 0.000000000000000000, 0.000000000000000000 ) ) ;
#3750 = DIRECTION ( 'NONE',  ( 0.000000000000000000, 0.000000000000000000, -1.000000000000000000 ) ) ;
#3751 = EDGE_LOOP ( 'NONE', ( #2121, #2500, #3517, #2839 ) ) ;
#3752 = EDGE_CURVE ( 'NONE', #539, #1469, #1, .T. ) ;
#3753 = ADVANCED_FACE ( 'NONE', ( #2385 ), #3595, .F. ) ;
#3754 = VECTOR ( 'NONE', #2175, 1000.000000000000000 ) ;
#3755 = DIRECTION ( 'NONE',  ( 1.000000000000000000, 0.000000000000000000, 0.000000000000000000 ) ) ;
#3756 = ORIENTED_EDGE ( 'NONE', *, *, #130, .F. ) ;
#3757 = CARTESIAN_POINT ( 'NONE',  ( -7.784232728006462487, -4.399999999999995914, -0.6999999999999992895 ) ) ;
#3758 = VECTOR ( 'NONE', #2945, 1000.000000000000000 ) ;
#3759 = ORIENTED_EDGE ( 'NONE', *, *, #2779, .T. ) ;
#3760 = ORIENTED_EDGE ( 'NONE', *, *, #1617, .F. ) ;
#3761 = DIRECTION ( 'NONE',  ( 0.000000000000000000, 0.000000000000000000, -1.000000000000000000 ) ) ;
#3762 = CARTESIAN_POINT ( 'NONE',  ( 7.775126265847098317, 7.775126265847078777, 1.500000000000000000 ) ) ;
#3763 = ORIENTED_EDGE ( 'NONE', *, *, #3265, .F. ) ;
#3764 = CARTESIAN_POINT ( 'NONE',  ( -4.484232728006461777, 0.3000000000000000444, -19.00000000000000000 ) ) ;
#3765 = DIRECTION ( 'NONE',  ( 1.000000000000000000, -0.000000000000000000, -0.000000000000000000 ) ) ;
#3766 = ORIENTED_EDGE ( 'NONE', *, *, #3526, .F. ) ;
#3767 = PLANE ( 'NONE',  #2797 ) ;
#3768 = ORIENTED_EDGE ( 'NONE', *, *, #3390, .T. ) ;
#3769 = EDGE_CURVE ( 'NONE', #796, #3740, #353, .T. ) ;
#3770 = EDGE_CURVE ( 'NONE', #3801, #2255, #2988, .T. ) ;
#3771 = LINE ( 'NONE', #736, #3794 ) ;
#3772 = LINE ( 'NONE', #2281, #274 ) ;
#3773 = VERTEX_POINT ( 'NONE', #879 ) ;
#3774 = ORIENTED_EDGE ( 'NONE', *, *, #612, .F. ) ;
#3775 = ADVANCED_FACE ( 'NONE', ( #2086 ), #3301, .T. ) ;
#3776 = PLANE ( 'NONE',  #3161 ) ;
#3777 = CARTESIAN_POINT ( 'NONE',  ( 10.50000000000000355, -0.3999999999999958589, -12.49999999999999822 ) ) ;
#3778 = UNCERTAINTY_MEASURE_WITH_UNIT (LENGTH_MEASURE( 1.000000000000000082E-05 ), #1261, 'distance_accuracy_value', 'NONE');
#3779 = PRESENTATION_STYLE_ASSIGNMENT (( #3223 ) ) ;
#3780 = ORIENTED_EDGE ( 'NONE', *, *, #472, .T. ) ;
#3781 = MECHANICAL_DESIGN_GEOMETRIC_PRESENTATION_REPRESENTATION (  '', ( #503 ), #1189 ) ;
#3782 = FACE_OUTER_BOUND ( 'NONE', #126, .T. ) ;
#3783 = ORIENTED_EDGE ( 'NONE', *, *, #3410, .T. ) ;
#3784 = DIRECTION ( 'NONE',  ( 0.000000000000000000, 0.000000000000000000, 1.000000000000000000 ) ) ;
#3785 = ORIENTED_EDGE ( 'NONE', *, *, #3582, .F. ) ;
#3786 = VECTOR ( 'NONE', #1954, 1000.000000000000000 ) ;
#3787 = PLANE ( 'NONE',  #2332 ) ;
#3788 = APPLICATION_PROTOCOL_DEFINITION ( 'draft international standard', 'automotive_design', 1998, #309 ) ;
#3789 = LINE ( 'NONE', #3455, #2594 ) ;
#3790 = AXIS2_PLACEMENT_3D ( 'NONE', #2525, #1368, #2226 ) ;
#3791 = VERTEX_POINT ( 'NONE', #3004 ) ;
#3792 = EDGE_CURVE ( 'NONE', #1513, #1016, #1471, .T. ) ;
#3793 = VERTEX_POINT ( 'NONE', #2123 ) ;
#3794 = VECTOR ( 'NONE', #1052, 1000.000000000000000 ) ;
#3795 = DIRECTION ( 'NONE',  ( -0.000000000000000000, -0.000000000000000000, 1.000000000000000000 ) ) ;
#3796 = CARTESIAN_POINT ( 'NONE',  ( -25.00000000000000355, 2.400000000000007017, -22.35999999999999943 ) ) ;
#3797 = LINE ( 'NONE', #3777, #3551 ) ;
#3798 = CIRCLE ( 'NONE', #457, 0.9999999999999940048 ) ;
#3799 = EDGE_CURVE ( 'NONE', #3682, #402, #301, .T. ) ;
#3800 = AXIS2_PLACEMENT_3D ( 'NONE', #2143, #360, #378 ) ;
#3801 = VERTEX_POINT ( 'NONE', #2723 ) ;
#3802 = FACE_OUTER_BOUND ( 'NONE', #2134, .T. ) ;
#3803 = AXIS2_PLACEMENT_3D ( 'NONE', #239, #316, #2999 ) ;
#3804 =( NAMED_UNIT ( * ) SI_UNIT ( $, .STERADIAN. ) SOLID_ANGLE_UNIT ( ) );
#3805 = ORIENTED_EDGE ( 'NONE', *, *, #993, .T. ) ;
#3806 = LINE ( 'NONE', #3507, #88 ) ;
#3807 = ORIENTED_EDGE ( 'NONE', *, *, #1743, .F. ) ;
#3808 = CARTESIAN_POINT ( 'NONE',  ( 5.884232728006456803, -6.000000000000000000, -12.49999999999999822 ) ) ;
#3809 = CARTESIAN_POINT ( 'NONE',  ( 10.50000000000000355, -8.000000000000001776, 1.500000000000000000 ) ) ;
#3810 = VECTOR ( 'NONE', #35, 1000.000000000000000 ) ;
#3811 = ORIENTED_EDGE ( 'NONE', *, *, #1464, .F. ) ;
#3812 = ORIENTED_EDGE ( 'NONE', *, *, #1973, .F. ) ;
#3813 = EDGE_LOOP ( 'NONE', ( #1115, #3851, #2522, #3824, #1273 ) ) ;
#3814 = MECHANICAL_DESIGN_GEOMETRIC_PRESENTATION_REPRESENTATION (  '', ( #3182 ), #3495 ) ;
#3815 = LINE ( 'NONE', #2864, #2397 ) ;
#3816 = DIRECTION ( 'NONE',  ( 0.000000000000000000, 0.000000000000000000, 1.000000000000000000 ) ) ;
#3817 = CARTESIAN_POINT ( 'NONE',  ( 10.50000000000000355, -6.000000000000000000, -2.999999999999999112 ) ) ;
#3818 = AXIS2_PLACEMENT_3D ( 'NONE', #3044, #3882, #3901 ) ;
#3819 = ORIENTED_EDGE ( 'NONE', *, *, #2732, .T. ) ;
#3820 = CARTESIAN_POINT ( 'NONE',  ( -7.784232728006462487, -4.399999999999995914, -3.298076211353308640 ) ) ;
#3821 = EDGE_CURVE ( 'NONE', #1646, #1258, #581, .T. ) ;
#3822 = CARTESIAN_POINT ( 'NONE',  ( 0.000000000000000000, -4.399999999999995914, -0.6999999999999992895 ) ) ;
#3823 = ADVANCED_FACE ( 'NONE', ( #1164 ), #2683, .F. ) ;
#3824 = ORIENTED_EDGE ( 'NONE', *, *, #3898, .F. ) ;
#3825 = ORIENTED_EDGE ( 'NONE', *, *, #3101, .F. ) ;
#3826 = FACE_OUTER_BOUND ( 'NONE', #1989, .T. ) ;
#3827 = CIRCLE ( 'NONE', #2110, 0.9999999999999922284 ) ;
#3828 = VERTEX_POINT ( 'NONE', #339 ) ;
#3829 = DIRECTION ( 'NONE',  ( -1.000000000000000000, 0.000000000000000000, -0.000000000000000000 ) ) ;
#3830 = DIRECTION ( 'NONE',  ( 1.000000000000000000, 0.000000000000000000, 0.000000000000000000 ) ) ;
#3831 = VERTEX_POINT ( 'NONE', #1526 ) ;
#3832 = ORIENTED_EDGE ( 'NONE', *, *, #3633, .T. ) ;
#3833 = ORIENTED_EDGE ( 'NONE', *, *, #1563, .T. ) ;
#3834 = CARTESIAN_POINT ( 'NONE',  ( 7.784232728006455382, -0.3999999999999975797, -12.49999999999999822 ) ) ;
#3835 = LINE ( 'NONE', #3262, #2270 ) ;
#3836 = CARTESIAN_POINT ( 'NONE',  ( -9.184232728006460178, -5.099999999999998757, -19.00000000000000000 ) ) ;
#3837 = DIRECTION ( 'NONE',  ( 1.000000000000000000, 0.000000000000000000, 0.000000000000000000 ) ) ;
#3838 = SURFACE_SIDE_STYLE ('',( #185 ) ) ;
#3839 = SURFACE_SIDE_STYLE ('',( #229 ) ) ;
#3840 = ADVANCED_FACE ( 'NONE', ( #2446, #1756 ), #2964, .T. ) ;
#3841 = CARTESIAN_POINT ( 'NONE',  ( 20.00000000000000355, 0.000000000000000000, -3.000000000000000000 ) ) ;
#3842 = LINE ( 'NONE', #1786, #3236 ) ;
#3843 = ADVANCED_FACE ( 'NONE', ( #2162 ), #359, .F. ) ;
#3844 = EDGE_CURVE ( 'NONE', #237, #1629, #2484, .T. ) ;
#3845 = VECTOR ( 'NONE', #3324, 1000.000000000000000 ) ;
#3846 = VERTEX_POINT ( 'NONE', #2763 ) ;
#3847 = DIRECTION ( 'NONE',  ( 0.000000000000000000, 0.000000000000000000, -1.000000000000000000 ) ) ;
#3848 = DIRECTION ( 'NONE',  ( 0.000000000000000000, 0.000000000000000000, -1.000000000000000000 ) ) ;
#3849 = VERTEX_POINT ( 'NONE', #2200 ) ;
#3850 = VECTOR ( 'NONE', #3518, 1000.000000000000000 ) ;
#3851 = ORIENTED_EDGE ( 'NONE', *, *, #1907, .T. ) ;
#3852 = FACE_OUTER_BOUND ( 'NONE', #3877, .T. ) ;
#3853 = VECTOR ( 'NONE', #2669, 1000.000000000000114 ) ;
#3854 = FACE_OUTER_BOUND ( 'NONE', #3440, .T. ) ;
#3855 = CARTESIAN_POINT ( 'NONE',  ( 0.000000000000000000, -3.899999999999997691, -24.39999999999999858 ) ) ;
#3856 = DIRECTION ( 'NONE',  ( 1.000000000000000000, -0.000000000000000000, -0.000000000000000000 ) ) ;
#3857 = UNCERTAINTY_MEASURE_WITH_UNIT (LENGTH_MEASURE( 1.000000000000000082E-05 ), #2436, 'distance_accuracy_value', 'NONE');
#3858 = CIRCLE ( 'NONE', #76, 0.9999999999999940048 ) ;
#3859 = ORIENTED_EDGE ( 'NONE', *, *, #633, .F. ) ;
#3860 = DIRECTION ( 'NONE',  ( 0.000000000000000000, 0.000000000000000000, 1.000000000000000000 ) ) ;
#3861 = CARTESIAN_POINT ( 'NONE',  ( -25.00000000000000355, -2.399999999999998135, -21.35999999999999588 ) ) ;
#3862 = AXIS2_PLACEMENT_3D ( 'NONE', #3726, #435, #2214 ) ;
#3863 = CIRCLE ( 'NONE', #3672, 0.9999999999999922284 ) ;
#3864 = DIRECTION ( 'NONE',  ( 1.000000000000000000, -0.000000000000000000, -0.000000000000000000 ) ) ;
#3865 = ORIENTED_EDGE ( 'NONE', *, *, #3052, .F. ) ;
#3866 = EDGE_CURVE ( 'NONE', #2969, #2381, #63, .T. ) ;
#3867 = DIRECTION ( 'NONE',  ( -0.000000000000000000, 0.000000000000000000, 1.000000000000000000 ) ) ;
#3868 = MECHANICAL_DESIGN_GEOMETRIC_PRESENTATION_REPRESENTATION (  '', ( #1080 ), #656 ) ;
#3869 = ORIENTED_EDGE ( 'NONE', *, *, #3505, .F. ) ;
#3870 = AXIS2_PLACEMENT_3D ( 'NONE', #2254, #1683, #3467 ) ;
#3871 = VERTEX_POINT ( 'NONE', #677 ) ;
#3872 = ORIENTED_EDGE ( 'NONE', *, *, #2777, .T. ) ;
#3873 = LINE ( 'NONE', #1463, #202 ) ;
#3874 = EDGE_CURVE ( 'NONE', #2293, #856, #1546, .T. ) ;
#3875 = FACE_OUTER_BOUND ( 'NONE', #2666, .T. ) ;
#3876 = EDGE_CURVE ( 'NONE', #3494, #1976, #1175, .T. ) ;
#3877 = EDGE_LOOP ( 'NONE', ( #1518, #2503, #636, #253 ) ) ;
#3878 = VERTEX_POINT ( 'NONE', #2142 ) ;
#3879 = VERTEX_POINT ( 'NONE', #377 ) ;
#3880 = LINE ( 'NONE', #1160, #1199 ) ;
#3881 = DIRECTION ( 'NONE',  ( 1.000000000000000000, 0.000000000000000000, 0.000000000000000000 ) ) ;
#3882 = DIRECTION ( 'NONE',  ( 0.000000000000000000, 0.000000000000000000, -1.000000000000000000 ) ) ;
#3883 = DIRECTION ( 'NONE',  ( 0.000000000000000000, 0.000000000000000000, -1.000000000000000000 ) ) ;
#3884 = DIRECTION ( 'NONE',  ( 1.000000000000000000, 0.000000000000000000, 0.000000000000000000 ) ) ;
#3885 = CYLINDRICAL_SURFACE ( 'NONE', #3547, 0.9999999999999940048 ) ;
#3886 =( GEOMETRIC_REPRESENTATION_CONTEXT ( 3 ) GLOBAL_UNCERTAINTY_ASSIGNED_CONTEXT ( ( #1167 ) ) GLOBAL_UNIT_ASSIGNED_CONTEXT ( ( #783, #2582, #2325 ) ) REPRESENTATION_CONTEXT ( 'NONE', 'WORKASPACE' ) );
#3887 = ORIENTED_EDGE ( 'NONE', *, *, #446, .F. ) ;
#3888 =( NAMED_UNIT ( * ) PLANE_ANGLE_UNIT ( ) SI_UNIT ( $, .RADIAN. ) );
#3889 = ORIENTED_EDGE ( 'NONE', *, *, #1485, .T. ) ;
#3890 = DIRECTION ( 'NONE',  ( 0.000000000000000000, 0.000000000000000000, 1.000000000000000000 ) ) ;
#3891 = ORIENTED_EDGE ( 'NONE', *, *, #2755, .T. ) ;
#3892 = ORIENTED_EDGE ( 'NONE', *, *, #2748, .T. ) ;
#3893 = VERTEX_POINT ( 'NONE', #3139 ) ;
#3894 = CARTESIAN_POINT ( 'NONE',  ( 7.784232728006455382, 0.000000000000000000, -0.6999999999999992895 ) ) ;
#3895 = CARTESIAN_POINT ( 'NONE',  ( 0.000000000000000000, 0.000000000000000000, -0.6999999999999992895 ) ) ;
#3896 = ORIENTED_EDGE ( 'NONE', *, *, #1041, .T. ) ;
#3897 = ORIENTED_EDGE ( 'NONE', *, *, #2192, .F. ) ;
#3898 = EDGE_CURVE ( 'NONE', #454, #1665, #1411, .T. ) ;
#3899 = EDGE_CURVE ( 'NONE', #1042, #3588, #1566, .T. ) ;
#3900 = CARTESIAN_POINT ( 'NONE',  ( 12.50000000000000533, -6.000000000000000000, 1.500000000000000000 ) ) ;
#3901 = DIRECTION ( 'NONE',  ( -1.000000000000000000, 0.000000000000000000, 0.000000000000000000 ) ) ;
#3902 = FACE_OUTER_BOUND ( 'NONE', #2719, .T. ) ;
#3903 = UNCERTAINTY_MEASURE_WITH_UNIT (LENGTH_MEASURE( 1.000000000000000082E-05 ), #2452, 'distance_accuracy_value', 'NONE');
#3904 = EDGE_CURVE ( 'NONE', #2542, #3623, #3827, .T. ) ;
#3905 = EDGE_CURVE ( 'NONE', #2697, #2575, #3067, .T. ) ;
#3906 = CARTESIAN_POINT ( 'NONE',  ( -5.484232728006455559, 1.299999999999997380, -19.00000000000000000 ) ) ;
#3907 = CARTESIAN_POINT ( 'NONE',  ( -8.835786437626923728, 8.835786437626898859, -15.00000000000000000 ) ) ;
#3908 = ORIENTED_EDGE ( 'NONE', *, *, #1254, .F. ) ;
#3909 = DIRECTION ( 'NONE',  ( 0.000000000000000000, -1.000000000000000000, 0.000000000000000000 ) ) ;
#3910 = MANIFOLD_SOLID_BREP ( 'Chamfer4', #66 ) ;
#3911 = ORIENTED_EDGE ( 'NONE', *, *, #1441, .F. ) ;
#3912 = EDGE_LOOP ( 'NONE', ( #1723, #2919, #3456, #2163 ) ) ;
#3913 = CARTESIAN_POINT ( 'NONE',  ( 0.000000000000000000, 0.000000000000000000, -24.89999999999999858 ) ) ;
#3914 = CARTESIAN_POINT ( 'NONE',  ( -5.884232728006463908, -2.399999999999998135, -21.35999999999999588 ) ) ;
#3915 = ORIENTED_EDGE ( 'NONE', *, *, #1435, .T. ) ;
#3916 = VECTOR ( 'NONE', #1714, 1000.000000000000000 ) ;
#3917 = ORIENTED_EDGE ( 'NONE', *, *, #1562, .F. ) ;
#3918 = DIRECTION ( 'NONE',  ( -1.000000000000000000, 0.000000000000000000, 0.000000000000000000 ) ) ;
ENDSEC;
END-ISO-10303-21;
